date,low,high,open,coinbase_close,coinbase_volume
2021-06-17,38.219,40.5,40.5,39.25,202117.954
2021-06-18,35.0,39.45,39.321,36.842,471361.712
2021-06-19,34.977,37.361,36.875,35.2,263002.615
2021-06-20,31.324,35.954,35.2,35.271,287189.023
2021-06-21,26.0,35.532,35.286,26.625,836374.38
2021-06-22,20.181,28.773,26.631,26.982,1438737.713
2021-06-23,25.682,32.957,26.979,30.838,1145606.989
2021-06-24,28.477,33.0,30.851,31.187,883030.908
2021-06-25,27.93,32.98,31.201,28.646,646762.929
2021-06-26,26.72,30.121,28.6,29.739,469759.094
2021-06-27,29.205,31.98,29.739,31.92,431491.168
2021-06-28,31.01,34.323,31.935,33.013,459757.887
2021-06-29,32.655,35.829,33.033,33.963,553005.369
2021-06-30,31.602,36.0,33.951,35.565,754720.572
2021-07-01,32.182,35.601,35.545,33.29,541918.057
2021-07-02,31.408,34.1,33.28,33.991,458577.488
2021-07-03,33.26,35.392,33.991,34.558,261802.341
2021-07-04,33.582,35.504,34.536,34.332,243588.038
2021-07-05,32.45,34.479,34.304,32.92,250865.933
2021-07-06,32.909,35.048,32.922,34.217,348023.099
2021-07-07,33.83,38.1,34.213,36.718,902836.013
2021-07-08,32.586,36.962,36.678,33.161,656095.499
2021-07-09,32.0,34.43,33.163,33.335,342965.297
2021-07-10,31.069,34.223,33.3,31.722,317809.595
2021-07-11,31.368,32.551,31.716,32.2,229085.018
2021-07-12,30.0,32.686,32.191,30.749,330887.037
2021-07-13,28.831,31.09,30.792,29.15,338740.808
2021-07-14,27.442,31.468,29.173,31.349,384559.63
2021-07-15,28.0,31.5,31.33,28.594,488220.773
2021-07-16,26.204,29.48,28.575,26.296,336913.017
2021-07-17,26.0,27.822,26.291,26.764,371501.752
2021-07-18,26.265,27.753,26.743,26.696,187697.59
2021-07-19,24.0,26.711,26.711,24.524,704230.827
2021-07-20,22.139,24.993,24.539,23.472,684942.446
2021-07-21,22.818,27.476,23.489,26.691,648433.046
2021-07-22,25.935,28.193,26.702,27.713,533994.037
2021-07-23,26.404,28.704,27.706,28.539,473682.475
2021-07-24,28.036,29.508,28.554,28.65,407701.845
2021-07-25,26.556,28.896,28.652,28.253,450179.708
2021-07-26,27.883,31.103,28.26,28.196,1209188.418
2021-07-27,26.909,29.013,28.2,28.158,704029.709
2021-07-28,27.38,28.782,28.152,27.899,600058.97
2021-07-29,27.33,31.935,27.894,31.295,604801.5
2021-07-30,29.998,33.082,31.309,32.41,995658.776
2021-07-31,31.705,37.0,32.389,36.759,906618.344
2021-08-01,33.276,36.866,36.8,34.198,659610.671
2021-08-02,33.03,35.93,34.162,33.187,731191.72
2021-08-03,32.36,35.878,33.227,34.116,795903.493
2021-08-04,33.268,36.662,34.116,35.794,733114.835
2021-08-05,35.483,38.28,35.779,37.398,830964.109
2021-08-06,35.672,40.453,37.427,39.513,709576.505
2021-08-07,37.571,40.496,39.52,39.516,600846.645
2021-08-08,36.92,39.594,39.506,37.689,383241.282
2021-08-09,36.382,40.023,37.69,38.676,480575.521
2021-08-10,38.222,41.768,38.679,40.691,637857.285
2021-08-11,40.634,43.749,40.691,41.65,705570.472
2021-08-12,39.286,43.49,41.653,41.102,771888.11
2021-08-13,40.702,44.963,41.126,44.9,899382.997
2021-08-14,42.8,44.906,44.885,44.178,356870.109
2021-08-15,43.427,54.778,44.201,53.556,2003802.362
2021-08-16,52.3,69.8,53.565,62.055,3983494.186
2021-08-17,58.677,75.0,62.087,64.169,4654781.901
2021-08-18,59.772,80.55,64.209,72.736,5284962.631
2021-08-19,68.339,75.496,72.703,72.831,2780702.829
2021-08-20,70.926,80.0,72.803,78.746,2237442.953
2021-08-21,72.672,82.044,78.72,73.937,1561200.394
2021-08-22,71.321,77.64,73.896,72.809,919777.031
2021-08-23,71.548,76.783,72.811,75.655,1353786.018
2021-08-24,68.595,79.467,75.655,70.591,2213179.66
2021-08-25,66.151,72.82,70.503,71.986,1664086.031
2021-08-26,66.254,78.372,72.0,74.823,3107777.074
2021-08-27,72.577,88.881,74.905,88.053,2938270.348
2021-08-28,85.634,98.0,88.087,96.246,2092854.72
2021-08-29,90.403,97.836,96.254,94.287,1382531.706
2021-08-30,93.722,116.6,94.305,110.347,4791434.929
2021-08-31,103.099,130.066,110.347,108.29,6557518.475
2021-09-01,105.96,119.68,108.29,110.671,3442549.797
2021-09-02,109.203,132.162,110.674,128.346,3311427.776
2021-09-03,128.174,149.062,128.339,146.524,4579017.233
2021-09-04,135.681,150.721,146.487,138.998,2581545.357
2021-09-05,135.011,145.258,139.01,142.138,1848408.649
2021-09-06,137.512,166.206,142.137,164.316,3112382.442
2021-09-07,134.242,200.0,164.377,173.4,9199937.041
2021-09-08,146.69,198.0,173.4,191.03,6756738.524
2021-09-09,180.901,216.47,190.927,187.908,6536735.823
2021-09-10,167.808,197.489,187.907,179.51,4013536.024
2021-09-11,175.3,193.775,179.557,179.122,2638639.869
2021-09-12,170.175,181.675,179.122,174.272,1620970.25
2021-09-13,150.331,175.153,174.288,169.797,4089808.101
2021-09-14,142.0,171.95,169.57,158.64,4242412.34
2021-09-15,153.75,166.386,158.64,158.433,2604815.418
2021-09-16,147.254,162.95,158.478,152.043,2056945.058
2021-09-17,134.1,153.341,152.018,147.592,3754629.705
2021-09-18,144.2,171.726,147.619,169.336,3950219.334
2021-09-19,150.66,171.06,169.391,152.842,2365355.373
2021-09-20,130.275,153.432,152.81,132.567,4576526.507
2021-09-21,116.0,144.653,132.622,124.3,4647220.266
2021-09-22,122.105,152.408,124.219,148.197,4596483.091
2021-09-23,143.021,152.477,148.19,150.034,2203577.139
2021-09-24,128.0,151.421,150.0,139.308,2948981.097
2021-09-25,133.554,144.09,139.272,136.117,1164823.189
2021-09-26,125.0,140.888,136.109,135.698,1490127.859
2021-09-27,133.75,149.0,135.632,136.35,1726577.772
2021-09-28,128.167,139.484,136.378,132.182,1352512.649
2021-09-29,131.101,140.156,132.214,135.304,1627779.074
2021-09-30,134.069,142.951,135.241,141.358,1465567.481
2021-10-01,138.242,165.0,141.358,161.649,2216533.667
2021-10-02,156.24,175.108,161.682,168.979,1698493.988
2021-10-03,165.537,177.935,169.057,173.129,1326862.196
2021-10-04,162.102,173.151,173.15,167.212,1442327.633
2021-10-05,160.0,170.25,167.231,164.623,1500271.579
2021-10-06,150.29,165.527,164.679,153.922,2138586.249
2021-10-07,150.35,161.5,153.949,154.338,1709809.442
2021-10-08,152.368,169.0,154.355,158.833,1679953.047
2021-10-09,154.23,161.581,158.858,156.827,1039124.53
2021-10-10,145.67,158.554,156.783,147.624,868755.423
2021-10-11,140.175,154.0,147.637,144.853,1380478.104
2021-10-12,137.66,153.626,144.854,152.452,2273847.701
2021-10-13,144.344,155.549,152.441,148.039,1172944.074
2021-10-14,147.318,155.65,148.068,150.016,1147763.989
2021-10-15,146.75,165.268,150.026,163.214,1745195.785
2021-10-16,156.578,164.766,163.193,157.562,663795.43
2021-10-17,153.2,167.5,157.615,160.097,934358.565
2021-10-18,155.0,162.952,160.132,157.15,770654.878
2021-10-19,153.183,159.4,157.125,155.85,701464.136
2021-10-20,155.144,176.89,155.852,176.787,1543942.471
2021-10-21,176.759,194.415,176.759,190.473,3159255.295
2021-10-22,188.025,215.0,190.501,196.247,3388534.536
2021-10-23,192.017,205.719,196.246,197.707,1343191.296
2021-10-24,185.313,205.0,197.71,202.304,1541736.74
2021-10-25,198.127,218.97,202.303,209.6,1982476.011
2021-10-26,196.446,214.163,209.585,199.857,1686387.215
2021-10-27,179.761,205.599,199.911,184.682,2409699.187
2021-10-28,181.75,201.561,184.682,195.377,1854736.75
2021-10-29,194.627,205.307,195.481,200.439,1263193.234
2021-10-30,187.51,200.687,200.428,195.913,890535.465
2021-10-31,185.584,205.264,195.924,202.673,1261559.945
2021-11-01,197.85,211.687,202.673,204.035,1629045.016
2021-11-02,201.024,222.428,204.061,221.168,1588257.618
2021-11-03,216.003,246.884,221.031,243.553,2683716.258
2021-11-04,234.421,250.566,243.525,247.244,1905230.547
2021-11-05,230.537,248.622,247.202,236.364,1200989.781
2021-11-06,235.016,260.0,236.306,258.763,1398599.741
2021-11-07,245.8,258.926,258.764,249.808,1032555.641
2021-11-08,240.583,253.391,249.807,248.422,1451021.989
2021-11-09,237.536,253.259,248.354,239.045,1299758.057
2021-11-10,217.0,248.163,239.045,233.277,1713405.863
2021-11-11,229.508,246.49,233.2,233.498,1187779.661
2021-11-12,221.0,239.0,233.477,228.53,1241944.182
2021-11-13,224.919,242.098,228.486,241.776,972796.74
2021-11-14,230.481,242.07,241.718,238.702,883162.651
2021-11-15,234.316,246.382,238.735,238.218,1106931.928
2021-11-16,214.469,238.219,238.217,219.155,1744298.106
2021-11-17,209.943,222.525,219.191,219.044,1535925.221
2021-11-18,186.77,222.886,219.04,195.252,2542061.849
2021-11-19,189.266,220.0,195.265,215.385,1735514.617
2021-11-20,206.0,221.374,215.441,217.865,912974.488
2021-11-21,210.622,235.584,217.865,230.785,1263272.834
2021-11-22,211.757,232.269,230.752,215.788,1516214.968
2021-11-23,211.0,226.193,215.768,221.97,996750.961
2021-11-24,200.14,222.073,221.971,205.685,1328554.69
2021-11-25,202.054,216.5,205.752,210.139,1140446.083
2021-11-26,182.91,210.647,210.124,192.541,1795806.773
2021-11-27,190.627,199.511,192.481,192.952,900431.578
2021-11-28,181.067,203.009,192.942,200.907,1111076.894
2021-11-29,199.863,212.993,200.838,204.187,1358697.217
2021-11-30,199.711,218.549,204.205,208.676,1473322.714
2021-12-01,207.821,232.492,208.716,229.928,1916110.501
2021-12-02,220.113,243.564,229.928,233.845,1719258.938
2021-12-03,204.12,239.609,233.808,211.757,1971563.509
2021-12-04,176.0,213.0,211.701,201.114,2648346.229
2021-12-05,181.5,204.78,201.102,196.687,1710785.646
2021-12-06,176.45,197.875,196.758,193.751,2062628.303
2021-12-07,188.06,204.338,193.721,190.366,1738173.838
2021-12-08,183.76,196.506,190.417,194.792,1707539.478
2021-12-09,178.775,196.818,194.792,181.45,1346359.338
2021-12-10,167.45,184.72,181.46,167.77,1335781.798
2021-12-11,161.51,173.88,167.63,172.16,1259115.513
2021-12-12,167.8,176.95,172.27,172.93,792419.535
2021-12-13,148.03,172.98,172.93,155.19,2224126.918
2021-12-14,149.65,163.36,155.19,161.38,1763261.675
2021-12-15,156.94,186.0,161.34,178.57,2218266.499
2021-12-16,174.11,189.61,178.59,176.94,1456114.276
2021-12-17,168.03,182.51,176.92,175.55,1462028.527
2021-12-18,171.01,184.39,175.58,182.91,762711.591
2021-12-19,178.31,189.42,182.91,179.95,708599.394
2021-12-20,168.3,181.32,179.99,174.06,1184480.85
2021-12-21,170.27,182.78,174.06,179.75,1095742.741
2021-12-22,177.12,187.56,179.75,178.45,1420559.727
2021-12-23,175.66,193.76,178.45,190.07,1203505.033
2021-12-24,184.1,197.59,190.11,190.65,1139099.939
2021-12-25,189.26,195.5,190.66,193.06,728943.776
2021-12-26,190.31,200.69,193.1,198.0,651526.772
2021-12-27,194.83,204.9,198.0,195.74,684157.58
2021-12-28,176.23,195.77,195.77,177.27,1645166.555
2021-12-29,170.05,180.65,177.32,170.64,1052634.264
2021-12-30,168.07,175.79,170.63,172.52,832588.309
2021-12-31,167.63,177.7,172.52,169.88,1027181.499
2022-01-01,169.93,179.25,169.98,179.21,668801.918
2022-01-02,174.41,179.56,179.19,176.32,454754.536
2022-01-03,166.73,176.46,176.33,170.13,616180.271
2022-01-04,166.5,173.88,170.19,167.72,609318.067
2022-01-05,145.0,171.34,167.72,154.44,1428526.991
2022-01-06,145.76,154.82,154.47,150.23,1335911.439
2022-01-07,133.31,150.73,150.26,136.37,1985727.527
2022-01-08,133.0,148.14,136.38,142.17,1482968.877
2022-01-09,137.87,145.71,142.11,140.83,774949.672
2022-01-10,130.0,143.76,140.82,135.89,1406373.762
2022-01-11,133.6,143.57,135.89,140.27,1082174.284
2022-01-12,138.29,153.4,140.27,151.56,1264515.147
2022-01-13,145.56,157.94,151.56,146.24,1051991.274
2022-01-14,142.0,150.65,146.21,146.17,923441.925
2022-01-15,144.0,149.6,146.17,147.78,654293.685
2022-01-16,146.16,152.0,147.71,147.98,558143.511
2022-01-17,137.14,148.3,148.02,139.85,834016.223
2022-01-18,134.34,143.04,139.86,141.35,788958.148
2022-01-19,132.8,142.79,141.4,135.33,870615.327
2022-01-20,126.0,143.96,135.34,127.52,1033466.745
2022-01-21,106.0,131.95,127.52,112.32,3664908.809
2022-01-22,88.25,114.27,112.34,94.78,3819600.91
2022-01-23,93.36,104.83,94.79,99.82,2076423.608
2022-01-24,80.83,99.95,99.79,91.96,4000160.424
2022-01-25,87.45,100.24,91.95,94.76,2346730.741
2022-01-26,89.26,104.85,94.77,92.18,2788797.827
2022-01-27,85.65,94.7,92.17,89.55,2302786.261
2022-01-28,87.21,93.58,89.55,91.35,1948462.461
2022-01-29,90.59,99.01,91.34,96.25,1393732.487
2022-01-30,91.46,97.63,96.24,93.31,869103.443
2022-01-31,88.95,101.41,93.29,99.52,1849697.043
2022-02-01,99.04,113.89,99.57,110.1,2923656.19
2022-02-02,96.87,112.48,110.11,101.99,2936803.929
2022-02-03,94.07,103.22,101.97,101.93,1997899.761
2022-02-04,100.36,112.9,101.93,112.69,2073025.293
2022-02-05,110.29,118.69,112.68,113.8,1453882.683
2022-02-06,111.51,116.11,113.78,115.32,729482.205
2022-02-07,112.81,121.99,115.37,117.62,1626448.566
2022-02-08,109.68,120.4,117.64,113.58,1597102.223
2022-02-09,109.35,117.22,113.56,114.04,1085178.663
2022-02-10,105.64,114.98,114.07,106.25,1356677.153
2022-02-11,95.17,108.59,106.24,96.5,1963777.687
2022-02-12,92.78,99.93,96.5,95.95,957223.752
2022-02-13,91.38,97.41,95.99,92.92,732921.459
2022-02-14,90.79,97.97,92.89,96.43,1202598.173
2022-02-15,96.35,105.86,96.43,105.61,1241413.09
2022-02-16,98.28,105.67,105.63,101.94,1112350.976
2022-02-17,92.38,102.88,101.92,93.56,1047996.018
2022-02-18,89.29,96.45,93.62,89.9,1008445.149
2022-02-19,88.69,92.79,89.88,91.34,544366.872
2022-02-20,85.62,93.96,91.34,90.78,1048000.211
2022-02-21,82.69,96.16,90.77,82.97,1582025.168
2022-02-22,81.0,87.71,83.0,86.43,1381458.943
2022-02-23,84.41,93.42,86.46,84.64,1395297.483
2022-02-24,75.36,93.69,84.64,89.41,2892979.566
2022-02-25,86.87,95.04,89.41,92.84,1622465.982
2022-02-26,89.28,95.2,92.81,90.32,901920.112
2022-02-27,84.1,92.24,90.32,85.7,1032013.604
2022-02-28,84.19,102.65,85.68,99.74,1946030.634
2022-03-01,94.29,102.1,99.76,98.7,1897344.742
2022-03-02,96.81,106.45,98.7,100.73,1881472.326
2022-03-03,93.99,101.73,100.75,95.61,1139796.416
2022-03-04,86.95,95.97,95.6,88.32,1167506.936
2022-03-05,86.0,91.24,88.34,89.62,617749.912
2022-03-06,84.09,89.95,89.61,84.57,566883.891
2022-03-07,80.0,86.73,84.59,81.66,1102085.663
2022-03-08,81.31,85.35,81.65,82.35,928245.38
2022-03-09,81.92,89.93,82.34,88.1,1283886.667
2022-03-10,80.77,88.65,88.07,82.92,1057641.281
2022-03-11,80.09,84.37,82.92,80.7,900378.73
2022-03-12,80.57,82.78,80.71,81.44,371641.908
2022-03-13,77.74,83.33,81.44,78.75,558078.334
2022-03-14,78.02,82.28,78.75,81.24,775099.562
2022-03-15,78.78,86.02,81.22,82.85,853443.184
2022-03-16,81.53,88.02,82.85,87.82,1126479.271
2022-03-17,86.62,91.09,87.84,87.88,1106069.744
2022-03-18,84.5,92.45,87.89,89.87,1176382.856
2022-03-19,89.28,94.63,89.88,92.39,943847.218
2022-03-20,87.87,92.61,92.38,88.64,667407.406
2022-03-21,86.79,91.32,88.64,88.62,897871.126
2022-03-22,88.0,94.0,88.6,90.48,992507.294
2022-03-23,89.17,96.34,90.47,94.87,1260667.232
2022-03-24,93.43,103.77,94.9,102.38,2062946.255
2022-03-25,96.75,104.89,102.38,98.63,1516183.924
2022-03-26,97.65,103.43,98.62,101.79,716407.603
2022-03-27,98.82,107.5,101.81,107.09,838320.181
2022-03-28,105.14,113.87,107.09,105.84,1741882.056
2022-03-29,105.52,115.7,105.83,111.64,1647686.314
2022-03-30,107.07,125.27,111.66,120.79,2190231.665
2022-03-31,119.96,129.6,120.8,122.86,1986655.349
2022-04-01,117.5,138.46,122.83,134.55,2236695.345
2022-04-02,131.31,143.57,134.55,132.61,1557131.515
2022-04-03,130.62,141.05,132.55,136.94,1090905.579
2022-04-04,125.84,138.28,136.93,132.16,1485443.685
2022-04-05,126.01,136.68,132.19,126.9,1207150.956
2022-04-06,112.14,127.44,126.9,112.94,2080805.766
2022-04-07,110.93,119.96,112.9,118.52,1383645.112
2022-04-08,108.11,122.48,118.44,109.97,1322246.277
2022-04-09,108.3,113.71,109.98,112.99,632226.993
2022-04-10,109.81,116.07,113.02,111.07,646989.292
2022-04-11,98.13,111.99,111.05,99.7,1691681.478
2022-04-12,98.39,109.44,99.64,103.31,1556051.358
2022-04-13,100.03,106.08,103.29,104.95,964772.361
2022-04-14,98.56,107.71,104.98,100.76,1048844.817
2022-04-15,99.54,102.9,100.78,101.39,555844.153
2022-04-16,100.8,103.49,101.39,102.08,415184.752
2022-04-17,99.66,105.47,102.08,100.18,508933.192
2022-04-18,94.69,102.68,100.15,102.39,973263.719
2022-04-19,101.08,108.88,102.36,108.55,1018046.98
2022-04-20,104.27,110.95,108.53,105.59,1023366.946
2022-04-21,99.93,110.0,105.6,101.78,1432875.432
2022-04-22,99.18,103.55,101.78,100.55,842001.329
2022-04-23,98.38,102.94,100.54,100.66,400262.459
2022-04-24,98.62,102.26,100.66,99.25,386782.327
2022-04-25,94.42,101.64,99.26,100.99,869479.773
2022-04-26,94.66,102.0,100.99,95.74,750029.796
2022-04-27,94.9,100.76,95.74,98.35,747646.993
2022-04-28,96.32,100.55,98.35,98.22,707055.788
2022-04-29,92.28,98.67,98.2,93.91,838274.987
2022-04-30,82.08,94.96,93.91,84.69,805595.886
2022-05-01,84.19,93.11,84.69,89.65,970718.225
2022-05-02,85.06,90.88,89.65,87.45,928309.702
2022-05-03,84.47,88.79,87.47,85.85,637294.21
2022-05-04,85.46,93.08,85.85,92.76,955125.782
2022-05-05,81.24,95.18,92.76,84.52,1465406.092
2022-05-06,80.0,84.82,84.52,81.66,1604726.333
2022-05-07,77.12,82.3,81.66,78.83,781297.866
2022-05-08,73.68,79.39,78.85,75.34,1166313.241
2022-05-09,61.69,77.19,75.33,62.13,3288158.16
2022-05-10,60.06,74.09,62.11,66.86,3955658.554
2022-05-11,43.1,68.42,66.88,50.82,6151638.736
2022-05-12,36.34,55.77,50.81,44.65,5606361.896
2022-05-13,43.82,57.0,44.65,48.89,4120711.949
2022-05-14,45.82,53.8,48.89,52.37,1892179.899
2022-05-15,49.56,59.24,52.39,58.82,1771533.758
2022-05-16,51.76,58.78,58.78,53.69,2133262.408
2022-05-17,53.0,58.19,53.74,57.02,1752398.912
2022-05-18,49.36,57.82,56.98,49.87,2225836.024
2022-05-19,48.19,54.0,49.86,52.13,2462533.38
2022-05-20,47.75,53.59,52.14,49.37,2318426.011
2022-05-21,48.35,51.17,49.37,50.25,1028955.913
2022-05-22,49.62,53.11,50.24,52.44,1060895.333
2022-05-23,48.57,54.65,52.42,49.11,2021892.629
2022-05-24,47.01,50.8,49.11,49.64,2592121.87
2022-05-25,47.51,50.5,49.62,47.94,1540229.238
2022-05-26,41.65,48.6,47.91,43.42,3092451.31
2022-05-27,39.93,43.91,43.4,41.09,4009076.771
2022-05-28,40.19,45.04,41.13,44.2,1840898.45
2022-05-29,41.76,45.62,44.18,44.91,2309313.865
2022-05-30,44.22,48.37,44.94,47.2,2818184.08
2022-05-31,44.53,48.18,47.18,45.75,2839817.303
2022-06-01,39.56,46.16,45.75,40.1,2979253.261
2022-06-02,38.1,41.61,40.1,40.82,3031513.309
2022-06-03,37.59,41.51,40.83,38.23,2686200.852
2022-06-04,35.66,39.48,38.24,38.99,2191729.416
2022-06-05,37.81,40.21,38.98,38.49,1739674.922
2022-06-06,38.29,44.84,38.48,42.35,3792602.761
2022-06-07,37.4,42.5,42.35,39.28,3619479.251
2022-06-08,38.26,40.92,39.29,38.79,2296147.662
2022-06-09,38.41,42.04,38.81,39.93,2072006.692
2022-06-10,36.71,40.88,39.92,37.14,2358837.817
2022-06-11,33.14,37.9,37.14,33.91,2257632.25
2022-06-12,30.52,34.62,33.9,30.56,3030810.842
2022-06-13,26.0,31.07,30.55,28.58,7468654.772
2022-06-14,25.84,32.23,28.56,29.54,5543109.615
2022-06-15,26.74,34.79,29.55,34.72,5290765.187
2022-06-16,29.5,36.0,34.72,30.1,4183707.674
2022-06-17,29.23,32.1,30.07,30.69,2519513.821
2022-06-18,27.1,32.04,30.69,32.01,3124460.855
2022-06-19,28.67,35.32,32.03,34.15,2606604.954
2022-06-20,31.67,36.86,34.16,35.22,3001493.08
2022-06-21,34.18,39.2,35.22,36.36,2810329.366
2022-06-22,33.59,36.86,36.39,34.1,2731513.354
2022-06-23,33.89,38.6,34.11,38.13,2780846.364
2022-06-24,37.64,42.9,38.13,41.88,2560486.103
2022-06-25,39.71,42.6,41.85,42.2,1549750.328
2022-06-26,39.15,42.46,42.22,39.39,1827619.155
2022-06-27,37.85,41.25,39.39,38.5,1971250.281
2022-06-28,35.04,39.86,38.46,35.3,2473840.73
2022-06-29,33.04,36.07,35.29,33.95,3015140.842
2022-06-30,30.79,34.16,34.03,33.74,3236065.933
2022-07-01,31.78,35.38,33.75,32.82,3200905.855
2022-07-02,31.82,34.1,32.81,33.33,1212267.288
2022-07-03,32.11,33.65,33.33,33.36,844106.869
2022-07-04,32.4,36.92,33.35,36.69,1606509.06
2022-07-05,33.1,36.94,36.68,35.37,2771486.134
2022-07-06,34.74,37.61,35.37,37.01,2177614.016
2022-07-07,36.35,39.29,37.02,38.43,1930729.754
2022-07-08,36.42,39.7,38.45,38.1,2103760.695
2022-07-09,37.73,38.91,38.12,38.08,1003186.813
2022-07-10,36.15,38.17,38.05,36.69,862822.585
2022-07-11,33.22,36.73,36.69,33.41,1860464.77
2022-07-12,32.57,34.58,33.4,32.66,1540873.392
2022-07-13,31.75,35.07,32.66,34.94,2334630.743
2022-07-14,33.55,37.28,34.93,37.12,2807539.524
2022-07-15,36.49,39.09,37.11,37.37,2307841.877
2022-07-16,36.35,40.55,37.36,39.6,1951738.613
2022-07-17,38.28,41.08,39.57,38.63,1983918.227
2022-07-18,38.54,44.08,38.59,43.55,2946469.767
2022-07-19,42.55,47.4,43.56,44.88,3735774.187
2022-07-20,41.05,46.34,44.86,42.05,3828173.241
2022-07-21,39.65,44.06,42.03,43.1,3732499.872
2022-07-22,40.03,44.34,43.09,40.55,2514775.472
2022-07-23,38.58,41.94,40.55,39.98,1743196.352
2022-07-24,39.47,42.12,39.98,40.94,1308475.081
2022-07-25,36.56,41.11,40.93,36.64,2496118.191
2022-07-26,34.68,36.83,36.66,36.29,2259247.957
2022-07-27,35.69,40.57,36.29,40.24,2566122.991
2022-07-28,39.06,44.19,40.23,42.93,3152615.345
2022-07-29,41.13,44.46,42.94,41.94,2237481.038
2022-07-30,41.45,46.72,41.92,43.84,2469748.859
2022-07-31,42.25,45.25,43.86,42.38,1423055.212
2022-08-01,40.58,43.29,42.37,41.67,1527838.856
2022-08-02,39.5,42.46,41.67,39.81,1608604.32
2022-08-03,37.48,41.11,39.81,38.55,4046294.278
2022-08-04,37.91,39.84,38.54,38.82,1686158.999
2022-08-05,38.7,41.37,38.83,40.54,1639176.512
2022-08-06,39.82,40.92,40.57,40.07,714034.396
2022-08-07,39.22,41.58,40.07,40.62,804147.693
2022-08-08,40.56,43.71,40.62,42.2,1422832.348
2022-08-09,39.75,42.76,42.18,40.35,1322118.853
2022-08-10,39.14,42.86,40.34,42.5,1948219.87
2022-08-11,42.32,45.4,42.48,42.8,1875571.03
2022-08-12,42.15,45.53,42.8,45.5,1539437.128
2022-08-13,45.3,48.39,45.53,46.63,2101318.236
2022-08-14,44.49,48.09,46.64,44.89,1503386.665
2022-08-15,42.67,47.25,44.87,43.72,2103918.573
2022-08-16,42.55,44.32,43.73,43.09,1472622.283
2022-08-17,40.18,44.74,43.08,40.55,2600144.556
2022-08-18,39.34,41.68,40.54,39.51,1777087.918
2022-08-19,35.25,39.6,39.5,35.82,4104718.773
2022-08-20,34.21,37.27,35.8,35.29,3085537.35
2022-08-21,34.5,37.05,35.29,36.48,2257083.742
2022-08-22,33.76,36.55,36.48,35.43,2479475.824
2022-08-23,34.24,36.1,35.43,35.67,1474061.897
2022-08-24,34.3,36.42,35.67,34.88,1620080.182
2022-08-25,34.86,36.49,34.89,35.25,1352145.129
2022-08-26,31.38,35.81,35.25,31.74,2293457.131
2022-08-27,30.88,32.27,31.75,31.54,1350999.279
2022-08-28,30.19,32.22,31.53,30.45,1074326.265
2022-08-29,30.01,32.67,30.42,32.41,1928017.516
2022-08-30,30.63,33.16,32.42,31.48,1934635.059
2022-08-31,31.18,32.97,31.48,31.5,1416589.217
2022-09-01,30.33,31.79,31.5,31.62,1049100.593
2022-09-02,30.77,32.4,31.62,31.24,1130616.327
2022-09-03,30.81,31.29,31.24,31.12,553253.522
2022-09-04,31.03,32.2,31.12,32.17,579463.366
2022-09-05,31.14,32.52,32.16,32.18,749872.35
2022-09-06,30.44,33.88,32.18,30.87,1682690.16
2022-09-07,30.31,32.96,30.88,32.7,1058430.671
2022-09-08,32.0,33.98,32.69,33.62,1108485.712
2022-09-09,33.59,35.99,33.62,34.69,1734172.376
2022-09-10,34.28,35.43,34.69,35.07,913891.919
2022-09-11,34.07,36.03,35.07,35.01,946792.099
2022-09-12,34.42,38.37,35.0,37.46,1976355.992
2022-09-13,32.93,38.99,37.43,33.01,2511479.042
2022-09-14,32.7,34.35,33.01,34.12,1160674.361
2022-09-15,32.42,34.92,34.11,33.07,1136770.838
2022-09-16,31.5,33.26,33.08,32.23,1108193.839
2022-09-17,32.21,33.89,32.23,33.69,515266.684
2022-09-18,30.87,33.99,33.71,31.1,853714.325
2022-09-19,30.5,33.09,31.1,32.65,1305919.29
2022-09-20,31.3,32.89,32.64,31.42,1054722.436
2022-09-21,30.04,33.48,31.43,30.68,1646186.945
2022-09-22,30.58,32.86,30.67,32.42,1103000.076
2022-09-23,31.2,33.96,32.41,33.66,1629198.201
2022-09-24,33.13,34.76,33.67,33.38,1351967.919
2022-09-25,31.87,34.04,33.39,32.33,1040971.341
2022-09-26,31.86,33.97,32.32,33.89,1559340.038
2022-09-27,32.06,35.44,33.89,32.68,2082816.254
2022-09-28,31.62,33.81,32.69,33.24,1604988.81
2022-09-29,32.64,34.43,33.25,33.93,1554260.932
2022-09-30,32.62,35.22,33.94,33.26,2012025.12
2022-10-01,32.36,33.25,33.25,32.44,730202.408
2022-10-02,31.9,33.03,32.44,32.05,937771.987
2022-10-03,31.74,33.27,32.05,32.9,1231914.347
2022-10-04,32.84,34.43,32.9,34.1,1165281.59
2022-10-05,33.2,34.39,34.11,34.05,1302703.128
2022-10-06,33.24,34.5,34.04,33.37,1438451.589
2022-10-07,32.43,33.78,33.36,32.96,1107845.75
2022-10-08,32.36,33.07,32.96,32.57,612258.418
2022-10-09,32.45,33.14,32.58,32.93,472428.224
2022-10-10,31.88,33.46,32.92,31.95,893992.194
2022-10-11,30.42,31.95,31.95,30.8,1134335.169
2022-10-12,30.67,31.54,30.79,31.16,581185.337
2022-10-13,27.75,31.21,31.15,30.49,2271300.154
2022-10-14,29.62,31.98,30.49,29.99,1286710.556
2022-10-15,29.43,30.21,29.99,29.6,631394.375
2022-10-16,29.56,30.53,29.59,30.15,391930.898
2022-10-17,29.83,31.29,30.16,31.22,790359.204
2022-10-18,29.73,31.49,31.22,30.15,1067640.461
2022-10-19,28.61,30.27,30.14,28.85,875877.795
2022-10-20,27.97,29.47,28.86,28.01,1211955.443
2022-10-21,26.84,28.3,28.01,28.11,1342457.044
2022-10-22,27.49,28.24,28.11,28.02,475932.31
2022-10-23,27.74,29.43,28.02,29.29,731958.428
2022-10-24,28.16,29.49,29.29,28.31,824434.194
2022-10-25,28.05,32.38,28.31,30.87,2229626.612
2022-10-26,30.64,32.25,30.87,31.29,1604506.109
2022-10-27,30.46,32.36,31.28,30.58,1691679.272
2022-10-28,30.12,32.56,30.58,32.07,1454999.869
2022-10-29,31.86,33.85,32.07,32.87,1591530.896
2022-10-30,31.94,33.54,32.88,32.94,977455.54
2022-10-31,32.2,34.39,32.94,32.56,1734326.828
2022-11-01,32.15,33.39,32.56,32.2,998877.174
2022-11-02,30.23,32.95,32.2,30.83,1617822.468
2022-11-03,30.61,32.25,30.82,30.86,993856.099
2022-11-04,30.66,34.21,30.85,33.74,2001333.386
2022-11-05,33.67,38.79,33.73,36.9,2736303.262
2022-11-06,32.32,37.06,36.9,32.61,1752971.233
2022-11-07,28.17,33.14,32.6,29.64,3737409.764
2022-11-08,22.51,31.78,29.63,24.33,12204501.118
2022-11-09,12.09,24.65,24.33,13.97,15826107.02
2022-11-10,12.68,19.16,13.95,17.6,10381219.777
2022-11-11,15.11,18.27,17.6,16.31,5329442.946
2022-11-12,14.44,16.36,16.31,14.57,2761075.637
2022-11-13,13.0,14.71,14.57,13.18,3284218.155
2022-11-14,12.22,14.99,13.17,13.98,4509293.033
2022-11-15,13.79,15.1,13.98,14.29,3269212.988
2022-11-16,13.62,14.61,14.28,14.26,1983861.269
2022-11-17,12.92,14.52,14.26,13.64,3439111.563
2022-11-18,12.97,13.87,13.64,13.25,1968030.299
2022-11-19,12.57,13.26,13.24,12.82,1398269.082
2022-11-20,12.11,13.57,12.84,12.26,1837628.171
2022-11-21,11.26,12.28,12.25,11.82,3081770.635
2022-11-22,10.94,12.5,11.81,12.43,3317958.553
2022-11-23,12.38,14.5,12.43,14.32,4841570.821
2022-11-24,13.84,14.94,14.32,14.59,3153495.582
2022-11-25,13.89,14.6,14.59,14.02,1974948.284
2022-11-26,13.95,14.96,14.03,14.17,1767390.441
2022-11-27,14.04,14.44,14.17,14.11,1543338.098
2022-11-28,12.78,14.17,14.11,13.33,3382198.938
2022-11-29,13.14,13.95,13.32,13.35,1738806.564
2022-11-30,13.22,14.33,13.34,14.17,2567266.208
2022-12-01,13.4,14.19,14.18,13.52,1438355.755
2022-12-02,13.33,13.83,13.52,13.72,1175125.874
2022-12-03,13.22,13.77,13.71,13.3,674142.321
2022-12-04,13.27,13.75,13.29,13.71,666882.26
2022-12-05,13.58,14.17,13.71,13.82,1461229.847
2022-12-06,13.81,14.39,13.82,14.29,1587523.246
2022-12-07,13.42,14.33,14.3,13.5,1380959.193
2022-12-08,13.27,13.78,13.5,13.69,908877.189
2022-12-09,13.49,14.02,13.68,13.58,1041201.688
2022-12-10,13.54,13.73,13.58,13.57,425161.933
2022-12-11,13.38,13.8,13.57,13.42,626288.943
2022-12-12,12.81,13.49,13.42,13.33,1674051.897
2022-12-13,12.78,14.16,13.33,13.89,2034265.984
2022-12-14,13.79,14.96,13.89,14.12,3185411.065
2022-12-15,13.86,14.53,14.13,14.05,1934946.066
2022-12-16,11.98,14.17,14.04,12.24,3676007.161
2022-12-17,11.93,12.56,12.25,12.51,2470704.722
2022-12-18,12.27,12.61,12.51,12.37,1215770.911
2022-12-19,11.67,12.59,12.37,11.94,2585715.1
2022-12-20,11.83,12.48,11.93,12.26,2075643.815
2022-12-21,11.9,12.29,12.26,12.14,1642451.607
2022-12-22,11.67,12.19,12.14,11.8,1943961.095
2022-12-23,11.71,12.11,11.8,11.78,1472492.254
2022-12-24,11.1,11.79,11.78,11.45,2335821.784
2022-12-25,11.23,11.55,11.45,11.39,813306.064
2022-12-26,11.06,11.49,11.39,11.33,1299684.337
2022-12-27,10.71,11.45,11.34,11.09,2051343.981
2022-12-28,9.41,11.12,11.1,9.76,6626516.939
2022-12-29,8.0,10.89,9.77,9.64,8907754.307
2022-12-30,9.03,10.27,9.64,9.92,10872675.109
2022-12-31,9.66,10.2,9.91,9.97,3172985.413
2023-01-01,9.68,10.08,9.96,9.99,2293379.845
2023-01-02,9.79,12.0,9.98,11.29,5627741.8
2023-01-03,11.0,13.91,11.28,13.39,8002676.452
2023-01-04,12.81,14.25,13.38,13.42,8093174.994
2023-01-05,12.94,13.87,13.41,13.43,3743729.074
2023-01-06,12.68,13.6,13.42,13.5,3748066.142
2023-01-07,13.01,13.51,13.5,13.1,1381567.828
2023-01-08,12.85,14.89,13.09,14.47,3623814.468
2023-01-09,14.27,17.56,14.45,16.25,12215215.147
2023-01-10,15.57,16.73,16.25,16.21,5500824.158
2023-01-11,15.28,16.61,16.2,16.36,3789589.067
2023-01-12,15.57,17.0,16.37,16.6,4903089.036
2023-01-13,16.3,18.63,16.59,18.3,5382618.488
2023-01-14,18.21,24.75,18.3,24.25,13699190.694
2023-01-15,21.97,25.0,24.26,22.88,5806747.641
2023-01-16,22.25,25.0,22.9,23.59,6351359.383
2023-01-17,22.7,23.98,23.58,22.86,3157413.968
2023-01-18,20.22,23.64,22.86,20.78,5296878.792
2023-01-19,20.41,21.88,20.77,21.39,3145864.668
2023-01-20,20.93,25.83,21.39,25.51,5211914.697
2023-01-21,24.32,26.47,25.5,24.56,6225647.975
2023-01-22,23.49,25.44,24.56,24.22,4099364.09
2023-01-23,23.71,24.93,24.23,24.34,3372343.385
2023-01-24,22.36,25.23,24.34,22.77,2659931.339
2023-01-25,22.21,25.43,22.76,24.53,3807162.525
2023-01-26,23.77,25.23,24.53,24.35,2212282.462
2023-01-27,23.32,24.96,24.35,24.44,2571143.469
2023-01-28,23.72,25.21,24.42,24.01,1343086.172
2023-01-29,23.72,26.77,24.01,26.07,2914776.665
2023-01-30,23.29,26.33,26.07,23.96,3260422.376
2023-01-31,23.48,24.46,23.96,23.93,1703248.434
2023-02-01,22.49,25.21,23.92,25.0,3264118.901
2023-02-02,24.04,26.15,25.0,24.32,3151936.046
2023-02-03,24.05,25.31,24.33,24.69,2025301.094
2023-02-04,24.18,24.95,24.69,24.34,602899.251
2023-02-05,23.03,24.48,24.33,23.48,1244154.212
2023-02-06,22.5,23.74,23.47,22.65,1086129.31
2023-02-07,22.54,23.97,22.65,23.84,1554485.214
2023-02-08,22.8,24.2,23.83,23.23,1190976.851
2023-02-09,19.99,23.35,23.22,20.48,2128922.411
2023-02-10,19.71,21.23,20.49,20.11,1727086.404
2023-02-11,20.11,20.93,20.11,20.83,751725.124
2023-02-12,20.63,22.53,20.82,21.49,1287936.818
2023-02-13,19.76,21.61,21.51,20.8,1888641.862
2023-02-14,20.68,22.4,20.8,21.84,2121794.069
2023-02-15,21.46,23.99,21.84,23.87,1887734.758
2023-02-16,22.2,24.17,23.87,22.25,2517614.431
2023-02-17,22.03,23.56,22.25,23.16,1522464.606
2023-02-18,22.93,23.94,23.16,23.46,884699.901
2023-02-19,23.21,25.65,23.47,24.85,2292422.983
2023-02-20,24.12,27.12,24.83,26.27,3398578.065
2023-02-21,24.48,26.62,26.26,24.98,2068378.627
2023-02-22,23.22,25.24,24.98,24.17,2305789.717
2023-02-23,23.6,24.71,24.17,23.92,1200618.478
2023-02-24,22.45,24.15,23.92,23.07,1334551.821
2023-02-25,21.43,23.34,23.07,22.38,926127.05
2023-02-26,22.22,23.54,22.38,23.27,740786.347
2023-02-27,22.32,23.41,23.26,22.66,1407654.209
2023-02-28,21.75,22.75,22.67,21.89,1158994.493
2023-03-01,21.65,22.92,21.89,22.51,923812.166
2023-03-02,21.67,22.66,22.5,22.0,942244.533
2023-03-03,20.35,22.01,22.01,21.42,1693949.31
2023-03-04,20.32,21.62,21.43,20.98,441641.679
2023-03-05,20.84,21.71,20.99,20.96,1324542.922
2023-03-06,20.47,21.18,20.96,20.62,1489046.717
2023-03-07,19.71,20.96,20.63,20.24,2129571.604
2023-03-08,18.11,20.38,20.24,18.42,3497335.508
2023-03-09,16.7,18.77,18.41,17.35,4688354.681
2023-03-10,16.01,18.43,17.34,18.23,6358773.822
2023-03-11,17.04,19.15,18.23,18.21,2667869.494
2023-03-12,17.87,20.67,18.22,20.35,2488748.938
2023-03-13,18.89,21.5,20.34,20.47,6089330.693
2023-03-14,19.84,22.21,20.47,20.93,5062066.491
2023-03-15,18.76,21.56,20.93,19.33,3981409.418
2023-03-16,18.95,19.96,19.33,19.72,2236276.727
2023-03-17,19.47,21.72,19.71,21.65,3321115.739
2023-03-18,21.12,22.97,21.63,21.27,3168324.789
2023-03-19,21.25,22.5,21.27,21.92,1812429.228
2023-03-20,21.43,23.99,21.94,22.2,5114036.049
2023-03-21,21.6,23.39,22.2,22.6,3395288.386
2023-03-22,21.0,23.13,22.59,21.46,3786350.084
2023-03-23,21.15,22.8,21.47,22.2,2677672.353
2023-03-24,20.29,22.31,22.2,20.67,3006679.02
2023-03-25,20.12,20.99,20.66,20.44,775036.502
2023-03-26,20.31,21.16,20.43,20.96,529720.049
2023-03-27,19.35,21.01,20.96,19.9,1161581.199
2023-03-28,19.62,20.88,19.92,20.45,1359772.667
2023-03-29,20.43,21.56,20.47,21.1,1064603.761
2023-03-30,20.16,21.68,21.11,20.55,1608552.352
2023-03-31,20.04,21.49,20.54,21.17,953150.287
2023-04-01,20.76,21.34,21.17,21.09,416506.698
2023-04-02,20.24,21.31,21.09,20.53,459185.446
2023-04-03,19.97,21.01,20.52,20.47,1717807.042
2023-04-04,20.3,21.27,20.47,20.92,792504.343
2023-04-05,20.57,21.35,20.92,20.97,976730.283
2023-04-06,20.45,21.0,20.96,20.63,658935.551
2023-04-07,20.24,20.78,20.62,20.45,542840.811
2023-04-08,19.87,20.74,20.46,20.04,786699.13
2023-04-09,19.89,20.45,20.05,20.3,314324.93
2023-04-10,20.08,20.97,20.3,20.92,879505.038
2023-04-11,20.83,23.74,20.92,23.01,3680239.476
2023-04-12,22.34,24.49,23.02,23.82,3479880.838
2023-04-13,23.67,25.29,23.82,24.47,1863477.024
2023-04-14,23.76,25.53,24.47,24.74,2570229.789
2023-04-15,23.83,24.81,24.74,24.07,939359.824
2023-04-16,23.85,25.5,24.07,25.37,1117327.303
2023-04-17,24.32,26.03,25.36,24.6,2369621.315
2023-04-18,23.99,25.45,24.59,24.83,1540583.599
2023-04-19,22.0,24.99,24.83,22.68,2733633.875
2023-04-20,21.55,23.18,22.68,22.2,2271779.822
2023-04-21,20.98,22.41,22.19,21.25,1847561.735
2023-04-22,21.05,22.01,21.25,21.8,608485.311
2023-04-23,20.95,22.26,21.8,21.47,717627.422
2023-04-24,21.0,22.02,21.47,21.38,720502.803
2023-04-25,20.74,21.97,21.38,21.94,969226.068
2023-04-26,20.36,22.97,21.93,21.28,1775900.932
2023-04-27,21.18,22.59,21.29,22.32,1269012.67
2023-04-28,22.18,23.52,22.33,23.36,1635976.596
2023-04-29,22.93,23.9,23.36,23.2,846805.349
2023-04-30,22.68,24.0,23.19,22.73,949742.213
2023-05-01,21.54,22.88,22.72,21.96,1228115.383
2023-05-02,21.75,22.39,21.96,22.26,707608.571
2023-05-03,21.24,22.31,22.26,22.24,942252.801
2023-05-04,21.62,22.5,22.26,21.75,676675.907
2023-05-05,21.6,23.08,21.75,22.85,1324256.78
2023-05-06,21.6,23.3,22.84,21.96,1022446.308
2023-05-07,21.66,22.8,21.96,21.68,873766.647
2023-05-08,19.99,21.84,21.66,20.66,1748495.73
2023-05-09,20.42,21.02,20.66,20.68,850956.29
2023-05-10,19.89,21.33,20.67,20.94,1461221.023
2023-05-11,19.8,20.95,20.94,20.19,1059748.679
2023-05-12,19.81,20.96,20.18,20.93,1286215.553
2023-05-13,20.79,21.29,20.92,20.85,477745.511
2023-05-14,20.63,21.29,20.84,20.94,417121.481
2023-05-15,20.61,21.53,20.94,20.98,1071996.153
2023-05-16,20.44,21.14,20.98,20.68,1045238.299
2023-05-17,20.43,21.21,20.67,21.06,878612.956
2023-05-18,20.08,21.09,21.06,20.34,1046611.407
2023-05-19,20.21,20.58,20.34,20.35,443670.868
2023-05-20,20.11,20.36,20.35,20.28,425653.272
2023-05-21,19.37,20.39,20.27,19.62,590066.458
2023-05-22,19.29,20.03,19.62,19.53,960549.473
2023-05-23,19.42,20.18,19.53,20.02,811692.441
2023-05-24,18.71,20.07,20.03,19.22,1015065.369
2023-05-25,18.77,19.58,19.21,19.25,678749.003
2023-05-26,19.09,19.56,19.25,19.36,407932.369
2023-05-27,19.33,20.54,19.36,20.43,437767.181
2023-05-28,20.29,21.19,20.43,20.82,660032.086
2023-05-29,20.27,21.0,20.82,20.59,620648.574
2023-05-30,20.48,21.47,20.59,21.27,1269922.51
2023-05-31,20.37,21.34,21.27,20.83,793091.528
2023-06-01,20.42,21.0,20.83,20.51,559252.338
2023-06-02,20.3,21.38,20.5,21.27,594889.359
2023-06-03,20.96,21.37,21.26,21.21,349252.58
2023-06-04,21.04,22.33,21.21,21.82,815396.559
2023-06-05,19.2,22.06,21.83,20.02,2158194.366
2023-06-06,19.24,20.71,20.02,20.39,1381233.903
2023-06-07,18.52,20.53,20.38,18.63,1558288.002
2023-06-08,18.25,19.11,18.64,18.9,476801.088
2023-06-09,17.11,19.38,18.89,17.4,1447813.221
2023-06-10,13.21,17.42,17.39,15.64,3476733.88
2023-06-11,15.13,16.19,15.63,15.54,973599.67
2023-06-12,14.74,15.69,15.56,15.18,895305.448
2023-06-13,14.76,15.99,15.19,15.03,955181.047
2023-06-14,14.07,15.36,15.02,14.48,837609.878
2023-06-15,14.15,15.06,14.49,14.77,674656.086
2023-06-16,14.37,15.47,14.77,15.32,1128511.459
2023-06-17,15.16,16.11,15.31,15.65,619722.293
2023-06-18,15.29,15.84,15.65,15.43,339733.583
2023-06-19,15.34,16.15,15.43,16.1,516107.52
2023-06-20,15.72,16.69,16.11,16.66,1091105.364
2023-06-21,16.55,17.41,16.66,17.23,1382678.669
2023-06-22,16.57,17.75,17.23,16.63,782681.177
2023-06-23,16.17,17.55,16.63,17.14,1572147.864
2023-06-24,16.39,17.55,17.15,16.66,616489.48
2023-06-25,16.58,17.39,16.66,16.97,730858.12
2023-06-26,15.91,17.12,16.96,16.28,923307.907
2023-06-27,16.14,16.94,16.28,16.63,901463.403
2023-06-28,15.7,16.65,16.63,15.98,1276434.131
2023-06-29,15.87,18.29,15.97,17.99,1620867.651
2023-06-30,17.12,19.99,17.99,18.85,2112990.496
2023-07-01,17.9,19.01,18.84,18.7,561215.49
2023-07-02,18.54,19.73,18.69,19.46,1099827.343
2023-07-03,18.85,19.65,19.46,19.27,724270.445
2023-07-04,19.07,19.94,19.26,19.15,771447.645
2023-07-05,18.45,19.4,19.16,19.0,778683.163
2023-07-06,18.66,20.98,18.99,19.6,2328822.554
2023-07-07,19.26,21.75,19.59,21.51,1766438.141
2023-07-08,21.32,22.49,21.51,21.81,1286214.84
2023-07-09,20.99,22.38,21.83,21.33,721405.464
2023-07-10,20.49,21.8,21.33,21.3,1078280.131
2023-07-11,21.21,22.37,21.29,22.07,916057.377
2023-07-12,21.74,22.79,22.07,21.93,1364472.767
2023-07-13,21.43,26.82,21.94,26.03,3118929.35
2023-07-14,25.23,32.4,26.03,26.7,4194924.154
2023-07-15,26.49,29.11,26.7,27.47,1887233.722
2023-07-16,26.5,28.6,27.48,27.43,1400913.493
2023-07-17,25.63,28.48,27.42,26.81,1923546.072
2023-07-18,24.75,27.1,26.81,25.56,1791192.085
2023-07-19,25.36,26.99,25.56,26.3,1514112.499
2023-07-20,25.03,27.35,26.3,25.37,1392153.477
2023-07-21,25.07,26.03,25.36,25.52,941287.53
2023-07-22,24.06,25.97,25.52,24.54,608476.4
2023-07-23,24.16,25.26,24.53,24.77,795036.539
2023-07-24,22.83,24.84,24.76,23.37,1182167.639
2023-07-25,22.74,23.59,23.37,23.28,831929.121
2023-07-26,23.17,25.67,23.28,25.18,1465001.299
2023-07-27,24.67,25.66,25.18,25.1,1064191.493
2023-07-28,24.48,25.54,25.09,24.81,869157.057
2023-07-29,24.74,25.39,24.82,25.17,486868.391
2023-07-30,23.53,25.21,25.16,24.25,752086.146
2023-07-31,23.51,24.81,24.25,23.73,821230.224
2023-08-01,22.8,24.06,23.72,24.05,936683.538
2023-08-02,22.86,24.27,24.05,23.14,904723.904
2023-08-03,22.5,23.38,23.13,22.62,652527.321
2023-08-04,22.5,23.55,22.63,22.77,838185.486
2023-08-05,22.21,22.91,22.77,22.63,376179.337
2023-08-06,22.56,23.44,22.63,23.17,406526.285
2023-08-07,22.3,23.63,23.16,23.11,477688.498
2023-08-08,23.0,24.78,23.1,24.21,1269927.015
2023-08-09,24.09,25.01,24.2,24.37,842230.301
2023-08-10,24.11,25.02,24.37,24.6,526466.521
2023-08-11,24.31,24.9,24.6,24.61,515295.549
2023-08-12,24.38,25.19,24.61,24.91,436246.653
2023-08-13,24.18,24.95,24.92,24.21,323388.634
2023-08-14,24.05,25.29,24.21,25.18,728090.949
2023-08-15,23.71,25.39,25.18,23.87,996267.76
2023-08-16,22.37,24.01,23.87,22.79,1134478.793
2023-08-17,20.5,23.41,22.79,21.68,1401187.606
2023-08-18,20.9,22.2,21.67,21.33,948328.881
2023-08-19,21.29,22.17,21.33,21.89,414682.428
2023-08-20,21.57,22.03,21.9,21.78,283792.488
2023-08-21,20.31,21.78,21.78,21.2,719009.996
2023-08-22,19.29,21.27,21.2,20.58,865632.008
2023-08-23,20.34,21.81,20.57,21.73,890731.577
2023-08-24,20.67,22.03,21.74,21.05,643508.617
2023-08-25,20.08,21.05,21.04,20.42,626071.78
2023-08-26,20.17,20.43,20.41,20.27,194852.137
2023-08-27,20.23,20.91,20.27,20.79,267602.451
2023-08-28,20.03,20.78,20.78,20.55,482266.362
2023-08-29,20.11,22.02,20.55,21.79,1341435.965
2023-08-30,20.6,21.99,21.79,20.82,704349.676
2023-08-31,19.42,21.07,20.81,19.73,1477783.025
2023-09-01,19.02,19.93,19.72,19.33,807746.788
2023-09-02,19.13,19.69,19.32,19.49,309302.132
2023-09-03,19.23,19.67,19.49,19.57,312031.568
2023-09-04,19.16,20.03,19.57,19.52,411141.739
2023-09-05,19.03,20.6,19.51,20.26,877221.105
2023-09-06,19.14,20.37,20.26,19.64,670393.35
2023-09-07,19.32,20.0,19.63,19.91,540304.612
2023-09-08,19.37,20.28,19.92,19.61,460389.639
2023-09-09,19.37,19.61,19.61,19.44,201743.804
2023-09-10,17.8,19.44,19.44,18.23,1225347.476
2023-09-11,17.34,18.46,18.23,17.72,1263148.599
2023-09-12,17.56,18.8,17.72,17.92,1123051.34
2023-09-13,17.69,18.57,17.92,18.4,1060226.746
2023-09-14,18.39,19.32,18.4,18.86,978025.881
2023-09-15,18.56,19.49,18.86,19.14,820155.637
2023-09-16,18.88,19.46,19.15,19.13,409682.883
2023-09-17,18.65,19.14,19.13,18.81,241358.324
2023-09-18,18.6,20.16,18.82,19.66,1137968.796
2023-09-19,19.58,20.4,19.64,20.04,650593.597
2023-09-20,19.81,20.5,20.03,20.29,843651.523
2023-09-21,19.27,20.3,20.3,19.46,1065796.88
2023-09-22,19.16,19.79,19.45,19.42,499825.247
2023-09-23,19.28,19.58,19.42,19.48,273614.035
2023-09-24,19.21,19.67,19.48,19.36,237377.083
2023-09-25,19.09,19.74,19.36,19.39,536868.777
2023-09-26,18.83,19.52,19.39,19.01,522180.351
2023-09-27,18.73,19.46,19.01,19.12,943861.842
2023-09-28,19.08,20.05,19.12,19.98,1170433.793
2023-09-29,19.86,20.5,19.98,20.27,565041.2
2023-09-30,20.08,21.8,20.28,21.36,847857.117
2023-10-01,21.13,24.49,21.36,23.87,1350196.382
2023-10-02,22.9,24.8,23.88,23.36,1679273.949
2023-10-03,23.22,24.76,23.39,23.62,1137984.041
2023-10-04,22.58,23.85,23.62,23.14,883545.838
2023-10-05,22.55,23.97,23.14,22.7,757622.529
2023-10-06,22.67,23.79,22.7,23.43,747467.234
2023-10-07,23.1,24.2,23.42,23.31,482011.028
2023-10-08,23.09,23.64,23.3,23.24,273249.75
2023-10-09,21.61,23.38,23.23,22.1,685047.892
2023-10-10,21.71,22.48,22.11,22.11,470735.057
2023-10-11,21.61,22.42,22.11,22.01,815386.376
2023-10-12,20.93,22.04,22.01,21.28,474036.407
2023-10-13,21.11,22.22,21.28,21.84,570363.14
2023-10-14,21.8,22.25,21.85,22.0,243456.115
2023-10-15,21.67,22.18,22.0,21.94,359412.866
2023-10-16,21.9,24.78,21.93,23.97,1699423.358
2023-10-17,23.46,24.57,23.97,23.95,1062243.881
2023-10-18,23.36,24.44,23.94,23.42,1007584.54
2023-10-19,23.13,25.79,23.41,24.94,1708510.464
2023-10-20,24.74,27.4,24.94,27.05,2445877.547
2023-10-21,26.66,30.33,27.05,29.32,1895797.701
2023-10-22,28.11,30.03,29.32,29.06,979912.243
2023-10-23,28.75,32.69,29.06,31.91,2892634.04
2023-10-24,29.51,32.59,31.9,30.18,2612855.787
2023-10-25,30.0,33.9,30.19,32.43,2591832.289
2023-10-26,30.71,33.27,32.44,32.78,2593101.869
2023-10-27,31.27,33.36,32.79,31.74,1601328.022
2023-10-28,31.4,32.52,31.75,31.64,532581.737
2023-10-29,31.3,33.15,31.64,32.84,1189572.261
2023-10-30,32.45,35.34,32.85,34.95,1996411.129
2023-10-31,34.79,38.6,34.95,38.43,3496301.771
2023-11-01,37.94,46.97,38.42,41.18,5621226.735
2023-11-02,38.64,44.6,41.16,40.25,3444791.361
2023-11-03,38.02,40.26,40.26,39.48,2573934.38
2023-11-04,39.0,42.8,39.46,42.44,1733105.233
2023-11-05,40.29,42.89,42.43,41.2,1662028.628
2023-11-06,39.69,42.25,41.21,42.16,2212020.031
2023-11-07,40.11,44.75,42.17,42.95,3447843.701
2023-11-08,42.27,43.89,42.94,43.13,1418831.051
2023-11-09,42.52,48.93,43.16,45.3,4257617.115
2023-11-10,45.08,57.74,45.31,56.72,4565362.62
2023-11-11,53.6,63.98,56.7,56.35,4863376.242
2023-11-12,54.42,61.89,56.36,56.28,3290263.31
2023-11-13,51.54,59.88,56.25,51.6,3385353.382
2023-11-14,51.26,58.0,51.59,56.84,3185931.88
2023-11-15,56.16,67.13,56.84,65.48,3590761.454
2023-11-16,56.39,68.18,65.49,57.8,4460143.68
2023-11-17,54.11,60.55,57.82,58.55,2740209.443
2023-11-18,54.77,59.4,58.53,58.59,1812141.94
2023-11-19,56.66,62.28,58.59,61.15,2078183.106
2023-11-20,56.04,61.35,61.14,56.61,1791333.569
2023-11-21,51.28,57.4,56.59,51.65,2218037.789
2023-11-22,51.47,58.96,51.68,57.58,1919413.457
2023-11-23,56.15,59.59,57.6,56.52,1302926.66
2023-11-24,56.2,58.78,56.52,56.89,1375232.827
2023-11-25,56.0,59.8,56.89,58.83,1219743.332
2023-11-26,56.17,59.08,58.83,57.59,1141249.822
2023-11-27,53.47,58.07,57.58,55.07,1545528.4
2023-11-28,53.95,58.69,55.06,58.22,1469945.208
2023-11-29,57.68,61.81,58.22,59.3,2083862.126
2023-11-30,58.76,61.73,59.32,59.29,1077655.648
2023-12-01,58.62,61.92,59.31,59.77,1234195.845
2023-12-02,59.69,63.94,59.77,63.7,1390271.709
2023-12-03,62.23,65.56,63.69,63.01,1840589.324
2023-12-04,59.8,65.26,63.02,61.59,2708381.998
2023-12-05,59.13,62.57,61.62,61.03,1691124.349
2023-12-06,61.04,66.63,61.04,61.85,2707252.178
2023-12-07,61.62,69.45,61.86,67.77,2875842.96
2023-12-08,67.79,75.31,67.79,74.95,2839721.355
2023-12-09,71.56,77.77,74.94,72.24,2523490.568
2023-12-10,70.66,74.91,72.27,74.87,1768422.54
2023-12-11,66.0,74.97,74.86,70.22,2903269.228
2023-12-12,65.71,72.9,70.2,68.54,2153127.249
2023-12-13,63.75,72.64,68.55,70.62,2031166.213
2023-12-14,68.27,76.23,70.63,75.68,1963415.564
2023-12-15,72.03,79.45,75.68,72.52,2341282.434
2023-12-16,71.11,77.18,72.52,73.67,1699637.914
2023-12-17,70.44,74.93,73.66,70.79,1396426.137
2023-12-18,67.0,75.44,70.79,74.42,1950829.854
2023-12-19,71.76,76.33,74.42,73.01,1553714.022
2023-12-20,72.93,84.14,72.98,82.26,2896045.277
2023-12-21,81.07,96.0,82.25,93.89,3181223.182
2023-12-22,90.28,99.99,93.9,97.98,3073264.26
2023-12-23,92.89,110.0,98.0,107.94,2187001.196
2023-12-24,107.36,118.0,107.96,112.57,3563327.493
2023-12-25,108.0,125.97,112.52,120.95,2629074.917
2023-12-26,102.0,121.42,120.94,112.5,3119985.833
2023-12-27,104.76,115.33,112.5,106.95,2271821.293
2023-12-28,96.55,109.66,106.99,101.81,2723290.702
2023-12-29,99.34,109.97,101.86,106.18,2302203.539
2023-12-30,100.69,107.46,106.16,101.92,750915.332
2023-12-31,99.29,105.17,101.91,101.69,1014619.569
2024-01-01,101.47,110.44,101.7,110.11,1186574.048
2024-01-02,106.0,117.0,110.11,106.74,1825573.021
2024-01-03,85.5,109.97,106.77,98.59,2934230.926
2024-01-04,96.74,108.23,98.57,105.01,1494445.81
2024-01-05,95.36,105.57,105.01,100.02,1304431.986
2024-01-06,91.57,100.35,100.02,93.84,1024768.902
2024-01-07,87.65,96.88,93.84,89.48,1292111.79
2024-01-08,85.46,99.99,89.52,98.0,2608466.93
2024-01-09,95.38,104.16,98.0,99.42,1838145.691
2024-01-10,92.03,105.55,99.36,102.01,2132341.426
2024-01-11,97.5,107.25,102.02,99.91,2422876.512
2024-01-12,86.77,100.47,99.9,92.1,1491860.665
2024-01-13,89.5,97.51,92.11,95.87,1167861.38
2024-01-14,93.61,105.44,95.86,93.77,1908310.162
2024-01-15,93.01,96.91,93.75,94.32,882768.775
2024-01-16,94.09,98.69,94.3,97.59,806730.613
2024-01-17,96.23,102.7,97.59,102.04,1773294.697
2024-01-18,91.37,103.49,102.01,94.31,1522821.52
2024-01-19,87.0,95.35,94.33,93.6,1415823.603
2024-01-20,90.15,94.15,93.56,92.82,525905.27
2024-01-21,90.74,93.88,92.82,91.02,399857.57
2024-01-22,81.94,91.84,91.03,83.75,1606757.137
2024-01-23,78.14,85.88,83.74,84.3,1788569.844
2024-01-24,83.25,89.4,84.34,88.74,1289116.609
2024-01-25,85.03,89.59,88.74,86.86,871078.385
2024-01-26,85.8,93.7,86.87,92.24,1076472.726
2024-01-27,90.68,94.57,92.27,94.27,657016.123
2024-01-28,93.43,99.44,94.28,95.98,1021742.541
2024-01-29,95.06,101.98,95.96,101.69,1265272.74
2024-01-30,100.96,106.45,101.69,101.4,1534152.837
2024-01-31,95.88,102.7,101.38,96.91,1717059.882
2024-02-01,92.44,98.07,96.88,97.78,1830320.671
2024-02-02,97.36,102.49,97.81,100.55,1243476.769
2024-02-03,96.58,101.2,100.55,97.93,728430.906
2024-02-04,95.06,98.57,97.92,95.44,491448.05
2024-02-05,94.1,98.6,95.42,95.5,766785.397
2024-02-06,93.04,97.9,95.52,96.86,1089514.294
2024-02-07,94.57,101.54,96.86,101.13,1039042.713
2024-02-08,100.51,105.22,101.14,102.79,1915568.973
2024-02-09,102.81,109.2,102.81,106.97,1420976.018
2024-02-10,106.9,110.99,106.96,109.0,941950.052
2024-02-11,107.33,110.78,109.02,107.5,627207.877
2024-02-12,103.43,112.27,107.5,111.7,1181640.353
2024-02-13,108.29,115.17,111.72,112.55,1271137.212
2024-02-14,110.66,118.71,112.54,117.14,1116969.957
2024-02-15,111.6,118.48,117.12,113.62,1059592.235
2024-02-16,108.04,114.35,113.62,110.41,828697.254
2024-02-17,105.69,111.16,110.41,108.95,447059.748
2024-02-18,107.54,114.08,108.97,112.25,487184.428
2024-02-19,110.81,114.86,112.26,111.57,774854.748
2024-02-20,104.0,112.14,111.57,108.32,1266590.908
2024-02-21,100.15,108.42,108.35,105.05,1216043.161
2024-02-22,101.46,107.11,105.05,101.69,881129.479
2024-02-23,98.67,103.07,101.68,99.91,690566.609
2024-02-24,98.46,104.79,99.89,104.01,501961.722
2024-02-25,102.01,104.41,104.01,103.47,374182.919
2024-02-26,100.3,110.85,103.47,110.0,1256201.065
2024-02-27,105.36,112.37,110.0,108.41,1384143.036
2024-02-28,107.32,119.0,108.44,119.0,2263257.151
2024-02-29,117.31,134.75,119.0,125.73,2841020.58837195
2024-03-01,125.68,137.84,125.74,129.53,1636860.0559873
2024-03-02,127.35,131.8,129.55,130.22,885708.49977476
2024-03-03,124.73,132.18,130.13,130.22,847523.18075194
2024-03-04,127.51,134.98,130.22,133.49,1524400.4153017
2024-03-05,110.0,143.0,133.48,125.55,3190928.13761199
2024-03-06,120.08,134.95,125.48,130.88,1616349.06906451
2024-03-07,130.64,150.0,130.91,144.06,2846946.8939359
2024-03-08,142.09,153.0,144.05,145.12,1677393.50257527
2024-03-09,144.0,149.49,145.12,144.58,622487.61812096
2024-03-10,140.61,148.73,144.58,144.56,982832.66049622
2024-03-11,137.0,150.18,144.58,148.9,1851440.86302679
2024-03-12,141.72,155.0,148.91,151.06,2110807.52605998
2024-03-13,148.78,167.0,151.1,163.95,1978293.24666427
2024-03-14,159.2,178.35,163.95,176.69,2419785.46609521
2024-03-15,164.58,188.88,176.69,183.91,3280753.57055337
2024-03-16,176.71,197.86,184.0,181.99,2428380.90451423
2024-03-17,178.55,204.12,181.98,201.69,1907137.49023163
2024-03-18,193.6,209.9,201.7,195.96,2227273.86347729
2024-03-19,165.37,198.7,195.9,169.76,3064329.55900921
2024-03-20,162.41,193.33,169.76,191.91,2495156.64072634
2024-03-21,175.5,195.79,191.81,179.4,1298865.92067615
2024-03-22,167.6,181.89,179.41,175.24,1171269.14801193
2024-03-23,170.33,180.0,175.24,172.7,789254.28539747
2024-03-24,171.32,186.8,172.68,183.88,773163.78833068
2024-03-25,180.96,194.6,183.87,188.99,1380524.45982921
2024-03-26,184.56,198.03,189.04,190.48,1176961.35915771
2024-03-27,180.0,192.59,190.48,186.24,1348099.68250393
2024-03-28,180.72,191.0,186.23,189.68,977206.39520309
2024-03-29,183.23,193.08,189.66,192.15,929561.35164297
2024-03-30,190.85,199.98,192.14,194.26,822342.88355242
2024-03-31,193.76,203.15,194.28,202.38,857355.43315829
2024-04-01,186.91,204.25,202.41,192.35,1229843.89934343
2024-04-02,175.89,192.39,192.37,181.54,1539301.55340381
2024-04-03,177.0,191.96,181.58,185.11,842258.56044078
2024-04-04,180.27,190.22,185.12,184.15,883909.91116581
2024-04-05,168.0,185.23,184.11,174.46,1195885.85501715
2024-04-06,173.45,179.87,174.46,178.73,583429.67034848
2024-04-07,176.84,182.73,178.71,179.53,681047.65676867
2024-04-08,175.27,184.63,179.52,180.66,924071.28862213
2024-04-09,168.89,180.9,180.65,172.31,952573.65814674
2024-04-10,162.27,175.52,172.27,173.34,1022106.34957454
2024-04-11,170.04,176.34,173.33,172.35,653648.74111884
2024-04-12,143.0,175.99,172.34,153.24,1500902.7276704
2024-04-13,121.88,154.99,153.22,138.48,3109359.05404368
2024-04-14,130.0,152.95,138.59,151.44,2110116.52767288
2024-04-15,133.7,156.27,151.42,138.56,1551585.60621083
2024-04-16,126.51,140.69,138.56,136.26,1559225.03327458
2024-04-17,126.68,142.77,136.28,131.84,1616654.90102712
2024-04-18,127.7,143.94,131.83,142.14,1153922.78563056
2024-04-19,128.47,147.63,142.14,142.56,2002415.83339281
2024-04-20,139.7,152.48,142.54,151.33,715494.40864999
2024-04-21,146.8,153.59,151.28,148.82,567246.82127678
2024-04-22,146.7,158.5,148.81,157.02,909774.34620336
2024-04-23,153.15,160.0,157.02,154.69,810829.36898627
2024-04-24,145.25,159.78,154.69,147.71,1124542.72440691
2024-04-25,142.04,149.49,147.71,144.83,976021.09556298
2024-04-26,138.73,146.11,144.84,139.22,613573.32473004
2024-04-27,133.0,142.97,139.19,141.22,689266.47540085
2024-04-28,137.02,144.6,141.24,137.98,486682.09806583
2024-04-29,133.37,138.9,137.98,137.73,795190.75029224
2024-04-30,121.0,139.74,137.73,126.66,1507577.39141503
2024-05-01,118.68,135.86,126.63,134.46,1644144.61431275
2024-05-02,128.16,141.0,134.45,137.57,1090679.71832366
2024-05-03,132.1,145.03,137.57,143.73,1013126.42072374
2024-05-04,142.25,149.11,143.75,146.06,528753.80408235
2024-05-05,143.0,148.0,146.07,145.74,461407.51335516
2024-05-06,145.44,157.03,145.74,152.83,1001891.54552638
2024-05-07,148.0,159.18,152.85,148.05,838121.36375189
2024-05-08,140.0,149.95,148.04,142.13,899535.93350958
2024-05-09,140.53,153.37,142.14,152.54,918780.04069924
2024-05-10,144.41,155.74,152.55,146.01,1217658.46121303
2024-05-11,143.05,147.66,146.01,145.37,574750.86521124
2024-05-12,142.57,147.69,145.37,143.35,369169.37240576
2024-05-13,137.82,150.8,143.36,147.49,1070319.88805558
2024-05-14,141.75,151.5,147.5,141.96,819839.4999486
2024-05-15,141.22,158.86,141.98,158.6,1322013.6104668
2024-05-16,156.7,164.75,158.6,159.37,1167422.66374857
2024-05-17,159.34,172.08,159.37,169.48,895763.36156161
2024-05-18,168.7,175.99,169.51,172.46,635692.90677353
2024-05-19,166.01,175.51,172.45,169.92,497663.1375587
2024-05-20,167.7,188.41,169.92,186.74,1174312.69240078
2024-05-21,174.26,188.9,186.71,178.12,1246348.96485656
2024-05-22,175.0,183.46,178.12,176.84,1195022.05510768
2024-05-23,165.61,180.96,176.85,176.11,1782217.15429252
2024-05-24,162.45,176.07,176.07,167.68,1223312.68739923
2024-05-25,165.89,170.49,167.68,168.33,418409.70355585
2024-05-26,160.36,168.39,168.33,163.24,1014996.85907125
2024-05-27,163.17,172.12,163.25,170.02,586791.04550049
2024-05-28,164.82,173.11,170.02,168.5,663656.3470251
2024-05-29,167.01,173.8,168.5,168.13,815289.32437549
2024-05-30,163.48,172.54,168.11,166.83,944812.84218417
2024-05-31,163.75,170.88,166.81,165.51,748373.81288618
2024-06-01,165.49,167.81,165.5,165.99,288521.39235233
2024-06-02,161.27,166.97,165.99,163.02,574719.23000784
2024-06-03,161.5,167.14,163.03,164.88,745617.24715896
2024-06-04,164.3,171.88,164.88,171.81,680588.11096016
2024-06-05,171.06,175.62,171.81,173.58,766671.99922783
2024-06-06,167.59,174.6,173.57,170.1,510181.55093299
2024-06-07,153.75,172.72,170.1,162.47,885283.82667966
2024-06-08,157.3,163.72,162.46,157.79,412608.49566585
2024-06-09,156.51,163.0,157.79,162.12,261672.49507329
2024-06-10,157.48,163.18,162.12,158.98,349339.89974703
2024-06-11,144.95,159.67,158.99,149.32,1339784.17466776
2024-06-12,145.46,161.85,149.32,155.18,934640.79572654
2024-06-13,145.97,155.18,155.18,147.23,803839.65623014
2024-06-14,139.56,148.94,147.23,142.98,944501.87423291
2024-06-15,142.84,145.68,142.98,145.45,285002.23960479
2024-06-16,142.97,151.26,145.45,151.22,348354.54491309
2024-06-17,139.77,151.73,151.22,143.25,744074.6002912
2024-06-18,128.0,143.76,143.24,137.37,1722471.07323113
2024-06-19,134.41,141.88,137.34,135.59,773852.80461872
2024-06-20,131.81,141.28,135.59,133.49,1122806.59179073
2024-06-21,128.61,135.34,133.49,134.54,1144767.97414723
2024-06-22,132.91,136.64,134.56,133.65,319048.95593813
2024-06-23,128.0,135.05,133.64,128.59,454001.96818
2024-06-24,122.18,132.57,128.58,132.26,2215563.26554733
2024-06-25,131.14,139.89,132.27,136.53,1452524.92996686
2024-06-26,134.76,140.37,136.54,136.72,627197.54272844
2024-06-27,135.06,151.15,136.73,149.48,1105081.8834665
2024-06-28,138.72,150.62,149.48,139.75,1078777.77755784
2024-06-29,139.45,142.97,139.75,140.0,733598.96608316
2024-06-30,136.89,147.44,140.0,146.37,758552.42858306
2024-07-01,145.67,149.11,146.36,146.52,846426.29903135
2024-07-02,145.98,154.8,146.51,153.81,731013.97753863
2024-07-03,138.91,154.26,153.81,140.69,1407380.62455737
2024-07-04,127.14,142.61,140.69,127.83,1284185.6425214
2024-07-05,121.01,136.45,127.83,134.31,1798686.89675642
2024-07-06,132.36,144.31,134.31,143.07,691487.77602451
2024-07-07,131.17,143.37,143.05,131.61,661297.91052354
2024-07-08,127.75,141.93,131.59,139.77,1308319.16929293
2024-07-09,136.44,144.28,139.78,141.44,827564.78105877
2024-07-10,138.58,146.31,141.45,141.99,636533.58943251
2024-07-11,135.68,146.0,141.98,135.7,848475.59615245
2024-07-12,133.91,140.63,135.7,139.55,732342.16368954
2024-07-13,137.99,143.64,139.55,141.93,392576.20808125
2024-07-14,141.92,148.6,141.92,147.69,683228.5697022
2024-07-15,147.07,160.13,147.7,159.55,1003776.19544639
2024-07-16,152.61,162.62,159.5,160.69,1049712.20926574
2024-07-17,154.5,163.84,160.69,155.51,828073.52716048
2024-07-18,155.18,161.63,155.51,159.21,583461.31153311
2024-07-19,156.16,172.57,159.19,169.21,1367806.12189851
2024-07-20,167.27,175.0,169.21,173.68,574365.13980998
2024-07-21,170.38,185.0,173.68,184.51,870596.64431196
2024-07-22,176.75,184.99,184.52,178.98,693819.15970186
2024-07-23,170.2,180.67,178.95,173.03,774289.44240746
2024-07-24,170.94,182.5,173.05,178.0,776752.33415245
2024-07-25,165.36,179.81,178.03,171.82,1295552.43400642
2024-07-26,171.67,183.68,171.81,183.06,954194.07033685
2024-07-27,178.06,188.31,183.08,183.56,1037089.56328282
2024-07-28,180.99,186.67,183.56,184.9,520879.17672757
2024-07-29,181.57,193.89,184.91,182.52,1233136.27729287
2024-07-30,175.35,184.72,182.52,179.11,1068417.23222558
2024-07-31,171.53,184.43,179.11,171.62,1155415.59061793
2024-08-01,157.67,172.93,171.61,167.22,1954392.4497109
2024-08-02,149.78,169.34,167.23,152.57,1848547.66021147
2024-08-03,139.73,153.82,152.57,142.45,1324991.40139784
2024-08-04,131.11,145.99,142.44,138.25,1803319.51615065
2024-08-05,110.0,139.27,138.26,129.81,6250882.90417749
2024-08-06,129.37,149.61,129.84,144.46,2167568.74424249
2024-08-07,142.32,155.06,144.46,144.77,2301753.74673278
2024-08-08,141.43,163.7,144.78,163.18,2439675.60795652
2024-08-09,150.79,163.58,163.16,156.32,1610185.64781277
2024-08-10,152.54,158.83,156.35,154.05,539036.61658277
2024-08-11,141.2,158.0,154.06,141.57,884922.06462752
2024-08-12,141.21,151.19,141.56,146.31,1116100.66550871
2024-08-13,142.89,149.98,146.31,146.7,631243.28252229
2024-08-14,142.34,152.21,146.71,143.73,1003917.85994446
2024-08-15,137.8,147.61,143.74,142.57,1234922.20942239
2024-08-16,136.02,144.9,142.57,139.08,923991.7751813
2024-08-17,137.66,142.0,139.07,141.96,308877.59884979
2024-08-18,140.55,147.15,141.96,142.45,1005877.45778013
2024-08-19,140.38,146.25,142.41,144.31,572488.18229455
2024-08-20,141.01,148.9,144.3,142.28,821851.75093475
2024-08-21,138.81,144.41,142.27,142.82,819223.4717137
2024-08-22,140.64,144.9,142.83,143.25,462438.41712056
2024-08-23,142.75,154.16,143.24,153.39,966097.62384212
2024-08-24,152.03,162.36,153.38,160.72,1010422.79375914
2024-08-25,155.27,162.01,160.71,158.99,504919.94260899
2024-08-26,155.63,162.0,158.98,157.12,685292.91704922
2024-08-27,145.0,159.73,157.12,146.81,935615.99835103
2024-08-28,140.55,148.89,146.81,143.94,908310.57410162
2024-08-29,138.1,147.38,143.97,140.04,703731.20186202
2024-08-30,132.03,141.1,140.04,137.96,804417.63309433
2024-08-31,134.49,139.22,138.0,135.32,212470.01846291
2024-09-01,127.79,136.15,135.33,128.5,772901.61610443
2024-09-02,127.0,135.44,128.5,134.97,681590.07261642
2024-09-03,126.97,137.47,134.95,127.5,650629.22149371
2024-09-04,122.3,135.0,127.49,133.61,1193371.76780659
2024-09-05,127.89,135.51,133.61,129.36,601108.40923616
2024-09-06,120.51,134.45,129.36,125.01,1479116.26840533
2024-09-07,124.1,129.49,125.01,127.71,324967.93193637
2024-09-08,126.6,131.67,127.71,130.13,334272.99752822
2024-09-09,127.0,137.1,130.12,135.09,739579.55798944
2024-09-10,132.56,138.0,135.1,135.61,551854.82069262
2024-09-11,128.14,135.91,135.64,132.42,645466.76941204
2024-09-12,132.39,136.77,132.42,136.05,670240.54587774
2024-09-13,131.71,139.96,136.05,139.13,665256.17432788
2024-09-14,135.67,139.9,139.13,137.15,314638.99993619
2024-09-15,130.42,137.99,137.15,131.4,444206.37357664
2024-09-16,128.84,132.37,131.4,131.46,466776.95625001
2024-09-17,130.32,135.55,131.45,131.56,565581.02657622
2024-09-18,127.08,134.47,131.56,134.35,764899.77254149
2024-09-19,134.3,144.03,134.37,142.89,1340419.68034136
2024-09-20,141.21,152.41,142.88,146.66,973218.95847842
2024-09-21,144.59,149.87,146.66,149.45,350845.87225166
2024-09-22,141.04,149.94,149.45,144.64,442405.91176426
2024-09-23,142.13,149.1,144.65,144.78,743745.48839564
2024-09-24,143.11,153.95,144.79,152.74,1005665.67807402
2024-09-25,147.25,153.96,152.74,147.93,606374.33554453
2024-09-26,146.52,158.03,147.95,155.57,851949.78872639
2024-09-27,154.0,161.36,155.56,157.66,767350.39543334
2024-09-28,155.02,159.44,157.67,156.77,328511.69357325
2024-09-29,155.02,161.8,156.78,158.49,490231.05876739
2024-09-30,151.65,159.77,158.49,152.5,541681.24307711
2024-10-01,142.22,157.32,152.5,145.1,1392932.30088055
2024-10-02,138.55,149.03,145.08,140.16,1098277.62999368
2024-10-03,133.1,142.97,140.15,136.8,931818.39504891
2024-10-04,135.91,144.66,136.81,143.22,769528.88994272
2024-10-05,140.99,144.9,143.24,142.59,254513.08969454
2024-10-06,142.0,146.76,142.61,146.48,292430.25442001
2024-10-07,143.41,152.27,146.47,143.94,851581.55885668
2024-10-08,141.11,145.54,143.95,143.4,471666.75255834
2024-10-09,138.54,145.28,143.41,139.21,623382.06421698
2024-10-10,135.36,140.75,139.21,138.95,506279.96607869
2024-10-11,138.58,146.5,138.95,145.46,764441.91411324
2024-10-12,144.55,147.32,145.46,146.35,330266.11664212
2024-10-13,144.41,148.81,146.37,147.69,316947.61927177
2024-10-14,146.73,158.0,147.72,157.52,902213.8107939
2024-10-15,150.33,159.5,157.53,154.72,934991.4750973
2024-10-16,152.84,158.39,154.74,154.24,741398.15012219
2024-10-17,147.63,155.69,154.25,150.44,650125.39190184
2024-10-18,149.55,156.69,150.43,154.92,544174.39484049
2024-10-19,153.6,159.75,154.92,159.71,355583.16124401
2024-10-20,157.58,167.9,159.72,167.37,596053.82083505
2024-10-21,161.31,171.62,167.34,166.13,1045529.40756375
2024-10-22,162.95,170.98,166.07,167.48,754906.8181527
2024-10-23,164.04,174.0,167.48,170.65,911494.17776747
2024-10-24,170.27,179.12,170.65,177.07,878925.45356759
2024-10-25,159.05,177.5,177.07,164.6,1144723.72980646
2024-10-26,162.2,173.0,164.58,170.66,570609.25355061
2024-10-27,170.01,178.0,170.66,176.44,506037.66391606
2024-10-28,172.27,179.6,176.43,178.2,803622.07019516
2024-10-29,176.25,183.3,178.17,179.39,1113863.70566666
2024-10-30,173.11,181.2,179.35,174.85,678648.76800693
2024-10-31,167.31,176.46,174.82,168.43,656314.5948533
2024-11-01,163.6,173.94,168.42,166.02,730015.55723601
2024-11-02,162.01,168.55,166.0,166.12,278388.79315589
2024-11-03,157.8,166.55,166.11,162.46,583861.59074881
2024-11-04,155.01,164.92,162.43,157.86,558537.21650392
2024-11-05,156.69,169.39,157.86,166.64,671668.54225496
2024-11-06,166.42,190.07,166.63,186.76,2243358.49963578
2024-11-07,186.01,198.0,186.76,196.44,1198751.65225258
2024-11-08,195.79,205.2,196.45,199.99,1225002.61593852
2024-11-09,195.05,203.49,200.0,200.0,835480.02597322
2024-11-10,198.78,215.62,200.0,210.22,1613169.08420424
2024-11-11,204.32,225.0,210.22,222.42,1661414.86867112
2024-11-12,205.0,225.37,222.41,211.87,1648799.28235515
2024-11-13,201.0,220.84,211.88,215.46,1832889.45505781
2024-11-14,206.75,222.83,215.45,209.58,1355300.00911917
2024-11-15,204.57,220.46,209.57,218.53,1033219.42513087
2024-11-16,213.4,221.95,218.51,215.81,787937.08445797
2024-11-17,212.21,241.99,215.81,237.53,1427576.72597004
2024-11-18,234.03,248.52,237.5,239.94,1258617.06694407
2024-11-19,233.74,247.75,239.95,237.99,924355.40404945
2024-11-20,230.66,242.72,237.99,235.68,1008468.59053693
2024-11-21,230.02,259.89,235.68,256.65,1921894.24118439
2024-11-22,251.75,264.63,256.65,257.23,1102103.59217621
2024-11-23,253.01,264.32,257.23,255.12,834896.38776745
2024-11-24,241.2,260.0,255.11,253.03,707779.91649083
2024-11-25,231.16,256.82,253.03,234.18,1375320.33649702
2024-11-26,221.57,239.91,234.14,230.6,1079119.74414744
2024-11-27,227.5,243.56,230.6,242.24,890298.42856607
2024-11-28,232.89,245.49,242.24,237.65,468086.95597937
2024-11-29,236.6,246.87,237.64,243.43,715934.03369685
2024-11-30,237.61,245.43,243.43,237.74,512707.98849202
2024-12-01,234.24,240.0,237.74,236.95,610780.86276575
2024-12-02,220.03,238.5,236.92,225.79,1841742.31123324
2024-12-03,215.0,240.09,225.8,234.1,1592408.47234672
2024-12-04,224.69,240.99,234.13,229.49,1586631.62403684
2024-12-05,223.19,244.99,229.47,236.13,1965153.79171982
2024-12-06,231.11,247.1,236.13,237.21,1109218.6255132
2024-12-07,234.32,243.8,237.21,238.35,728837.23627874
2024-12-08,233.32,241.72,238.35,237.19,483284.99428694
2024-12-09,205.0,237.45,237.19,216.72,1280488.89616845
2024-12-10,203.27,221.09,216.71,213.75,1953189.3581737
2024-12-11,211.62,230.84,213.75,227.42,1207603.3773115
2024-12-12,225.61,234.79,227.42,227.0,936598.19889542
2024-12-13,220.6,228.47,226.99,224.82,1072405.1797865
2024-12-14,215.15,227.48,224.8,219.88,559460.82526156
2024-12-15,215.67,225.44,219.9,224.25,642744.58032007
2024-12-16,213.11,227.0,224.2,216.27,1017558.89816448
2024-12-17,211.5,229.03,216.27,223.2,1248306.56053773
2024-12-18,204.77,226.0,223.2,206.39,1112718.23493658
2024-12-19,186.77,212.03,206.41,193.66,1747274.71277778
2024-12-20,175.01,199.53,193.66,194.43,2121225.53658279
2024-12-21,178.36,202.14,194.44,181.34,1131558.52176477
2024-12-22,176.71,187.73,181.36,180.35,710921.33932321
2024-12-23,176.33,193.22,180.33,189.88,1014019.82010178
2024-12-24,185.86,198.93,189.88,196.95,633043.03893212
2024-12-25,194.9,201.74,196.95,197.31,459738.69583944
2024-12-26,186.42,199.59,197.33,188.24,602906.24084221
2024-12-27,182.51,194.12,188.21,183.95,598619.63547286
2024-12-28,183.55,195.71,183.94,195.15,544088.91063905
2024-12-29,188.19,197.37,195.16,189.6,513906.95541903
2024-12-30,185.54,196.22,189.6,191.01,792659.87492619
2024-12-31,187.72,198.89,191.0,188.82,925967.7320928
2025-01-01,187.6,194.99,188.82,193.84,710592.14848388
2025-01-02,193.04,210.23,193.84,208.09,964329.20200795
2025-01-03,205.43,219.69,208.1,217.93,766696.36567176
2025-01-04,213.52,218.0,217.89,216.64,391893.03611378
2025-01-05,211.47,219.0,216.64,213.35,416412.77559314
2025-01-06,211.5,223.18,213.35,218.34,674150.36408157
2025-01-07,201.75,219.23,218.33,202.13,795105.92886797
2025-01-08,188.25,203.23,202.13,197.42,1140993.85903562
2025-01-09,182.01,199.0,197.43,184.96,937653.10582914
2025-01-10,183.49,193.01,184.96,187.63,875745.66070076
2025-01-11,184.0,191.79,187.62,188.03,705428.32883268
2025-01-12,185.07,190.91,188.03,188.4,369569.99809188
2025-01-13,169.22,191.85,188.4,182.75,1244805.10686472
2025-01-14,181.77,190.05,182.76,187.49,721361.90173107
2025-01-15,185.76,206.06,187.49,205.9,1387020.60668316
2025-01-16,198.43,217.07,205.9,211.08,1369506.47434139
2025-01-17,209.82,222.0,211.13,219.56,1395546.07815907
2025-01-18,217.33,270.0,219.55,261.99,5516305.1535704
2025-01-19,237.12,295.0,261.9,252.34,6050054.05745463
2025-01-20,229.19,273.29,252.33,241.65,4344277.2031722
2025-01-21,230.0,260.24,241.7,250.32,2255050.38394053
2025-01-22,248.36,271.96,250.33,257.23,2368750.57449404
2025-01-23,241.98,258.42,257.26,253.12,2154317.72604082
2025-01-24,247.23,270.0,253.17,253.37,1759545.86898872
2025-01-25,246.25,260.76,253.35,256.36,1151007.96373647
2025-01-26,240.1,259.96,256.31,240.39,1043893.33027826
2025-01-27,220.82,242.54,240.36,234.87,2615574.21816154
2025-01-28,224.93,243.95,234.89,226.89,1561904.72853022
2025-01-29,222.57,238.44,226.91,228.16,1459592.27902413
2025-01-30,226.79,244.7,228.15,238.32,1329523.78967134
2025-01-31,228.08,241.82,238.3,231.71,1063579.72345845
2025-02-01,212.67,234.12,231.69,212.94,893867.17817633
2025-02-02,192.7,218.82,212.94,203.45,2362614.30125765
2025-02-03,176.0,218.97,203.49,216.48,3403049.09224185
2025-02-04,202.08,220.14,216.48,206.7,1863004.95036042
2025-02-05,195.15,209.47,206.73,196.13,1014816.28569775
2025-02-06,187.5,204.0,196.13,189.57,1280488.50476306
2025-02-07,188.15,203.62,189.59,192.06,1244842.74154367
2025-02-08,189.76,200.97,192.04,199.41,742109.65152245
2025-02-09,193.55,207.43,199.41,200.51,1350679.64742641
2025-02-10,195.95,209.2,200.51,200.53,863302.1814879
2025-02-11,195.06,206.22,200.51,197.93,835416.86242737
2025-02-12,188.42,198.58,197.94,196.8,1170067.38340812
2025-02-13,188.93,198.49,196.82,194.29,926182.12788275
2025-02-14,194.17,205.37,194.29,199.43,1187817.56287243
2025-02-15,192.64,200.32,199.42,194.53,571190.61517088
2025-02-16,186.01,196.25,194.53,188.29,718837.66826929
2025-02-17,174.71,189.73,188.29,177.52,1450743.57307133
2025-02-18,160.78,179.07,177.52,169.2,2226260.63764798
2025-02-19,163.67,174.26,169.23,168.89,1196184.87886389
2025-02-20,167.64,176.7,168.93,176.05,917007.67493571
2025-02-21,166.99,180.61,176.05,168.82,1171366.24625288
2025-02-22,167.98,174.67,168.82,172.08,484875.8264309
2025-02-23,166.4,173.1,172.09,167.95,417270.00943475
2025-02-24,137.77,169.65,167.95,141.79,2408160.08227549
2025-02-25,131.89,146.95,141.79,144.16,2738806.14054382
2025-02-26,130.43,144.99,144.17,135.12,2262730.94041848
2025-02-27,134.52,142.73,135.14,137.54,1530658.6361904
2025-02-28,125.36,148.61,137.55,148.09,2390526.30383456
2025-03-01,138.49,151.1,148.09,143.59,1082607.60882144
2025-03-02,139.98,180.0,143.63,178.72,3912116.25483133
2025-03-03,139.01,179.45,178.72,142.05,3429644.83052696
2025-03-04,130.66,146.92,142.05,144.78,2736629.02479889
2025-03-05,140.18,149.72,144.75,146.31,1663512.26722898
2025-03-06,142.42,152.9,146.29,143.29,1421260.82673856
2025-03-07,135.02,150.82,143.3,139.33,1915428.7783951
2025-03-08,135.22,141.0,139.31,136.95,512074.86998588
2025-03-09,124.7,139.82,136.97,126.45,1284285.93103006
2025-03-10,115.4,131.52,126.48,118.24,2238334.03390233
2025-03-11,112.0,128.41,118.25,125.34,2213069.21732193
2025-03-12,121.2,131.62,125.32,126.6,1482446.97946059
2025-03-13,120.69,128.75,126.59,123.3,1073276.23200647
2025-03-14,122.92,136.09,123.33,133.55,1302182.36634025
2025-03-15,132.45,136.56,133.52,135.91,580929.57867185
2025-03-16,125.17,136.71,135.88,126.1,978055.90256744
2025-03-17,125.53,130.65,126.09,128.03,1025031.6945347
2025-03-18,121.69,128.21,128.03,125.29,975532.7706537
2025-03-19,124.19,136.13,125.31,135.39,1341968.7686183
2025-03-20,126.6,136.18,135.38,127.5,1009769.92256164
2025-03-21,124.81,130.14,127.51,128.44,885590.32988144
2025-03-22,127.76,131.8,128.42,128.47,464308.19346897
2025-03-23,128.2,134.05,128.47,132.85,613188.84687522
2025-03-24,132.06,145.2,132.85,141.0,1932604.22885178
2025-03-25,138.16,147.6,141.02,143.69,1422841.56180904
2025-03-26,135.9,145.55,143.68,137.38,1080034.2743519
2025-03-27,135.64,140.25,137.38,138.4,894860.37793028
2025-03-28,127.67,139.02,138.39,129.44,1209093.93425125
2025-03-29,122.68,130.49,129.44,124.54,716472.93100016
2025-03-30,122.99,127.02,124.54,124.8,641248.33374517
2025-03-31,122.72,127.82,124.81,124.54,1174879.99134553
2025-04-01,123.74,130.44,124.51,126.69,1205529.0043246
2025-04-02,117.23,136.18,126.69,117.4,2567762.44970587
2025-04-03,112.22,120.94,117.41,117.12,2304500.70756478
2025-04-04,113.26,124.81,117.14,122.74,2382141.68026897
2025-04-05,115.81,122.81,122.74,120.25,819109.36365755
2025-04-06,103.71,121.05,120.25,105.82,2151166.20896226
2025-04-07,95.16,113.05,105.81,106.94,5120355.14883448
2025-04-08,102.86,112.57,106.93,105.35,2984833.09628285
2025-04-09,101.16,121.29,105.36,119.04,3290391.01997127
2025-04-10,108.31,119.29,119.02,112.75,2000442.44154555
2025-04-11,112.07,122.66,112.73,121.36,1811297.34071394
2025-04-12,119.36,134.11,121.36,132.22,1484088.66320512
2025-04-13,125.26,133.98,132.22,128.32,1323920.67804716
2025-04-14,127.89,136.0,128.32,129.39,1654796.15568471
2025-04-15,125.8,134.42,129.39,126.09,1364430.5665587
2025-04-16,123.46,133.91,126.1,131.32,1765038.35649227
2025-04-17,129.47,136.15,131.31,134.85,1601714.66844258
2025-04-18,132.46,136.0,134.85,134.03,646507.39197568
2025-04-19,133.58,140.5,134.06,139.87,1014645.79744222
2025-04-20,135.67,141.97,139.86,137.85,1176408.18548977
2025-04-21,133.82,143.13,137.86,136.56,1564200.71405678
2025-04-22,134.69,150.31,136.54,148.84,1492997.31799538
2025-04-23,147.2,154.28,148.86,151.16,1516588.94048175
2025-04-24,145.21,152.93,151.17,152.6,1008674.15133329
2025-04-25,150.01,157.08,152.61,150.91,1487061.71983895
2025-04-26,147.79,153.26,150.92,149.27,516484.93230606
2025-04-27,145.54,150.43,149.29,148.04,584717.10894757
2025-04-28,144.69,153.45,148.03,147.9,1513614.18763345
2025-04-29,145.0,150.38,147.89,146.34,952472.97735731
2025-04-30,140.4,148.7,146.33,147.56,1532494.65883959
2025-05-01,147.56,154.04,147.57,150.89,953212.99306897
2025-05-02,147.36,151.99,150.88,148.09,759828.4548522
2025-05-03,145.88,149.11,148.09,146.75,413171.54365514
2025-05-04,143.59,147.81,146.75,143.97,370375.06945002
2025-05-05,142.51,147.71,143.96,146.68,541336.80671034
2025-05-06,141.34,147.23,146.68,146.89,586984.59917673
2025-05-07,144.67,149.64,146.89,147.37,699210.64612055
2025-05-08,147.11,164.57,147.36,164.45,1701341.82101424
2025-05-09,161.02,176.14,164.44,172.8,1741502.45304632
2025-05-10,168.75,178.93,172.81,177.91,928846.23735818
2025-05-11,169.41,180.16,177.88,173.23,1133257.96673986
2025-05-12,168.3,181.45,173.22,174.22,2201877.90093897
2025-05-13,166.17,184.8,174.23,183.76,1453079.93660266
2025-05-14,173.12,184.86,183.76,176.69,1229280.71274432
2025-05-15,166.8,178.39,176.69,169.19,1371463.93439565
2025-05-16,166.43,174.28,169.18,167.48,836171.25478296
2025-05-17,164.1,170.01,167.47,166.03,753913.00899458
2025-05-18,164.7,176.83,166.01,173.39,1029017.46154813
2025-05-19,159.48,174.01,173.39,166.88,1131703.18021458
2025-05-20,164.57,173.13,166.91,168.64,933624.81842764
2025-05-21,165.61,176.0,168.65,173.61,1523110.40498726
2025-05-22,172.63,180.85,173.65,179.72,1282479.10815429
2025-05-23,173.27,187.73,179.73,174.03,1898136.46429658
2025-05-24,172.66,178.37,174.02,175.96,587813.98966338
2025-05-25,169.2,176.96,175.96,175.8,776842.78268605
2025-05-26,173.55,179.12,175.81,174.97,686840.93530938
2025-05-27,171.29,179.5,174.99,176.8,949244.50343878
2025-05-28,168.99,177.5,176.77,172.28,835092.53457799
2025-05-29,165.96,175.43,172.27,166.71,930086.52878178
2025-05-30,155.27,167.5,166.7,156.28,1080045.07151882
2025-05-31,152.2,158.1,156.3,156.53,698023.79201713
2025-06-01,150.65,158.01,156.55,157.76,634611.06502346
2025-06-02,151.71,159.0,157.78,156.9,890635.29723299
2025-06-03,154.23,163.76,156.91,155.29,748857.55864726
2025-06-04,153.0,158.04,155.31,153.33,518471.92507659
2025-06-05,141.53,154.69,153.31,144.36,1098509.44088031
2025-06-06,144.19,152.5,144.38,147.96,627391.48228429
2025-06-07,146.92,152.93,147.96,150.15,377977.34334998
2025-06-08,148.0,155.35,150.13,152.53,328887.26046446
2025-06-09,149.68,161.8,152.54,161.24,587020.8587113
2025-06-10,156.35,165.71,161.22,165.15,939178.47029043
2025-06-11,159.25,168.38,165.13,161.01,1372908.66534847
2025-06-12,152.08,161.35,161.01,152.39,830479.94536024
2025-06-13,140.89,152.67,152.39,148.66,1614868.07072184
2025-06-14,142.03,148.76,148.68,144.72,492670.34094524
2025-06-15,144.29,153.58,144.71,152.99,659481.08672004
2025-06-16,150.37,158.82,153.0,150.77,1030039.00736272
2025-06-17,145.6,154.38,150.78,147.61,856106.24210485
2025-06-18,143.69,149.32,147.61,146.41,728174.06616315
2025-06-19,142.98,147.96,146.4,147.04,463646.02228411
2025-06-20,135.72,148.83,147.08,140.15,913323.23395022
2025-06-21,131.0,142.63,140.14,135.46,699804.89098859
2025-06-22,126.03,137.69,135.48,131.76,1196446.33024318
2025-06-23,130.72,147.03,131.76,144.59,1187134.02580865
2025-06-24,142.4,146.9,144.62,145.98,914472.51832545
2025-06-25,142.35,148.02,145.97,143.65,782039.74323333
2025-06-26,138.7,148.06,143.65,139.14,665287.8354771
2025-06-27,137.21,144.91,139.14,142.17,599898.72438905
2025-06-28,141.2,152.73,142.18,150.81,632571.6244275
2025-06-29,149.44,154.8,150.82,153.34,499692.12798618
2025-06-30,149.48,163.9,153.34,154.88,1207489.82882793
2025-07-01,144.86,155.69,154.88,146.92,708580.37145756
2025-07-02,145.86,154.53,146.91,152.32,679979.56676923
2025-07-03,149.95,156.42,152.35,152.39,709554.49072962
2025-07-04,145.25,153.92,152.39,147.74,432352.2786482
2025-07-05,145.95,148.71,147.74,147.61,224960.25712601
2025-07-06,146.82,153.9,147.61,151.9,388158.44202257
2025-07-07,147.7,153.61,151.9,148.9,764412.29624279
2025-07-08,147.84,152.89,148.9,151.72,490053.88969338
2025-07-09,150.57,157.99,151.72,157.11,926694.50570369
2025-07-10,155.71,165.4,157.11,164.35,847878.84071269
2025-07-11,159.63,168.23,164.35,162.97,1141810.54465385
2025-07-12,157.77,163.98,162.96,160.76,469402.12713301
2025-07-13,159.7,164.23,160.76,161.22,533095.82849429
2025-07-14,160.69,168.69,161.22,162.25,1026920.17972523
2025-07-15,157.13,164.29,162.26,164.03,801676.48860194
2025-07-16,161.53,176.1,164.01,173.71,1796912.14296986
2025-07-17,168.8,178.23,173.71,175.99,1258544.12821487
2025-07-18,173.3,184.79,175.99,177.34,1775828.85334452
2025-07-19,174.09,178.74,177.35,177.04,1127757.09443359
2025-07-20,176.4,183.72,177.05,181.52,1257378.40027461
2025-07-21,178.36,199.48,181.54,195.83,2384494.51580579
2025-07-22,193.82,206.42,195.83,205.8,2443481.34728866
2025-07-23,184.06,205.88,205.8,189.49,1641105.21441823
2025-07-24,179.29,192.06,189.5,182.96,1529998.30109404
2025-07-25,175.73,186.99,182.97,186.81,1877813.62899416
2025-07-26,184.37,189.8,186.8,184.94,510226.46891446
2025-07-27,184.57,190.76,184.92,188.71,577361.938791
2025-07-28,182.2,195.37,188.72,183.13,1190963.25586955
2025-07-29,178.19,186.7,183.1,181.46,784932.67806052
2025-07-30,170.38,182.53,181.45,177.76,795144.6742063
2025-07-31,171.41,182.69,177.76,172.19,687456.82052464
2025-08-01,159.11,172.26,172.18,162.66,1398031.9919061
2025-08-02,155.75,165.21,162.64,158.46,559266.30502545
2025-08-03,156.27,163.14,158.46,162.02,428119.72429395
2025-08-04,161.29,169.84,162.02,169.57,810560.23295468
2025-08-05,161.26,171.7,169.59,164.07,617664.83360047
2025-08-06,161.15,169.99,164.07,168.14,581884.58028898
2025-08-07,166.68,175.55,168.15,175.41,706847.98083191
2025-08-08,173.47,179.69,175.41,176.84,853687.22290537
2025-08-09,176.62,183.46,176.82,179.96,755123.32068652
2025-08-10,177.49,186.18,179.96,182.7,833439.0950993
2025-08-11,173.42,186.78,182.71,174.89,867850.83872964
2025-08-12,173.63,193.72,174.88,191.73,1316169.92417571
2025-08-13,191.41,204.94,191.7,201.62,2179933.11168441
2025-08-14,186.81,210.0,201.6,192.61,2507705.38653289
2025-08-15,182.63,198.2,192.59,185.86,1275914.48863776
2025-08-16,185.31,190.15,185.83,189.72,511271.41737203
2025-08-17,187.47,195.91,189.72,191.15,874265.39534934
2025-08-18,180.05,191.45,191.13,183.02,1166561.29955659
2025-08-19,175.65,185.95,182.99,176.2,1090988.0519006
2025-08-20,176.03,188.05,176.2,187.96,1182232.18942947
2025-08-21,179.35,190.09,187.96,180.27,1259773.38327672
2025-08-22,177.24,202.34,180.26,200.62,1737981.80281641
2025-08-23,195.21,208.43,200.6,204.06,1398281.85699679
2025-08-24,201.02,211.98,204.07,205.98,2069269.61385279
2025-08-25,185.41,213.49,205.96,187.21,2732788.24498917
2025-08-26,185.61,198.1,187.21,195.87,1238426.00115457
2025-08-27,193.77,212.09,195.87,202.93,2640015.95868801
2025-08-28,201.65,216.88,202.94,214.43,2769100.5238099
2025-08-29,199.86,217.95,214.44,205.1,3176259.77251642
2025-08-30,197.57,207.04,205.1,202.74,885970.39936857
2025-08-31,200.29,206.67,202.74,200.63,848713.02912768
2025-09-01,194.2,204.57,200.62,197.32,1340108.4786392
2025-09-02,196.74,209.7,197.3,209.64,1815370.57688458
2025-09-03,207.43,213.0,209.63,210.83,1065590.53338226
2025-09-04,201.81,212.0,210.83,202.32,938533.9424299
2025-09-05,201.0,210.07,202.3,203.37,1203794.33764867
2025-09-06,199.34,204.66,203.37,200.18,588063.03258324
2025-09-07,200.13,207.95,200.19,206.34,836100.04911433
2025-09-08,205.56,217.17,206.33,214.15,2034372.61392318
2025-09-09,210.81,219.77,214.15,217.26,1431186.58014921
2025-09-10,215.09,225.96,217.23,224.14,1652644.68212576
2025-09-11,221.78,229.05,224.13,228.85,1225263.69879705
2025-09-12,228.21,244.31,228.83,242.36,2586907.73913052
2025-09-13,235.35,244.34,242.35,242.5,1410431.32082061
2025-09-14,239.25,250.0,242.5,239.86,1808965.06887483
2025-09-15,230.18,244.09,239.85,234.35,1823480.37673354
2025-09-16,231.34,241.0,234.33,237.01,1277889.07253145
2025-09-17,232.2,246.73,237.01,244.91,1571095.62549181
2025-09-18,242.63,253.61,244.92,247.56,1415711.55296183
2025-09-19,235.24,248.63,247.59,238.67,1040032.31957316
2025-09-20,237.03,241.33,238.66,239.58,380129.75977061
2025-09-21,235.47,241.93,239.57,236.31,348281.56809214
2025-09-22,213.71,237.08,236.28,220.56,1988582.43443243
2025-09-23,212.46,221.79,220.56,213.31,1004735.72670021
2025-09-24,204.94,216.49,213.31,211.67,1432605.18916606
2025-09-25,191.49,212.53,211.65,192.8,2585435.06346606
2025-09-26,190.82,205.62,192.81,205.26,2573887.28473885
2025-09-27,200.0,205.56,205.26,203.56,561677.52071475
2025-09-28,198.04,211.04,203.56,210.89,699647.4280397
2025-09-29,204.74,214.89,210.9,212.85,1027578.61523414
2025-09-30,204.25,213.83,212.84,208.74,1152953.02943463
2025-10-01,206.32,222.88,208.75,222.15,1377581.25167896
2025-10-02,219.64,235.07,222.17,234.87,1640153.08523501
2025-10-03,227.26,237.15,234.87,232.98,1443229.31454205
2025-10-04,224.29,234.21,232.98,227.96,618087.17100975
2025-10-05,226.62,237.27,227.95,228.68,768768.90102964
2025-10-06,227.63,237.96,228.68,232.45,1284066.08178293
2025-10-07,219.81,235.28,232.46,220.05,1300788.4383162
2025-10-08,217.44,229.77,220.06,229.14,1186863.86398166
2025-10-09,216.75,229.73,229.1,221.03,1138506.30479667
2025-10-10,176.85,224.52,221.03,188.82,3208124.63897384
2025-10-11,172.78,191.24,188.83,177.82,2518633.49842892
2025-10-12,173.17,199.19,177.83,197.2,2017155.33898269
2025-10-13,190.34,209.48,197.2,208.87,1510398.12723951
2025-10-14,191.23,211.47,208.87,202.55,2956721.74953971
2025-10-15,192.18,209.0,202.54,193.94,1671279.56056952
2025-10-16,182.0,198.5,193.93,184.88,1823277.49538398
2025-10-17,174.1,187.58,184.85,182.05,2015096.12255198
2025-10-18,181.81,188.42,182.01,187.63,587986.48950285
2025-10-19,183.22,192.33,187.62,187.94,850322.39303923
2025-10-20,183.89,194.63,187.94,189.79,897899.36433938
2025-10-21,182.66,197.81,189.79,185.71,1512373.61801928
2025-10-22,177.24,187.53,185.7,180.16,1462533.78236272
2025-10-23,179.71,193.5,180.15,191.43,1055010.3624368
2025-10-24,188.83,196.79,191.42,193.63,948111.48636826
2025-10-25,191.26,195.29,193.62,193.87,288633.54461901
2025-10-26,191.96,202.19,193.86,200.07,634974.0893024
2025-10-27,197.25,205.32,200.05,198.68,943477.22272819
2025-10-28,190.37,203.95,198.67,194.21,1173659.86948724
2025-10-29,189.55,201.71,194.21,193.95,1346233.89971289
2025-10-30,178.58,198.2,193.92,184.67,1575948.0682586
2025-10-31,183.69,190.2,184.69,187.14,1189060.72267668
2025-11-01,183.7,187.42,187.12,186.26,462210.33923811
2025-11-02,182.04,188.26,186.26,187.67,462584.47340532
2025-11-03,163.2,189.05,187.67,166.01,1942220.21297525
2025-11-04,146.44,168.36,166.01,154.99,3219271.77710517
2025-11-05,147.24,163.99,154.99,162.35,1994367.09212196
2025-11-06,147.68,162.94,162.35,155.2,1279532.04266006
2025-11-07,149.72,164.4,155.18,161.71,1550674.74025322
2025-11-08,155.75,164.83,161.69,157.97,725715.71723649
2025-11-09,155.08,166.54,157.98,164.52,834832.1852315
2025-11-10,163.38,170.45,164.5,167.31,1025593.59146152
2025-11-11,153.84,171.89,167.31,154.54,1245171.56351226
2025-11-12,151.16,161.16,154.54,153.36,1159302.81753508
2025-11-13,141.01,157.19,153.39,144.7,1786511.02282989
2025-11-14,135.64,145.63,144.7,138.8,2021230.4339528
2025-11-15,138.5,144.63,138.81,139.55,645493.9189116
2025-11-16,134.34,143.25,139.56,137.07,943366.20495217
2025-11-17,128.64,143.23,137.07,130.82,1744991.06512607
2025-11-18,128.87,142.06,130.84,140.63,1910716.08571446
2025-11-19,130.0,142.74,140.62,136.93,1871414.05556185
2025-11-20,131.0,144.66,136.93,133.48,3227486.15207338
2025-11-21,121.47,134.95,133.49,128.57,3839189.02879389
2025-11-22,125.03,129.87,128.59,127.52,1094453.41399503
2025-11-23,127.47,133.47,127.51,130.53,1027921.63062639
2025-11-24,128.35,139.85,130.54,138.4,1744305.43503475
2025-11-25,133.11,140.47,138.38,138.9,1477975.66423871
2025-11-26,135.45,144.74,138.89,143.0,1461377.12544445
2025-11-27,140.45,144.25,143.0,140.83,852973.03125679
2025-11-28,136.0,143.6,140.82,137.36,1147319.36048856
2025-11-29,134.86,138.1,137.33,135.95,426537.33694755
2025-11-30,133.26,140.19,135.95,133.47,703459.17862411
2025-12-01,123.08,133.74,133.48,126.66,2135340.84744726
2025-12-02,126.0,140.93,126.65,138.7,1423721.17134199
2025-12-03,137.78,146.1,138.69,144.68,1228258.53237821
2025-12-04,137.81,146.92,144.68,139.06,1148744.77315927
2025-12-05,130.81,140.76,139.05,133.33,1122289.83595512
2025-12-06,131.33,134.2,133.32,132.23,443192.72705522
2025-12-07,127.73,136.37,132.23,132.28,742301.06675501
2025-12-08,131.54,139.36,132.28,133.28,1131094.80914281
2025-12-09,131.6,144.9,133.26,137.88,1280294.58868574
2025-12-10,135.41,142.62,137.87,136.31,1299004.60732887
2025-12-11,129.04,137.84,136.29,136.44,1484567.7022669
2025-12-12,130.35,140.16,136.43,132.32,1116816.26095462
2025-12-13,131.65,134.29,132.31,133.17,360451.17343131
2025-12-14,128.0,133.69,133.16,129.41,564628.28958069
2025-12-15,123.58,135.43,129.39,127.8,1565140.34655338
2025-12-16,124.87,130.11,127.79,129.11,1278398.65037823
2025-12-17,121.26,133.97,129.13,123.21,1615965.3593414
2025-12-18,116.82,128.97,123.22,119.52,1911138.09793406
2025-12-19,117.55,127.79,119.52,126.19,1282234.07930794
2025-12-20,125.22,126.83,126.2,125.75,315444.62860467
2025-12-21,123.37,126.58,125.75,126.0,398999.84632231
2025-12-22,124.13,128.7,126.0,125.85,912324.52678738
2025-12-23,122.11,126.86,125.84,123.92,727616.89539464
2025-12-24,120.47,124.22,123.92,122.44,707075.87318426
2025-12-25,119.68,124.37,122.44,119.99,441342.21248406
2025-12-26,119.17,125.04,119.98,122.19,1076341.77600323
2025-12-27,121.78,124.98,122.18,124.64,348043.83962625
2025-12-28,122.97,125.53,124.64,125.17,288058.44470909
2025-12-29,122.21,129.96,125.17,123.09,1228756.74978445
2025-12-30,122.43,126.38,123.08,124.88,685455.62397877
2025-12-31,123.07,127.24,124.87,124.45,1209253.50226929
2026-01-01,123.94,127.08,124.44,126.73,561103.46079474
2026-01-02,125.68,133.19,126.74,132.25,1501164.83245491
2026-01-03,129.54,133.92,132.24,133.32,583804.15335442
2026-01-04,133.05,135.49,133.32,134.04,728586.76935845
2026-01-05,133.08,139.85,134.05,137.9,1104565.27309804
2026-01-06,136.06,143.44,137.89,141.04,1355578.56522502
2026-01-07,134.28,141.32,141.04,136.25,913148.26944792
2026-01-08,132.54,139.95,136.25,138.25,1064324.12701166
2026-01-09,134.79,140.99,138.24,135.79,1276867.02444132
2026-01-10,135.18,136.86,135.79,135.67,285541.64869834
2026-01-11,135.56,141.36,135.66,139.5,895925.80562731
2026-01-12,138.2,144.7,139.5,139.05,1505558.57045035
2026-01-13,137.66,148.9,139.04,145.43,1468661.16456317
2026-01-14,143.32,148.41,145.42,146.7,1448383.99027118
2026-01-15,140.88,146.71,146.68,142.37,1073851.49332302
2026-01-16,140.15,145.5,142.36,144.83,823362.36128391
2026-01-17,143.26,144.93,144.84,143.66,334271.20706607
2026-01-18,137.62,143.93,143.66,137.81,572843.36639205
2026-01-19,130.05,137.78,137.78,133.36,1044019.1646179
2026-01-20,124.72,134.54,133.34,125.66,1748518.80821759
2026-01-21,125.14,132.07,125.66,129.44,1309903.22997039
2026-01-22,126.58,130.9,129.44,128.35,688540.25461698
2026-01-23,125.15,130.05,128.35,127.28,665560.07120709
2026-01-24,126.46,127.92,127.29,127.02,234489.96883737
2026-01-25,117.12,127.28,127.02,118.73,1053441.98770309
2026-01-26,118.41,125.46,118.73,124.09,1067416.35571351
2026-01-27,122.93,127.71,124.09,127.02,691066.88290288
2026-01-28,124.59,128.16,127.02,125.16,692817.41143682
2026-01-29,115.17,125.31,125.16,117.61,1477040.88560788
2026-01-30,111.79,118.94,117.62,117.42,1825526.90614542
2026-01-31,96.52,118.72,117.43,105.44,3232742.37384276
2026-02-01,97.93,106.58,105.44,100.66,1913225.72541561
2026-02-02,95.83,106.04,100.67,104.46,2900619.24290899
2026-02-03,96.59,104.99,104.45,97.76,2125188.15726021
2026-02-04,89.11,99.52,97.74,91.92,3632643.05307402
2026-02-05,77.43,93.25,91.91,78.19,6218856.92472819
2026-02-06,67.48,89.77,78.19,87.4,6301027.39989494
2026-02-07,84.12,89.16,87.38,87.54,2028173.66279127
2026-02-08,85.7,89.03,87.55,86.92,1189959.84777035
2026-02-09,82.77,88.65,86.93,86.72,1828737.63046188
2026-02-10,81.84,87.46,86.72,82.95,1320308.83924114
2026-02-11,78.0,84.35,82.96,79.23,2039254.14737231
2026-02-12,76.53,82.19,79.24,78.33,2003704.68621687
2026-02-13,77.46,85.59,78.32,84.27,1882291.07928253
2026-02-14,84.17,88.85,84.29,88.03,1304085.96629031
2026-02-15,84.85,91.21,88.02,86.1,1874286.08021959
2026-02-16,82.51,86.89,86.1,86.4,1442737.90569724
2026-02-17,82.88,87.63,86.41,85.05,1206487.61390961
2026-02-18,80.44,86.03,85.05,81.56,1232735.60869752
2026-02-19,79.58,82.64,81.56,82.46,1031511.64258074
2026-02-20,81.74,85.44,82.46,84.64,1621404.07119288
2026-02-21,83.95,86.74,84.65,85.15,595284.15270571
2026-02-22,82.41,85.58,85.14,82.75,645766.55141371
2026-02-23,77.12,82.81,82.75,77.88,2080055.54654184
2026-02-24,75.63,79.62,77.87,78.99,1438396.55904766
2026-02-25,78.73,92.12,79.0,88.06,2824960.3245583
2026-02-26,84.36,89.27,88.04,85.91,1868436.88284825
2026-02-27,80.31,88.29,85.91,81.84,1878976.37168423
2026-02-28,77.13,85.7,81.84,84.37,2118538.65773742
2026-03-01,81.71,88.89,84.37,83.6,2016060.5189941
2026-03-02,82.36,90.31,83.61,86.64,2747690.07762766
2026-03-03,82.47,87.5,86.63,86.99,2434638.26700507
2026-03-04,84.77,94.11,86.98,90.88,2822813.70062733
2026-03-05,87.84,92.99,90.89,88.78,1503508.99467932
2026-03-06,83.64,89.32,88.78,84.67,1799452.92727928
2026-03-07,82.27,85.07,84.67,83.22,554625.32460468
2026-03-08,80.25,84.11,83.22,81.59,780234.67513214
2026-03-09,81.54,87.06,81.6,84.96,1656066.77763918
2026-03-10,84.84,88.81,84.95,85.89,1240777.21339552
2026-03-11,84.34,88.12,85.9,86.58,1137043.87907234
2026-03-12,84.72,87.73,86.59,86.84,1153695.87135857
2026-03-13,86.7,93.06,86.83,88.19,2146472.99705253
2026-03-14,86.54,88.71,88.18,88.07,439486.28601171
2026-03-15,87.34,93.23,88.07,92.33,953718.91603759
2026-03-16,91.19,97.7,92.33,96.2,2100286.78492551
2026-03-17,93.17,96.96,96.21,94.65,1223582.1256299
2026-03-18,88.56,95.68,94.64,90.08,1414285.04750623
2026-03-19,87.01,91.41,90.07,88.9,1148661.78163235
2026-03-20,88.12,90.44,88.9,89.82,710333.65936814
2026-03-21,87.13,90.79,89.83,87.55,324151.6373245
2026-03-22,85.12,89.2,87.55,86.2,750638.49272832
2026-03-23,85.08,92.27,86.2,91.42,1594405.28404924
2026-03-24,88.38,92.2,91.43,90.76,1337227.36895301
2026-03-25,90.7,93.44,90.76,91.68,1146678.92651843
2026-03-26,85.36,91.98,91.67,86.47,1196517.88512238
2026-03-27,81.78,86.99,86.48,83.05,1360961.88595119
2026-03-28,81.67,84.2,83.04,82.02,520036.39786341
2026-03-29,79.0,83.17,82.02,81.37,517235.84537388
2026-03-30,81.09,84.97,81.37,82.48,1132598.98464048
2026-03-31,80.06,84.53,82.49,83.12,1584200.93223525
2026-04-01,80.76,86.63,83.12,81.17,1503584.23205001
2026-04-02,76.69,81.77,81.16,78.95,1870987.89148701
2026-04-03,78.86,80.91,78.95,80.39,826458.8964222
2026-04-04,79.59,81.59,80.39,80.83,471712.43433251
2026-04-05,78.48,82.1,80.83,81.85,783923.62075583
2026-04-06,79.6,83.17,81.86,80.03,1185695.16651106
2026-04-07,78.36,87.0,80.01,85.56,2182514.64515706
2026-04-08,82.25,85.9,85.55,82.57,1164454.969112
2026-04-09,81.41,85.9,82.57,83.34,1135517.20664524
2026-04-10,82.68,85.68,83.35,84.86,877815.75950985
2026-04-11,83.82,86.29,84.86,84.97,513391.20055892
2026-04-12,81.29,85.04,84.97,81.54,877245.15822047
2026-04-13,81.4,86.83,81.54,86.56,1471210.44986345
2026-04-14,83.34,87.71,86.55,83.76,1566992.0370181
2026-04-15,82.69,85.85,83.75,84.92,1289744.24372797
2026-04-16,83.85,90.53,84.92,89.09,1665834.81992258
2026-04-17,87.39,90.8,89.08,88.8,1743019.10928578
2026-04-18,85.82,89.2,88.8,86.21,739712.29430168
2026-04-19,82.96,87.15,86.2,83.48,1110171.83808002
2026-04-20,83.36,86.25,83.5,85.31,976038.14385376
2026-04-21,84.33,86.93,85.33,86.07,1242557.67322708
2026-04-22,86.03,89.36,86.08,86.91,1392596.73575385
2026-04-23,84.5,87.19,86.9,86.17,1393141.47527986
2026-04-24,84.97,86.99,86.17,86.22,1352019.21870647
2026-04-25,85.54,86.83,86.22,86.2,339151.48955555
2026-04-26,85.86,87.34,86.2,86.95,507844.24498484
2026-04-27,83.65,88.1,86.96,84.8,1262357.45717403
2026-04-28,82.96,84.92,84.81,84.05,719055.00404388
2026-04-29,81.35,85.56,84.05,83.02,1233285.19201456
2026-04-30,82.14,83.98,83.02,83.05,911504.32147459
2026-05-01,83.05,84.86,83.05,83.76,844901.05596626
2026-05-02,83.43,84.96,83.75,84.26,329133.15680476
2026-05-03,83.57,84.96,84.26,83.91,374872.56473566
2026-05-04,83.24,85.88,83.9,84.09,1090562.32706649
2026-05-05,84.02,86.98,84.09,86.27,947619.5128974
2026-05-06,86.09,90.01,86.26,89.15,1191499.06228193
2026-05-07,87.62,90.43,89.15,88.4,916138.88856662
2026-05-08,87.93,92.84,88.42,92.02,656916.95175997
2026-05-09,91.85,94.16,92.02,93.11,501027.49425709
2026-05-10,92.59,96.9,93.12,96.44,1111625.10824384
2026-05-11,94.25,98.39,96.44,97.36,1688417.23370194
2026-05-12,93.56,97.66,97.35,94.27,944771.20242357
2026-05-13,90.22,95.96,94.26,91.14,1023092.45581343
2026-05-14,89.77,93.66,91.14,92.13,814062.00799435
2026-05-15,88.49,92.65,92.14,89.19,1081655.46532156
2026-05-16,85.48,89.38,89.19,86.51,453805.02302837
2026-05-17,83.41,87.25,86.51,85.19,516440.27588888
2026-05-18,83.43,85.75,85.19,85.31,981068.42279743
2026-05-19,83.63,85.9,85.32,84.23,762297.05342486
2026-05-20,83.76,87.0,84.22,86.09,777451.98228383
2026-05-21,85.23,87.91,86.09,87.27,835779.58405712
2026-05-22,83.87,87.77,87.26,84.29,835533.28180375
2026-05-23,81.31,87.42,84.3,85.65,1065367.07514005
2026-05-24,83.58,86.86,85.66,85.17,652213.95928456
2026-05-25,84.63,86.44,85.17,84.97,380858.77347702
2026-05-26,83.03,86.03,84.98,83.59,672238.68033844
2026-05-27,82.0,84.68,83.61,82.3,677389.49305748
2026-05-28,79.88,82.95,82.28,82.0,1032660.53182147
2026-05-29,80.24,83.1,81.99,81.92,872980.71085984
2026-05-30,81.77,83.05,81.91,82.61,309975.18788538
2026-05-31,81.22,83.27,82.61,82.32,282682.00312598
2026-06-01,78.97,82.98,82.31,81.16,793818.25197658
2026-06-02,72.64,81.18,81.16,74.12,1448942.01430681
2026-06-03,70.83,75.61,74.13,71.52,1377492.43429258
2026-06-04,66.67,72.0,71.5,69.07,749064.40321902
