date,turnover,weights
2010-05-28,1.4,"{'SPY': 0.1360165676037124, 'QQQ': 0.11995885134694355, 'TLT': 0.12206209967897517, 'IEF': 0.014043035856613956, 'TIP': 0.010496981337662154, 'LQD': 0.07192892734602341, 'HYG': 0.12869265448403258, 'DBC': 0.06756418531048661, 'GLD': 0.029236697035550274, 'SHY': 0.3}"
2010-06-30,0.22292408317698492,"{'SPY': 0.15544786608633027, 'QQQ': 0.13294465717773596, 'TLT': 0.14492606270898856, 'IEF': 0.015671897909456806, 'TIP': 0.014657656659497132, 'LQD': 0.08167633897411163, 'HYG': 0.1446328353512632, 'DBC': 0.08254620191208964, 'GLD': 0.03895852480901938, 'SHY': 0.18853795841150756}"
2010-07-30,0.11038265036681855,"{'SPY': 0.16122680419971794, 'QQQ': 0.139469060426664, 'TLT': 0.1529358405078059, 'IEF': 0.025678151422015596, 'TIP': 0.018152731610892724, 'LQD': 0.08741515091561639, 'HYG': 0.1468294218588697, 'DBC': 0.09134024391229265, 'GLD': 0.04360596191802695, 'SHY': 0.13334663322809828}"
2010-08-31,0.06269478296250686,"{'SPY': 0.1622846260282084, 'QQQ': 0.14336747737342095, 'TLT': 0.15405023130101564, 'IEF': 0.037430702563757794, 'TIP': 0.02264666787289924, 'LQD': 0.09124067107592324, 'HYG': 0.14465370385880344, 'DBC': 0.09626277147968873, 'GLD': 0.0438881886993715, 'SHY': 0.10417495974691107}"
2010-09-30,0.04011695555183318,"{'SPY': 0.16114204502265056, 'QQQ': 0.14642019646479143, 'TLT': 0.15429998856048657, 'IEF': 0.04659549491033337, 'TIP': 0.023799132391624775, 'LQD': 0.0949421099879404, 'HYG': 0.14388144929701194, 'DBC': 0.09900007712744568, 'GLD': 0.04213293484599788, 'SHY': 0.0877865713917175}"
2010-10-29,0.036452581609666905,"{'SPY': 0.155570455417511, 'QQQ': 0.14577084880258787, 'TLT': 0.1545937965598542, 'IEF': 0.0536681121448717, 'TIP': 0.023570943688024634, 'LQD': 0.09999852352939409, 'HYG': 0.1465128312412677, 'DBC': 0.1021721472126637, 'GLD': 0.039329774010920054, 'SHY': 0.07881256739290511}"
2010-11-30,0.051874353608192245,"{'SPY': 0.15434608775554992, 'QQQ': 0.1432983586479114, 'TLT': 0.16225886087854507, 'IEF': 0.05894233444032611, 'TIP': 0.013629079524826396, 'LQD': 0.10210773400053963, 'HYG': 0.14664984974035217, 'DBC': 0.11292380843238457, 'GLD': 0.03025091042503208, 'SHY': 0.07559297615453277}"
2010-12-31,0.035260245029463184,"{'SPY': 0.1546796742461083, 'QQQ': 0.14190965684053522, 'TLT': 0.16506511708062852, 'IEF': 0.06419895259750646, 'TIP': 0.009382130547854703, 'LQD': 0.10299161488587197, 'HYG': 0.14706040647505647, 'DBC': 0.11978447570938822, 'GLD': 0.018256438694648363, 'SHY': 0.0766715329224019}"
2011-01-31,0.04960848481738052,"{'SPY': 0.15706405183866035, 'QQQ': 0.13758037512456958, 'TLT': 0.17006364993656992, 'IEF': 0.06634294422521578, 'TIP': 0.001105890413567267, 'LQD': 0.10345153266784465, 'HYG': 0.1476040422779716, 'DBC': 0.13028632989566835, 'GLD': 0.006057718136211186, 'SHY': 0.08044346548372144}"
2011-02-28,0.02566917695820197,"{'SPY': 0.1614517528195228, 'QQQ': 0.13139045709444117, 'TLT': 0.17012789475068532, 'IEF': 0.06807618252288318, 'TIP': 0.0, 'LQD': 0.10524299936911077, 'HYG': 0.14834348823494264, 'DBC': 0.13235137167172537, 'GLD': 0.000518938100805888, 'SHY': 0.08249691543588301}"
2011-03-31,0.012879224290472335,"{'SPY': 0.16485235386095193, 'QQQ': 0.12611190547862416, 'TLT': 0.17000600289068468, 'IEF': 0.06778522891529787, 'TIP': 0.0, 'LQD': 0.10562731203694262, 'HYG': 0.14811421127391527, 'DBC': 0.13447195268138148, 'GLD': 0.0, 'SHY': 0.08303103286220204}"
2011-04-29,0.010391971025502454,"{'SPY': 0.1670967852722225, 'QQQ': 0.12210862282310339, 'TLT': 0.1691300672643402, 'IEF': 0.06746846168441188, 'TIP': 0.0, 'LQD': 0.10704794297751861, 'HYG': 0.14834542807450313, 'DBC': 0.1354241113161469, 'GLD': 0.00024997037714612896, 'SHY': 0.0831286102106073}"
2011-05-31,0.018783203245229897,"{'SPY': 0.17168432570043624, 'QQQ': 0.11589269975772003, 'TLT': 0.1691943870312372, 'IEF': 0.06572583535783198, 'TIP': 0.0, 'LQD': 0.10586486112401307, 'HYG': 0.15053208825029085, 'DBC': 0.13604266109968152, 'GLD': 0.0, 'SHY': 0.08506314167878917}"
2011-06-30,0.013114102884799195,"{'SPY': 0.17476188870241074, 'QQQ': 0.1117384136040836, 'TLT': 0.1678223992369319, 'IEF': 0.06517648288756911, 'TIP': 0.0, 'LQD': 0.10538343609981811, 'HYG': 0.151968884207985, 'DBC': 0.13667489530489116, 'GLD': 0.0, 'SHY': 0.08647359995631052}"
2011-07-29,0.021643576814141953,"{'SPY': 0.17430236624233142, 'QQQ': 0.11425212983369379, 'TLT': 0.16218448093337143, 'IEF': 0.06638806976072026, 'TIP': 0.0, 'LQD': 0.10610358835589975, 'HYG': 0.1522651355143423, 'DBC': 0.1324058114439021, 'GLD': 0.0060800817418707135, 'SHY': 0.08601833617386842}"
2011-08-31,0.018259113079311086,"{'SPY': 0.18017505630689348, 'QQQ': 0.11290401359367623, 'TLT': 0.16196825880443105, 'IEF': 0.06572939438860927, 'TIP': 0.0, 'LQD': 0.10493139926310559, 'HYG': 0.15269728864215557, 'DBC': 0.12959663606010935, 'GLD': 0.0031549034198710144, 'SHY': 0.08884304952114863}"
2011-09-30,0.01572371941121652,"{'SPY': 0.18012780689627755, 'QQQ': 0.11527488945263924, 'TLT': 0.15772665842568195, 'IEF': 0.06611880117767131, 'TIP': 0.0, 'LQD': 0.10407930798006751, 'HYG': 0.1544386268979992, 'DBC': 0.12687571742690412, 'GLD': 0.00551142225900907, 'SHY': 0.08984676948375007}"
2011-10-31,0.059657412308093086,"{'SPY': 0.17562090520376872, 'QQQ': 0.1224785533651164, 'TLT': 0.15609369866495523, 'IEF': 0.0647932656706611, 'TIP': 0.00838866184427725, 'LQD': 0.10849152305602541, 'HYG': 0.16051619347557883, 'DBC': 0.11632144347031434, 'GLD': 0.0092580210027637, 'SHY': 0.07803773424653912}"
2011-11-30,0.02690994971952188,"{'SPY': 0.17461898512827503, 'QQQ': 0.1279598022990633, 'TLT': 0.15865688598994768, 'IEF': 0.06583751712382746, 'TIP': 0.0015506730191579537, 'LQD': 0.10886580353261044, 'HYG': 0.1610016298955225, 'DBC': 0.11572405474078067, 'GLD': 0.004240343773149469, 'SHY': 0.0815443044976657}"
2011-12-30,0.031123634502167596,"{'SPY': 0.17492371457649114, 'QQQ': 0.1322343525304404, 'TLT': 0.16387044705067466, 'IEF': 0.06807250507083501, 'TIP': 0.0, 'LQD': 0.10547180730425565, 'HYG': 0.15462482566510083, 'DBC': 0.11620390811273254, 'GLD': 0.0, 'SHY': 0.0845984396894698}"
2012-01-31,0.015410167298831797,"{'SPY': 0.17117420142137812, 'QQQ': 0.13171276480099162, 'TLT': 0.16442451984110756, 'IEF': 0.06879900564914773, 'TIP': 0.0013143026422366164, 'LQD': 0.10795686706280158, 'HYG': 0.15724997354498862, 'DBC': 0.1149930872562529, 'GLD': 0.0, 'SHY': 0.08237527778109542}"
2012-02-29,0.05889145954921801,"{'SPY': 0.16031501934367218, 'QQQ': 0.12992920965465712, 'TLT': 0.1521289238077706, 'IEF': 0.06897546794275292, 'TIP': 0.009400457948511534, 'LQD': 0.11396632493381209, 'HYG': 0.16548035867712232, 'DBC': 0.11048569073902129, 'GLD': 0.005347951348419619, 'SHY': 0.08397059560426048}"
2012-03-30,0.04360139931912911,"{'SPY': 0.15646022543030438, 'QQQ': 0.13001962421809063, 'TLT': 0.14127727636730858, 'IEF': 0.07358688522453681, 'TIP': 0.009917176723061865, 'LQD': 0.11408609242004077, 'HYG': 0.1586962029410724, 'DBC': 0.11249415157172134, 'GLD': 0.005037848778734833, 'SHY': 0.09842451632512861}"
2012-04-30,0.05817210020026341,"{'SPY': 0.1500568052078876, 'QQQ': 0.12789438758061458, 'TLT': 0.14401178564390363, 'IEF': 0.0736674149063431, 'TIP': 0.0, 'LQD': 0.10848372468159848, 'HYG': 0.16301522099986232, 'DBC': 0.1206771215457938, 'GLD': 0.0, 'SHY': 0.11219353943399649}"
2012-05-31,0.038233955583061516,"{'SPY': 0.14394508120411065, 'QQQ': 0.12755891934948888, 'TLT': 0.14473988769271606, 'IEF': 0.06507948457024823, 'TIP': 0.0, 'LQD': 0.10922059559401272, 'HYG': 0.17745564936682012, 'DBC': 0.11659526632526061, 'GLD': 0.0, 'SHY': 0.1154051158973428}"
2012-06-29,0.03345949935751276,"{'SPY': 0.14585071733327043, 'QQQ': 0.1333921475611855, 'TLT': 0.14430005669002915, 'IEF': 0.06485565736512518, 'TIP': 0.0, 'LQD': 0.11151109538332431, 'HYG': 0.18008973932485473, 'DBC': 0.10052917485431422, 'GLD': 0.0, 'SHY': 0.1194714114878966}"
2012-07-31,0.028587358855206094,"{'SPY': 0.14289340884741047, 'QQQ': 0.12981887942023948, 'TLT': 0.14257960972686115, 'IEF': 0.06392173823780826, 'TIP': 0.0, 'LQD': 0.11336847801545269, 'HYG': 0.190602356378773, 'DBC': 0.09542043814400204, 'GLD': 0.0, 'SHY': 0.12139509122945295}"
2012-08-31,0.03977070392777752,"{'SPY': 0.14572481811008137, 'QQQ': 0.130990590413614, 'TLT': 0.15053566767485005, 'IEF': 0.05547940962700929, 'TIP': 0.0, 'LQD': 0.10983049146177375, 'HYG': 0.19852853013862748, 'DBC': 0.09176010441327302, 'GLD': 0.0, 'SHY': 0.11715038816077114}"
2012-09-28,0.03811155677943835,"{'SPY': 0.1411611791868515, 'QQQ': 0.1228589968855763, 'TLT': 0.1506779789968734, 'IEF': 0.05112498915164806, 'TIP': 0.0, 'LQD': 0.11378715283415874, 'HYG': 0.21218601721768726, 'DBC': 0.09305942302952405, 'GLD': 0.0, 'SHY': 0.11514426269768074}"
2012-10-31,0.02103183302307321,"{'SPY': 0.14045689401511743, 'QQQ': 0.1216160280657215, 'TLT': 0.14848309116956815, 'IEF': 0.050066879472429514, 'TIP': 0.0, 'LQD': 0.11763721303743951, 'HYG': 0.21885187352594312, 'DBC': 0.09050231901118724, 'GLD': 0.0, 'SHY': 0.11238570170259365}"
2012-11-30,0.026921422187868645,"{'SPY': 0.1434036394347337, 'QQQ': 0.12120968986919499, 'TLT': 0.1484398440132246, 'IEF': 0.047981260770973824, 'TIP': 5.756476162975489e-05, 'LQD': 0.12198370729341078, 'HYG': 0.22496178018266014, 'DBC': 0.08342561901246119, 'GLD': 0.0, 'SHY': 0.1085368946617111}"
2012-12-31,0.010754076373996231,"{'SPY': 0.14473114167112974, 'QQQ': 0.11796057139203928, 'TLT': 0.14913845126122174, 'IEF': 0.04625152533600669, 'TIP': 0.0, 'LQD': 0.12164308778016532, 'HYG': 0.2273317007106824, 'DBC': 0.08405191891713736, 'GLD': 0.0, 'SHY': 0.10889160293161765}"
2013-01-31,0.025188430009448648,"{'SPY': 0.15385711327080334, 'QQQ': 0.1070298461637656, 'TLT': 0.14819805416766546, 'IEF': 0.046928442819364626, 'TIP': 0.0, 'LQD': 0.1230025065178606, 'HYG': 0.226608608027788, 'DBC': 0.08444078037256972, 'GLD': 0.0, 'SHY': 0.10993464866018277}"
2013-02-28,0.03759698632820671,"{'SPY': 0.16575514752437473, 'QQQ': 0.10749492174462698, 'TLT': 0.14661381253139422, 'IEF': 0.04976025657533866, 'TIP': 0.0, 'LQD': 0.11856391778120247, 'HYG': 0.215574160042519, 'DBC': 0.08269956556666473, 'GLD': 0.0, 'SHY': 0.1135382182338793}"
2013-03-28,0.06708813115889163,"{'SPY': 0.17870472418028566, 'QQQ': 0.09546473526674068, 'TLT': 0.15442687501185254, 'IEF': 0.04455151274844137, 'TIP': 0.0, 'LQD': 0.10898194448795542, 'HYG': 0.20885099806110388, 'DBC': 0.08980852565053318, 'GLD': 0.0, 'SHY': 0.11921068459308748}"
2013-04-30,0.027605811867003907,"{'SPY': 0.18787000972884932, 'QQQ': 0.09081206459963535, 'TLT': 0.15690211405287469, 'IEF': 0.04258338713299555, 'TIP': 0.0, 'LQD': 0.1053275780615515, 'HYG': 0.20544454688173644, 'DBC': 0.0896872336053536, 'GLD': 0.0, 'SHY': 0.12137306593700349}"
2013-05-31,0.023905289196080877,"{'SPY': 0.193575032423337, 'QQQ': 0.08583302530977135, 'TLT': 0.15732642305186073, 'IEF': 0.041832889504984386, 'TIP': 0.0, 'LQD': 0.10177927791430466, 'HYG': 0.2027697393488181, 'DBC': 0.09124476239382594, 'GLD': 0.0, 'SHY': 0.12563885005309794}"
2013-06-28,0.03559727701670756,"{'SPY': 0.1877246660838755, 'QQQ': 0.0878435541434239, 'TLT': 0.15155055284150545, 'IEF': 0.04806782126693811, 'TIP': 0.0, 'LQD': 0.11063263632677824, 'HYG': 0.20346955884909204, 'DBC': 0.0879690471235377, 'GLD': 0.0, 'SHY': 0.1227421633648492}"
2013-07-31,0.03885449882207787,"{'SPY': 0.1812597303421716, 'QQQ': 0.07652655796571518, 'TLT': 0.15100916259569205, 'IEF': 0.04696389402112517, 'TIP': 0.0, 'LQD': 0.11470894291210865, 'HYG': 0.21123538582225576, 'DBC': 0.0934121111973882, 'GLD': 0.0, 'SHY': 0.12488421514354349}"
2013-08-30,0.0324343428911726,"{'SPY': 0.18596622389553025, 'QQQ': 0.07623245659232174, 'TLT': 0.15962699909088934, 'IEF': 0.03683831722226489, 'TIP': 0.0, 'LQD': 0.10971305842909104, 'HYG': 0.21173026506211118, 'DBC': 0.09581007335456315, 'GLD': 0.0, 'SHY': 0.12408260635322853}"
2013-09-30,0.021495846969179444,"{'SPY': 0.1861846031538265, 'QQQ': 0.08358266092701813, 'TLT': 0.16187787180591004, 'IEF': 0.033702089599545966, 'TIP': 0.0, 'LQD': 0.11064152560566742, 'HYG': 0.21090083894859685, 'DBC': 0.09205589598279956, 'GLD': 0.0, 'SHY': 0.12105451397663566}"
2013-10-31,0.02621662401946337,"{'SPY': 0.18812374231650908, 'QQQ': 0.08487834919888787, 'TLT': 0.16850056060545826, 'IEF': 0.025861480333140542, 'TIP': 0.0, 'LQD': 0.1085961992525644, 'HYG': 0.2089478778283655, 'DBC': 0.09530669175843066, 'GLD': 0.0, 'SHY': 0.11978509870664372}"
2013-11-29,0.014866480676251174,"{'SPY': 0.18261077796869116, 'QQQ': 0.0879661934769809, 'TLT': 0.1671535497791025, 'IEF': 0.025288215169188707, 'TIP': 0.0, 'LQD': 0.10866513553708665, 'HYG': 0.2111205177486602, 'DBC': 0.09644701330632473, 'GLD': 0.0, 'SHY': 0.12074859701396533}"
2013-12-31,0.011352832503200214,"{'SPY': 0.17810352655018558, 'QQQ': 0.08982190100192596, 'TLT': 0.16689685602894277, 'IEF': 0.024980301221259934, 'TIP': 0.0, 'LQD': 0.10977866458056675, 'HYG': 0.21354743604033927, 'DBC': 0.09672727469782057, 'GLD': 0.0, 'SHY': 0.12014403987895925}"
2014-01-31,0.08039066645967567,"{'SPY': 0.1698229923775531, 'QQQ': 0.09626512710303303, 'TLT': 0.15134760910238515, 'IEF': 0.03843879464813933, 'TIP': 0.012828191822834331, 'LQD': 0.11724408645958379, 'HYG': 0.20883635968077763, 'DBC': 0.086557478335782, 'GLD': 0.0, 'SHY': 0.11865936046991171}"
2014-02-28,0.03589249783764686,"{'SPY': 0.16564042816617888, 'QQQ': 0.10371195297353084, 'TLT': 0.14533013975412054, 'IEF': 0.0457304477414417, 'TIP': 0.010789254532899792, 'LQD': 0.12009764934184339, 'HYG': 0.20446325445011374, 'DBC': 0.08522330549719587, 'GLD': 0.0, 'SHY': 0.11901356754267539}"
2014-03-31,0.03379866168049231,"{'SPY': 0.16069912473510553, 'QQQ': 0.10654914822841224, 'TLT': 0.13798328094621534, 'IEF': 0.0525073407436247, 'TIP': 0.013349049658195907, 'LQD': 0.12334200387555143, 'HYG': 0.2026563788747042, 'DBC': 0.08241901247133776, 'GLD': 0.0, 'SHY': 0.12049466046685293}"
2014-04-30,0.03045728491501446,"{'SPY': 0.16353228034321576, 'QQQ': 0.11010002932916947, 'TLT': 0.14426979360392916, 'IEF': 0.0523098809228536, 'TIP': 0.0, 'LQD': 0.12259711364042283, 'HYG': 0.20271959905217832, 'DBC': 0.0814817697279262, 'GLD': 0.0, 'SHY': 0.12298953338030483}"
2014-05-30,0.0030375561213656574,"{'SPY': 0.16284909674418382, 'QQQ': 0.10941878020619789, 'TLT': 0.14451529664689658, 'IEF': 0.05232972640358025, 'TIP': 0.0, 'LQD': 0.1232469484946431, 'HYG': 0.20288386626846047, 'DBC': 0.08132742438924687, 'GLD': 0.0, 'SHY': 0.12342886084679114}"
2014-06-30,0.010403289016745684,"{'SPY': 0.16425995018284928, 'QQQ': 0.10840241361046496, 'TLT': 0.14585711554281827, 'IEF': 0.05162731451339685, 'TIP': 0.0, 'LQD': 0.12212203035463495, 'HYG': 0.2014485018269658, 'DBC': 0.08040484094829317, 'GLD': 0.0, 'SHY': 0.12587783302057684}"
2014-07-31,0.008818640913650831,"{'SPY': 0.16521082091835804, 'QQQ': 0.10850372660961183, 'TLT': 0.14784971563471339, 'IEF': 0.05006660066855273, 'TIP': 0.0, 'LQD': 0.11967424438793818, 'HYG': 0.2010476811816813, 'DBC': 0.08084284920701602, 'GLD': 0.0, 'SHY': 0.12680436139212867}"
2014-08-29,0.03729961005880494,"{'SPY': 0.15746490559549578, 'QQQ': 0.10726462983411927, 'TLT': 0.14187693447946462, 'IEF': 0.05508799858888951, 'TIP': 0.006106660482643147, 'LQD': 0.12354626136893501, 'HYG': 0.20148039319426678, 'DBC': 0.08405986683985618, 'GLD': 0.0, 'SHY': 0.12311234961632972}"
2014-09-30,0.03266880807961119,"{'SPY': 0.1508675642383848, 'QQQ': 0.10983925788839269, 'TLT': 0.14368613266171462, 'IEF': 0.05949363987341967, 'TIP': 0.00473845789726343, 'LQD': 0.12241830614399453, 'HYG': 0.19508480680690374, 'DBC': 0.09160480335860827, 'GLD': 0.0, 'SHY': 0.12226703113131841}"
2014-10-31,0.04770151947706537,"{'SPY': 0.14642146593585376, 'QQQ': 0.10709138527987164, 'TLT': 0.13487347609687345, 'IEF': 0.06568388036784376, 'TIP': 0.01588790898334884, 'LQD': 0.12406436114026378, 'HYG': 0.19437375978256066, 'DBC': 0.09646981652036218, 'GLD': 0.0, 'SHY': 0.11513394589302205}"
2014-11-28,0.09104627903071039,"{'SPY': 0.14626669482394639, 'QQQ': 0.11410635824734669, 'TLT': 0.1476275453366906, 'IEF': 0.07358335992473707, 'TIP': 0.004016789888494188, 'LQD': 0.10919280832814665, 'HYG': 0.1757480632860846, 'DBC': 0.10489402506116391, 'GLD': 0.0, 'SHY': 0.12456435510338999}"
2014-12-31,0.05920404929596624,"{'SPY': 0.1473109431403828, 'QQQ': 0.09909503486330891, 'TLT': 0.1396227808830428, 'IEF': 0.07488857769463904, 'TIP': 0.003526843478485188, 'LQD': 0.11627906123718344, 'HYG': 0.19591436893869263, 'DBC': 0.1008583651321861, 'GLD': 0.0, 'SHY': 0.12250402463207931}"
2015-01-30,0.09470542228687895,"{'SPY': 0.15948225605336758, 'QQQ': 0.08465037288090073, 'TLT': 0.1525167446452239, 'IEF': 0.059796428712250806, 'TIP': 0.0, 'LQD': 0.10947539388773254, 'HYG': 0.21820180340696615, 'DBC': 0.09490024994787456, 'GLD': 0.0, 'SHY': 0.1209767504656838}"
2015-02-27,0.01815172297147119,"{'SPY': 0.1617882186665297, 'QQQ': 0.08848601159332724, 'TLT': 0.14845982472752425, 'IEF': 0.05575812986685231, 'TIP': 0.0, 'LQD': 0.10941715535700691, 'HYG': 0.22105796855215368, 'DBC': 0.09397784575596277, 'GLD': 0.0, 'SHY': 0.12105484548064326}"
2015-03-31,0.010091402369746615,"{'SPY': 0.16228689142919145, 'QQQ': 0.08861191118683856, 'TLT': 0.14850428414053538, 'IEF': 0.052377107116723484, 'TIP': 0.0, 'LQD': 0.1080693274749193, 'HYG': 0.22416063191229665, 'DBC': 0.09525185181150889, 'GLD': 0.0, 'SHY': 0.12073799492798636}"
2015-04-30,0.014948200396301507,"{'SPY': 0.16113094769996, 'QQQ': 0.09095058444494775, 'TLT': 0.1502880304476059, 'IEF': 0.0484186378523915, 'TIP': 0.0, 'LQD': 0.10715935267675727, 'HYG': 0.22697043990963853, 'DBC': 0.09579372444713802, 'GLD': 0.0, 'SHY': 0.11928828252156104}"
2015-05-29,0.011486803573589964,"{'SPY': 0.16008176676421576, 'QQQ': 0.0917772150247751, 'TLT': 0.1487448757589428, 'IEF': 0.046322635876089514, 'TIP': 0.0, 'LQD': 0.10985721209427309, 'HYG': 0.2262670750960625, 'DBC': 0.09545333629860935, 'GLD': 0.0022189117894518343, 'SHY': 0.11927697129758011}"
2015-06-30,0.03325442466722885,"{'SPY': 0.16530174556208693, 'QQQ': 0.0921460906524646, 'TLT': 0.15203826709545418, 'IEF': 0.036412670748493046, 'TIP': 0.0, 'LQD': 0.10871169720197978, 'HYG': 0.23085511609161882, 'DBC': 0.09861026187459543, 'GLD': 0.0, 'SHY': 0.11592415077330732}"
2015-07-31,0.05553242553455965,"{'SPY': 0.1712861534829535, 'QQQ': 0.08085768003656653, 'TLT': 0.155064801516174, 'IEF': 0.021437012435437233, 'TIP': 0.0, 'LQD': 0.11395884409506273, 'HYG': 0.24336253195484386, 'DBC': 0.09961096954398087, 'GLD': 0.0, 'SHY': 0.11442200693498138}"
2015-08-31,0.019280514783316414,"{'SPY': 0.1761056374936055, 'QQQ': 0.07807364267662058, 'TLT': 0.15552325530105982, 'IEF': 0.015244954833767973, 'TIP': 0.0, 'LQD': 0.11713167038381243, 'HYG': 0.24422248912228645, 'DBC': 0.09894680711393786, 'GLD': 0.0, 'SHY': 0.11475154307490947}"
2015-09-30,0.02725363048051195,"{'SPY': 0.18023160853862386, 'QQQ': 0.08071973807504883, 'TLT': 0.16018858303752748, 'IEF': 0.008645876573197193, 'TIP': 0.0, 'LQD': 0.11539939746318965, 'HYG': 0.24013921534518634, 'DBC': 0.10113622817427959, 'GLD': 0.0, 'SHY': 0.11353935279294718}"
2015-10-30,0.039681704931295525,"{'SPY': 0.18469734534018983, 'QQQ': 0.07295096865667823, 'TLT': 0.16140191717412145, 'IEF': 0.0005319263177326196, 'TIP': 0.0, 'LQD': 0.117238511647276, 'HYG': 0.2524618826885878, 'DBC': 0.09914705557030087, 'GLD': 0.0, 'SHY': 0.11157039260511331}"
2015-11-30,0.04179577966839389,"{'SPY': 0.19038924284011807, 'QQQ': 0.07554575323247464, 'TLT': 0.1696687440895918, 'IEF': 0.0, 'TIP': 0.0, 'LQD': 0.11035450643528548, 'HYG': 0.23971807722721505, 'DBC': 0.10349143641330279, 'GLD': 0.0, 'SHY': 0.11083223976201224}"
2015-12-31,0.03870456321980641,"{'SPY': 0.18727172323457564, 'QQQ': 0.08212877528995187, 'TLT': 0.1628669481736429, 'IEF': 0.003449644962635706, 'TIP': 0.0, 'LQD': 0.10585974603949191, 'HYG': 0.24048123367111376, 'DBC': 0.09855323072068452, 'GLD': 0.004741822355198766, 'SHY': 0.11464687555270507}"
2016-01-29,0.03242980125852155,"{'SPY': 0.18219866386275024, 'QQQ': 0.08651956406827666, 'TLT': 0.1592946429216472, 'IEF': 0.004635444517109817, 'TIP': 0.0, 'LQD': 0.10188371449981375, 'HYG': 0.24444637635346145, 'DBC': 0.09495972625492294, 'GLD': 0.008149489380699345, 'SHY': 0.11791237814131862}"
2016-02-29,0.0326664759919021,"{'SPY': 0.17486649642462157, 'QQQ': 0.0831406095959286, 'TLT': 0.15886937424375602, 'IEF': 0.0033309809239429992, 'TIP': 0.0, 'LQD': 0.10351637702042515, 'HYG': 0.25614569484057575, 'DBC': 0.09106734244050661, 'GLD': 0.00916564761351088, 'SHY': 0.11989747689673244}"
2016-03-31,0.02552709435467085,"{'SPY': 0.17410337896598307, 'QQQ': 0.08396601435766442, 'TLT': 0.15574395774677716, 'IEF': 0.0005165667320413615, 'TIP': 0.0, 'LQD': 0.10208733381196107, 'HYG': 0.25938709216384476, 'DBC': 0.08643578661915434, 'GLD': 0.016155851032971427, 'SHY': 0.12160401856960257}"
2016-04-29,0.03312460016094927,"{'SPY': 0.17585918728359803, 'QQQ': 0.08618098944014414, 'TLT': 0.1522559940220546, 'IEF': 0.0, 'TIP': 0.0, 'LQD': 0.09441733025859732, 'HYG': 0.26081229321091076, 'DBC': 0.08154802054880729, 'GLD': 0.025636373175314607, 'SHY': 0.12328981206057327}"
2016-05-31,0.060604528661507714,"{'SPY': 0.18365382931422058, 'QQQ': 0.08786476974333779, 'TLT': 0.14489893383171767, 'IEF': 0.0002960220193838868, 'TIP': 0.0, 'LQD': 0.08862567233354386, 'HYG': 0.24713703409292753, 'DBC': 0.0780697334514271, 'GLD': 0.041983792067356994, 'SHY': 0.1274702131460847}"
2016-06-30,0.06777903143489228,"{'SPY': 0.18883085815065626, 'QQQ': 0.08576506620063358, 'TLT': 0.15875307734609378, 'IEF': 0.0, 'TIP': 0.0, 'LQD': 0.08398270618814106, 'HYG': 0.2362300407950026, 'DBC': 0.0883882155936445, 'GLD': 0.026039961355326643, 'SHY': 0.1320100743705016}"
2016-07-29,0.07102057049433373,"{'SPY': 0.19020083240790234, 'QQQ': 0.09881547197885687, 'TLT': 0.1546976865490677, 'IEF': 0.003422007102188268, 'TIP': 0.0, 'LQD': 0.08562996188164698, 'HYG': 0.20895893294992002, 'DBC': 0.08862717613388439, 'GLD': 0.041821643231090104, 'SHY': 0.12782628776544344}"
2016-08-31,0.09274704815461886,"{'SPY': 0.18711707595213783, 'QQQ': 0.1146995130037297, 'TLT': 0.1383182483443129, 'IEF': 0.01651263678603144, 'TIP': 0.0, 'LQD': 0.08817063850202861, 'HYG': 0.1852382340826568, 'DBC': 0.0889163532969978, 'GLD': 0.056390642816188497, 'SHY': 0.12463665721591656}"
2016-09-30,0.06253813701354394,"{'SPY': 0.20180853874783422, 'QQQ': 0.09492894177463655, 'TLT': 0.1377882506208531, 'IEF': 0.008398615096582846, 'TIP': 0.0, 'LQD': 0.0890315202358168, 'HYG': 0.18238375621788633, 'DBC': 0.08972659779248171, 'GLD': 0.06571128739346371, 'SHY': 0.1302224921204448}"
2016-10-31,0.07371070196389032,"{'SPY': 0.22036452173298615, 'QQQ': 0.07076669212516652, 'TLT': 0.1409218512856789, 'IEF': 0.00875068018110497, 'TIP': 0.0, 'LQD': 0.09229069856291441, 'HYG': 0.19263854512868644, 'DBC': 0.0880664020927258, 'GLD': 0.054678381760744556, 'SHY': 0.1315222271299924}"
2016-11-30,0.027218608126310096,"{'SPY': 0.22745238622020453, 'QQQ': 0.06497536709830384, 'TLT': 0.13864785175092342, 'IEF': 0.010293564735841377, 'TIP': 0.0, 'LQD': 0.09229420943305115, 'HYG': 0.19761358927974992, 'DBC': 0.08604577934328578, 'GLD': 0.05287364966770957, 'SHY': 0.12980360247093048}"
2016-12-30,0.034465209786727694,"{'SPY': 0.2272109363902046, 'QQQ': 0.0675351218145495, 'TLT': 0.1259456238395513, 'IEF': 0.012159527320565518, 'TIP': 0.0, 'LQD': 0.09167146599974038, 'HYG': 0.20643969159680567, 'DBC': 0.08237959562460478, 'GLD': 0.05542603665482098, 'SHY': 0.1312320007591574}"
2017-01-31,0.02564447397658591,"{'SPY': 0.22694615597735726, 'QQQ': 0.06817375146732578, 'TLT': 0.11904118603343866, 'IEF': 0.019798864604363742, 'TIP': 0.0, 'LQD': 0.08865621401068695, 'HYG': 0.20903900601971467, 'DBC': 0.08066276717862332, 'GLD': 0.05737099228363045, 'SHY': 0.13031106242485932}"
2017-02-28,0.04511967587726759,"{'SPY': 0.23076901381637258, 'QQQ': 0.0599170279960538, 'TLT': 0.12395412192915123, 'IEF': 0.02602316551240825, 'TIP': 0.0, 'LQD': 0.08873137294648684, 'HYG': 0.21376652650313713, 'DBC': 0.08345983105526236, 'GLD': 0.04478935026131939, 'SHY': 0.12858958997980854}"
2017-03-31,0.03583185603564368,"{'SPY': 0.23251032954129258, 'QQQ': 0.05501906028592056, 'TLT': 0.1281724457555331, 'IEF': 0.02985935425002548, 'TIP': 0.0, 'LQD': 0.08962699875485913, 'HYG': 0.2182637324383686, 'DBC': 0.08618709904056127, 'GLD': 0.03585008596333833, 'SHY': 0.12451089397010096}"
2017-04-28,0.058240137578266175,"{'SPY': 0.2228498289380685, 'QQQ': 0.06978561048953028, 'TLT': 0.1190964160540194, 'IEF': 0.036157439114608135, 'TIP': 0.0, 'LQD': 0.08949947567807444, 'HYG': 0.21376507979903694, 'DBC': 0.08440216258303809, 'GLD': 0.04390551968427909, 'SHY': 0.12053846765934521}"
2017-05-31,0.01624854173097271,"{'SPY': 0.22283541587669276, 'QQQ': 0.06678215233270411, 'TLT': 0.12087804423037543, 'IEF': 0.03825637866077727, 'TIP': 0.0, 'LQD': 0.09006241637831802, 'HYG': 0.21642530285281938, 'DBC': 0.08542270197197326, 'GLD': 0.03945732123782658, 'SHY': 0.11988026645851328}"
2017-06-30,0.040617686131867226,"{'SPY': 0.21371972718852456, 'QQQ': 0.06920715312217626, 'TLT': 0.12241605104820427, 'IEF': 0.041618707739938206, 'TIP': 0.0, 'LQD': 0.091634414041507, 'HYG': 0.227087155176172, 'DBC': 0.08617235836490342, 'GLD': 0.030234902107369357, 'SHY': 0.11790953121120518}"
2017-07-31,0.05581065864504815,"{'SPY': 0.21476845705739286, 'QQQ': 0.05826281211655321, 'TLT': 0.13083100237035558, 'IEF': 0.039339534363767914, 'TIP': 0.0, 'LQD': 0.09545399280350031, 'HYG': 0.2400725174790302, 'DBC': 0.08780906543155628, 'GLD': 0.018039950204611712, 'SHY': 0.11542266817323199}"
2017-08-31,0.035718967667468654,"{'SPY': 0.21368534443805567, 'QQQ': 0.05446448432381187, 'TLT': 0.13366729825859608, 'IEF': 0.03388137668246504, 'TIP': 0.0, 'LQD': 0.0973154129658842, 'HYG': 0.25323428526214015, 'DBC': 0.08569964990721714, 'GLD': 0.015380947397079328, 'SHY': 0.11267120076475061}"
2017-09-29,0.021936205703839723,"{'SPY': 0.21524780917472502, 'QQQ': 0.05184768630427897, 'TLT': 0.1363487971816053, 'IEF': 0.03115320555758856, 'TIP': 0.0, 'LQD': 0.10167890072965063, 'HYG': 0.25496242453430623, 'DBC': 0.0863321620635259, 'GLD': 0.012187636514518829, 'SHY': 0.11024137793980063}"
2017-10-31,0.04949615479871756,"{'SPY': 0.22264875894758943, 'QQQ': 0.04003358264200685, 'TLT': 0.14206537241686046, 'IEF': 0.027800916784004797, 'TIP': 0.0, 'LQD': 0.10710282552353514, 'HYG': 0.25923294269694, 'DBC': 0.0878494046867707, 'GLD': 0.002605951551015899, 'SHY': 0.11066024475127671}"
2017-11-30,0.020362949396125506,"{'SPY': 0.22714227919545213, 'QQQ': 0.03761438503790657, 'TLT': 0.1435459658160911, 'IEF': 0.027685332368410136, 'TIP': 0.0, 'LQD': 0.10998582858426026, 'HYG': 0.2554944232854224, 'DBC': 0.08917376267701498, 'GLD': 0.0, 'SHY': 0.10935802303544244}"
2017-12-29,0.04867532701912333,"{'SPY': 0.24147427147007333, 'QQQ': 0.033454165414507936, 'TLT': 0.1491500114114601, 'IEF': 0.026571640423048114, 'TIP': 0.0, 'LQD': 0.10963984447925648, 'HYG': 0.23677665544962517, 'DBC': 0.09356494695786322, 'GLD': 0.0, 'SHY': 0.10936846439416571}"
2018-01-31,0.056889254355100824,"{'SPY': 0.22893692181447478, 'QQQ': 0.04939348355631159, 'TLT': 0.14426533998277738, 'IEF': 0.03396953873814805, 'TIP': 0.0, 'LQD': 0.1112267473398445, 'HYG': 0.22870431760408588, 'DBC': 0.09708545481792205, 'GLD': 0.0, 'SHY': 0.10641819614643588}"
2018-02-28,0.02265782617418865,"{'SPY': 0.22841852181280417, 'QQQ': 0.052742089490823214, 'TLT': 0.14728418600602447, 'IEF': 0.03243652567993547, 'TIP': 0.0, 'LQD': 0.11167638790674508, 'HYG': 0.21942681757687477, 'DBC': 0.10134996235287408, 'GLD': 0.0, 'SHY': 0.1066655091739189}"
2018-03-29,0.02650018210359633,"{'SPY': 0.2338320166241799, 'QQQ': 0.051389255752143106, 'TLT': 0.15017177481110544, 'IEF': 0.027009619422839172, 'TIP': 0.0, 'LQD': 0.11294697464240253, 'HYG': 0.21295646652085296, 'DBC': 0.10400910965914667, 'GLD': 0.0, 'SHY': 0.10768478256733027}"
2018-04-30,0.008737607462255638,"{'SPY': 0.23192255791491748, 'QQQ': 0.050837307509602934, 'TLT': 0.15221948652755588, 'IEF': 0.025102222643513965, 'TIP': 0.0, 'LQD': 0.11423941420535402, 'HYG': 0.2131913761095611, 'DBC': 0.10443863550641791, 'GLD': 0.0, 'SHY': 0.10804899958307679}"
2018-05-31,0.02547945234172526,"{'SPY': 0.22611312627825747, 'QQQ': 0.05545796389755059, 'TLT': 0.1520764086102571, 'IEF': 0.02689656965637148, 'TIP': 0.0, 'LQD': 0.10770537693826979, 'HYG': 0.21840664586917882, 'DBC': 0.1055480885168577, 'GLD': 0.0, 'SHY': 0.10779582023325723}"
2018-06-29,0.028665696927886047,"{'SPY': 0.21986274868452946, 'QQQ': 0.05916967130271433, 'TLT': 0.1504353196194901, 'IEF': 0.026844853920625345, 'TIP': 0.0, 'LQD': 0.10319907888033963, 'HYG': 0.22769581304188402, 'DBC': 0.1036647204310859, 'GLD': 0.0, 'SHY': 0.10912779411933127}"
2018-07-31,0.02842958622580633,"{'SPY': 0.21202247863513915, 'QQQ': 0.06448761024749454, 'TLT': 0.14718813359185778, 'IEF': 0.028929826213526504, 'TIP': 0.0, 'LQD': 0.10372004254446679, 'HYG': 0.23398673125297867, 'DBC': 0.10150605024945392, 'GLD': 0.0, 'SHY': 0.10815912726508273}"
2018-08-31,0.029649279616314386,"{'SPY': 0.20542344937289025, 'QQQ': 0.06804208003070812, 'TLT': 0.14233014909663813, 'IEF': 0.03373608551135502, 'TIP': 0.0, 'LQD': 0.10756186682362164, 'HYG': 0.2317825614180875, 'DBC': 0.10412813669741423, 'GLD': 0.0, 'SHY': 0.10699567104928531}"
2018-09-28,0.018171395478970183,"{'SPY': 0.2078589034869562, 'QQQ': 0.06059397359405818, 'TLT': 0.1432490934741266, 'IEF': 0.032145898781665204, 'TIP': 0.0, 'LQD': 0.11030765938524723, 'HYG': 0.23173515684494211, 'DBC': 0.10543222838157579, 'GLD': 0.0, 'SHY': 0.10867708605142878}"
2018-10-31,0.0775646621120461,"{'SPY': 0.21967668456183748, 'QQQ': 0.057967934794061975, 'TLT': 0.15478428098013533, 'IEF': 0.03016803580890927, 'TIP': 0.0, 'LQD': 0.0978754299663801, 'HYG': 0.20998895698053835, 'DBC': 0.11100551379657239, 'GLD': 0.0, 'SHY': 0.11853316311156525}"
2018-11-30,0.013821644388424405,"{'SPY': 0.22400835371790567, 'QQQ': 0.05785090062407108, 'TLT': 0.1565303707665989, 'IEF': 0.029155169335070383, 'TIP': 0.0, 'LQD': 0.09870849321806051, 'HYG': 0.20493039801449625, 'DBC': 0.11041386171270279, 'GLD': 0.0, 'SHY': 0.1184024526110945}"
2018-12-31,0.025977328613673464,"{'SPY': 0.22380218767261773, 'QQQ': 0.058254079272275945, 'TLT': 0.15644338953615858, 'IEF': 0.024656301185548023, 'TIP': 0.0, 'LQD': 0.1112939788766924, 'HYG': 0.2024243709292592, 'DBC': 0.10786364917833, 'GLD': 0.0, 'SHY': 0.11526204334911827}"
2019-01-31,0.060801046248065385,"{'SPY': 0.215308892105662, 'QQQ': 0.06838884216277552, 'TLT': 0.14367089717700832, 'IEF': 0.027560148728398084, 'TIP': 0.0, 'LQD': 0.12602230452723576, 'HYG': 0.2050579579693989, 'DBC': 0.10461320776821287, 'GLD': 0.0, 'SHY': 0.1093777495613087}"
2019-02-28,0.07020297422169403,"{'SPY': 0.23060111014095808, 'QQQ': 0.05621489386544038, 'TLT': 0.15124048604959583, 'IEF': 0.018990177378808683, 'TIP': 0.0, 'LQD': 0.1244596427806225, 'HYG': 0.19226305225208967, 'DBC': 0.10918377060855877, 'GLD': 0.0, 'SHY': 0.11704686692392621}"
2019-03-29,0.05528506857256762,"{'SPY': 0.24424827820854297, 'QQQ': 0.04799444431885662, 'TLT': 0.15476260361911262, 'IEF': 0.01606057372431203, 'TIP': 0.0, 'LQD': 0.11847561616570351, 'HYG': 0.18175459778180528, 'DBC': 0.11160999006358292, 'GLD': 0.0, 'SHY': 0.1250938961180842}"
2019-04-30,0.046249238956119654,"{'SPY': 0.2474937750481107, 'QQQ': 0.04565048032963791, 'TLT': 0.14399552219220804, 'IEF': 0.018965096116939726, 'TIP': 0.0, 'LQD': 0.13357893972023874, 'HYG': 0.17400930793687258, 'DBC': 0.10934170584657905, 'GLD': 0.0, 'SHY': 0.12696517280941333}"
2019-05-31,0.0325366026706799,"{'SPY': 0.25254399993788523, 'QQQ': 0.03895364462648373, 'TLT': 0.1431553688138729, 'IEF': 0.015704055758287604, 'TIP': 0.0, 'LQD': 0.1447625015364899, 'HYG': 0.16874417642669381, 'DBC': 0.10937622047589338, 'GLD': 0.0, 'SHY': 0.12676003242439365}"
2019-06-28,0.03980292340491523,"{'SPY': 0.24688452974344874, 'QQQ': 0.041846369751759586, 'TLT': 0.13515923198982913, 'IEF': 0.02415509119230327, 'TIP': 0.0, 'LQD': 0.1533202026796559, 'HYG': 0.1675288839020116, 'DBC': 0.10615714909491963, 'GLD': 0.0, 'SHY': 0.12494854164607218}"
2019-07-31,0.04003026065361094,"{'SPY': 0.24239285068177546, 'QQQ': 0.04153581913487356, 'TLT': 0.12345145444805565, 'IEF': 0.032079997914523, 'TIP': 0.0006235048205435259, 'LQD': 0.15857417871111945, 'HYG': 0.16880961702252395, 'DBC': 0.102652025988447, 'GLD': 0.0016978070467999786, 'SHY': 0.12818274423133857}"
2019-08-30,0.024324757372580816,"{'SPY': 0.24235583275488431, 'QQQ': 0.04051162057946122, 'TLT': 0.1175308151757215, 'IEF': 0.03758521745294407, 'TIP': 0.0, 'LQD': 0.16107010937837712, 'HYG': 0.1642525989114147, 'DBC': 0.10310667340365072, 'GLD': 0.003746111821974951, 'SHY': 0.12984102052157154}"
2019-09-30,0.04957419142570041,"{'SPY': 0.250244231470157, 'QQQ': 0.031240950296953753, 'TLT': 0.11707974978591734, 'IEF': 0.0347522635513985, 'TIP': 0.0, 'LQD': 0.16374314036578147, 'HYG': 0.15763798379282712, 'DBC': 0.10077546654706536, 'GLD': 0.017971777832148147, 'SHY': 0.1265544363577515}"
2019-10-31,0.0336293341450119,"{'SPY': 0.2477724787482329, 'QQQ': 0.03263894510413625, 'TLT': 0.11023336377655475, 'IEF': 0.038953737926457066, 'TIP': 0.0, 'LQD': 0.16144542307772874, 'HYG': 0.16050294261752196, 'DBC': 0.09956400655726443, 'GLD': 0.026322016897718167, 'SHY': 0.12256708529438586}"
2019-11-29,0.06548747183808995,"{'SPY': 0.24465518364294533, 'QQQ': 0.025014678676752947, 'TLT': 0.10590115712071842, 'IEF': 0.03891510729148179, 'TIP': 0.006182920286527151, 'LQD': 0.16846822560306104, 'HYG': 0.1800409557247075, 'DBC': 0.09491739709188075, 'GLD': 0.02235676869502162, 'SHY': 0.1135476058669036}"
2019-12-31,0.038856079008459526,"{'SPY': 0.23852512670846443, 'QQQ': 0.03244122171847448, 'TLT': 0.10729199623779127, 'IEF': 0.04026772167757737, 'TIP': 0.007384661630496909, 'LQD': 0.1680983162566444, 'HYG': 0.18052540626746222, 'DBC': 0.092710846963651, 'GLD': 0.02992861976763695, 'SHY': 0.10282608277180116}"
2020-01-31,0.06271389287872857,"{'SPY': 0.24609349272861944, 'QQQ': 0.03191513502559966, 'TLT': 0.12018513761393528, 'IEF': 0.04198204476275336, 'TIP': 0.0, 'LQD': 0.171145509442488, 'HYG': 0.1715804034308587, 'DBC': 0.09664449644099882, 'GLD': 0.015427424488247878, 'SHY': 0.105026356066499}"
2020-02-28,0.04087805311179457,"{'SPY': 0.2531583700586191, 'QQQ': 0.026839979720975304, 'TLT': 0.12688913226909138, 'IEF': 0.03716022091149161, 'TIP': 0.0, 'LQD': 0.16850032479831212, 'HYG': 0.16409336279348824, 'DBC': 0.10057330255892145, 'GLD': 0.015017602369783042, 'SHY': 0.10776770451931793}"
2020-03-31,0.02582531046563122,"{'SPY': 0.2537392476340176, 'QQQ': 0.029621927955050652, 'TLT': 0.13058177250869327, 'IEF': 0.03733270231204005, 'TIP': 0.0, 'LQD': 0.16739965019458145, 'HYG': 0.1619824441717545, 'DBC': 0.10237224566150774, 'GLD': 0.00531654036243175, 'SHY': 0.11165346919992294}"
2020-04-30,0.02619188486685898,"{'SPY': 0.25026552333230967, 'QQQ': 0.034325482318591595, 'TLT': 0.13294101284097354, 'IEF': 0.038587936590041186, 'TIP': 0.0, 'LQD': 0.16309397242529167, 'HYG': 0.16288956751047706, 'DBC': 0.10267251296948307, 'GLD': 0.0, 'SHY': 0.1152239920128322}"
2020-05-29,0.02636916092190409,"{'SPY': 0.25387090751007546, 'QQQ': 0.029259517105757804, 'TLT': 0.13520964644761344, 'IEF': 0.041685427044852744, 'TIP': 0.0, 'LQD': 0.1549753571771735, 'HYG': 0.16648177154711147, 'DBC': 0.10280631155075887, 'GLD': 0.0, 'SHY': 0.1157110616166569}"
2020-06-30,0.0950639992518411,"{'SPY': 0.28153483353861625, 'QQQ': 0.0040259607118559426, 'TLT': 0.14743796148943278, 'IEF': 0.036336549078405736, 'TIP': 0.0, 'LQD': 0.14020867744970011, 'HYG': 0.1643835957133291, 'DBC': 0.10272160184644287, 'GLD': 0.0, 'SHY': 0.12335082017221725}"
2020-07-31,0.047409547419096615,"{'SPY': 0.2831892637601358, 'QQQ': 0.003568773417898515, 'TLT': 0.1465729669351465, 'IEF': 0.04555712558653671, 'TIP': 0.0, 'LQD': 0.1208666528206009, 'HYG': 0.1770540015400066, 'DBC': 0.09968103461423751, 'GLD': 0.0, 'SHY': 0.12351018132543753}"
2020-08-31,0.0839053285851611,"{'SPY': 0.28273273061772236, 'QQQ': 0.0, 'TLT': 0.15387756759536209, 'IEF': 0.044136698821338353, 'TIP': 0.0, 'LQD': 0.08962369340942479, 'HYG': 0.1969164048665606, 'DBC': 0.09954502414203814, 'GLD': 0.014785660305810917, 'SHY': 0.11838222024174273}"
2020-09-30,0.05635698791784028,"{'SPY': 0.2707943486289713, 'QQQ': 0.01182689611667856, 'TLT': 0.1445436153824851, 'IEF': 0.044375719702936585, 'TIP': 0.0, 'LQD': 0.09137062833675452, 'HYG': 0.19942383185140905, 'DBC': 0.09738779110645177, 'GLD': 0.026643875354276203, 'SHY': 0.11363329352003715}"
2020-10-30,0.04652623083074259,"{'SPY': 0.25985951966942167, 'QQQ': 0.01861390555374389, 'TLT': 0.13805687383177756, 'IEF': 0.044926885546016745, 'TIP': 0.0, 'LQD': 0.09061144173338842, 'HYG': 0.20328493907416845, 'DBC': 0.09529501923264827, 'GLD': 0.03870770826674254, 'SHY': 0.11064370709209255}"
2020-11-30,0.024623799407231212,"{'SPY': 0.2553581439588606, 'QQQ': 0.021720296027004486, 'TLT': 0.13660330077993924, 'IEF': 0.04498083069661402, 'TIP': 0.0, 'LQD': 0.08681619798752248, 'HYG': 0.20598150719077762, 'DBC': 0.09413301793942246, 'GLD': 0.045162704229891076, 'SHY': 0.10924400118996809}"
2020-12-31,0.05742997312752065,"{'SPY': 0.25223467474210165, 'QQQ': 0.025695003777213638, 'TLT': 0.1419624634201453, 'IEF': 0.0488242717458566, 'TIP': 0.0, 'LQD': 0.09561933905975413, 'HYG': 0.21119241247760517, 'DBC': 0.09565664670446584, 'GLD': 0.02142962721835627, 'SHY': 0.10738556085450156}"
2021-01-29,0.059643465147001314,"{'SPY': 0.24489892446308842, 'QQQ': 0.03145358561515723, 'TLT': 0.13876849340936923, 'IEF': 0.05159865621247712, 'TIP': 0.002218730855805796, 'LQD': 0.11056621097600593, 'HYG': 0.2153155759744841, 'DBC': 0.09291712375620353, 'GLD': 0.007598426423095141, 'SHY': 0.10466427231431362}"
2021-02-26,0.08104420653216715,"{'SPY': 0.23047782692047086, 'QQQ': 0.03922168972714346, 'TLT': 0.1262706299623477, 'IEF': 0.053428797099916756, 'TIP': 0.01288192616490913, 'LQD': 0.12151875510307505, 'HYG': 0.21155182003745446, 'DBC': 0.09069920361853, 'GLD': 0.016906545253580384, 'SHY': 0.09704280611257231}"
2021-03-31,0.037570063477283686,"{'SPY': 0.22926336574728615, 'QQQ': 0.03790991427740231, 'TLT': 0.12460204544710415, 'IEF': 0.0588257559617123, 'TIP': 0.013747436466790011, 'LQD': 0.12996847451897692, 'HYG': 0.21075329353579655, 'DBC': 0.09430876844948227, 'GLD': 0.0031148611547659136, 'SHY': 0.09750608444068365}"
2021-04-30,0.030559832349681147,"{'SPY': 0.23402302516792386, 'QQQ': 0.03501838156752116, 'TLT': 0.11909281507047847, 'IEF': 0.061293285373693385, 'TIP': 0.014626258175951541, 'LQD': 0.13444167543244498, 'HYG': 0.21206682216933773, 'DBC': 0.09054447651591437, 'GLD': 0.0, 'SHY': 0.09889326052673458}"
2021-05-28,0.022639602774693963,"{'SPY': 0.23327873204543492, 'QQQ': 0.041534369089121025, 'TLT': 0.11951560776391418, 'IEF': 0.06464478403610466, 'TIP': 0.013228471283641392, 'LQD': 0.13453579309540137, 'HYG': 0.20411166682820286, 'DBC': 0.0914798813628581, 'GLD': 0.0, 'SHY': 0.09767069449532154}"
2021-06-30,0.023233242183667575,"{'SPY': 0.22694631895783168, 'QQQ': 0.04741048070958981, 'TLT': 0.11803069159036639, 'IEF': 0.06569806806432896, 'TIP': 0.014745855088260205, 'LQD': 0.1369915343717736, 'HYG': 0.2019245676467879, 'DBC': 0.09219398172500781, 'GLD': 0.0, 'SHY': 0.0960585018460538}"
2021-07-30,0.0228008840145213,"{'SPY': 0.22414453462644807, 'QQQ': 0.05114204675539964, 'TLT': 0.12147593840437107, 'IEF': 0.06541815519811817, 'TIP': 0.0064271102785939714, 'LQD': 0.13747365610623513, 'HYG': 0.20317123107911483, 'DBC': 0.09413969001960146, 'GLD': 0.0, 'SHY': 0.09660763753211785}"
2021-08-31,0.042190292096479454,"{'SPY': 0.21218441928087395, 'QQQ': 0.06298535606031345, 'TLT': 0.11773760115062192, 'IEF': 0.06372326047220532, 'TIP': 0.012938718943583786, 'LQD': 0.13962671466275312, 'HYG': 0.2037584006009329, 'DBC': 0.0922927924827036, 'GLD': 0.0, 'SHY': 0.09475273634601204}"
2021-09-30,0.024582818522164325,"{'SPY': 0.2061592106728446, 'QQQ': 0.0692632221141202, 'TLT': 0.11886221359353011, 'IEF': 0.0620455930562034, 'TIP': 0.00854467446739426, 'LQD': 0.13969995974084032, 'HYG': 0.20709586830288573, 'DBC': 0.09209830372184227, 'GLD': 0.0, 'SHY': 0.09623095433033926}"
2021-10-29,0.020323633866564335,"{'SPY': 0.19989665790462696, 'QQQ': 0.07043483737163173, 'TLT': 0.11828877589378411, 'IEF': 0.06041335577519899, 'TIP': 0.006851085283080124, 'LQD': 0.14035888941696484, 'HYG': 0.21238045097284236, 'DBC': 0.0935472084764476, 'GLD': 0.0, 'SHY': 0.09782873890542343}"
2021-11-30,0.058957955711581744,"{'SPY': 0.20559673997951866, 'QQQ': 0.07207735953489397, 'TLT': 0.1300938260876687, 'IEF': 0.05597864485394389, 'TIP': 0.0, 'LQD': 0.1263842503605858, 'HYG': 0.20816190837776574, 'DBC': 0.09866170709165384, 'GLD': 0.0, 'SHY': 0.1030455637139695}"
2021-12-31,0.01707788014217944,"{'SPY': 0.20259858733183161, 'QQQ': 0.07364831068902855, 'TLT': 0.13286137283789035, 'IEF': 0.053158609889440066, 'TIP': 0.0, 'LQD': 0.12366349790168696, 'HYG': 0.20883029828921626, 'DBC': 0.10075814708689429, 'GLD': 0.0, 'SHY': 0.10448117597401205}"
2022-01-31,0.013412054614907055,"{'SPY': 0.19847584700162682, 'QQQ': 0.07238785723000014, 'TLT': 0.13411563944389232, 'IEF': 0.05183577637121971, 'TIP': 0.0, 'LQD': 0.1246331105347457, 'HYG': 0.21074501918817432, 'DBC': 0.10307422331446299, 'GLD': 0.0, 'SHY': 0.10473252691587807}"
2022-02-28,0.0495181449075515,"{'SPY': 0.20516867366052854, 'QQQ': 0.062486538175205074, 'TLT': 0.14291737989022726, 'IEF': 0.044206780586426575, 'TIP': 0.0, 'LQD': 0.11740435292055819, 'HYG': 0.21151126196430436, 'DBC': 0.10894654737640329, 'GLD': 0.0, 'SHY': 0.10735846542634685}"
2022-03-31,0.052114585378991135,"{'SPY': 0.1938224215864682, 'QQQ': 0.06803824451024845, 'TLT': 0.13352298751688257, 'IEF': 0.046854651551663566, 'TIP': 0.006436302586104991, 'LQD': 0.12722115339088122, 'HYG': 0.20892965591669485, 'DBC': 0.11055115970919044, 'GLD': 0.0, 'SHY': 0.1046234232318658}"
2022-04-29,0.0537741418370695,"{'SPY': 0.19609589244182463, 'QQQ': 0.07069318887452194, 'TLT': 0.1447838244103815, 'IEF': 0.03310889755517371, 'TIP': 0.0, 'LQD': 0.12534974386193268, 'HYG': 0.20409605110970347, 'DBC': 0.11662402593995992, 'GLD': 0.0, 'SHY': 0.1092483758065022}"
2022-05-31,0.03843669662254049,"{'SPY': 0.18737893026014207, 'QQQ': 0.07327163187519578, 'TLT': 0.13428243828079384, 'IEF': 0.03652484361118514, 'TIP': 0.0, 'LQD': 0.13026935492363226, 'HYG': 0.20646225098188628, 'DBC': 0.11767262563386188, 'GLD': 0.0, 'SHY': 0.11413792443330284}"
2022-06-30,0.07216883945398811,"{'SPY': 0.1783135356535115, 'QQQ': 0.07851774075728303, 'TLT': 0.11960803256996294, 'IEF': 0.04416250581161316, 'TIP': 0.01653936585538164, 'LQD': 0.1369306377127294, 'HYG': 0.20257098469298895, 'DBC': 0.11378549262089761, 'GLD': 0.0, 'SHY': 0.10957170432563186}"
2022-07-29,0.03315622162787384,"{'SPY': 0.18081705698499984, 'QQQ': 0.0800447343833048, 'TLT': 0.11987656915856611, 'IEF': 0.0456371523377076, 'TIP': 0.005596338524188213, 'LQD': 0.14631178832847616, 'HYG': 0.1969359012102455, 'DBC': 0.11501899800173479, 'GLD': 0.0, 'SHY': 0.10976146107077718}"
2022-08-31,0.07408394380164877,"{'SPY': 0.19036915439449245, 'QQQ': 0.0731716345191479, 'TLT': 0.1277718033082891, 'IEF': 0.035288682683301646, 'TIP': 0.0, 'LQD': 0.1559605002395842, 'HYG': 0.1827118373521721, 'DBC': 0.11945956804758126, 'GLD': 0.0, 'SHY': 0.11526681945543138}"
2022-09-30,0.06411022076262317,"{'SPY': 0.20219812452921598, 'QQQ': 0.06848604750404907, 'TLT': 0.12973780700691995, 'IEF': 0.018811910563549923, 'TIP': 0.0, 'LQD': 0.16218590609491196, 'HYG': 0.17181908610571106, 'DBC': 0.1199708296673323, 'GLD': 0.0, 'SHY': 0.12679028852830976}"
2022-10-31,0.05174674385404425,"{'SPY': 0.18974402317569766, 'QQQ': 0.08079285857361103, 'TLT': 0.1202302581829114, 'IEF': 0.02901047106151282, 'TIP': 0.002488572300774691, 'LQD': 0.15832797470433452, 'HYG': 0.17178129373842707, 'DBC': 0.11995483167569854, 'GLD': 0.0008618794528855375, 'SHY': 0.12680783713414687}"
2022-11-30,0.06066619714431745,"{'SPY': 0.18056092176155025, 'QQQ': 0.09370162747102458, 'TLT': 0.1076625160788649, 'IEF': 0.035678795638289885, 'TIP': 0.006583847946558818, 'LQD': 0.1533947942959189, 'HYG': 0.16937668801220784, 'DBC': 0.11889995400461283, 'GLD': 0.007522608905069512, 'SHY': 0.1266182458859026}"
2022-12-30,0.0567524699264369,"{'SPY': 0.17285174404727371, 'QQQ': 0.09881111891265887, 'TLT': 0.09477180972250038, 'IEF': 0.04120767324972273, 'TIP': 0.011228400358826362, 'LQD': 0.14947986473521552, 'HYG': 0.16737930665665302, 'DBC': 0.11779253766982495, 'GLD': 0.020615922402953325, 'SHY': 0.12586162224437134}"
2023-01-31,0.02977746378086339,"{'SPY': 0.16759700264265048, 'QQQ': 0.1019012277923552, 'TLT': 0.08815185913770696, 'IEF': 0.04307390454326766, 'TIP': 0.010273043555231644, 'LQD': 0.14993856119174798, 'HYG': 0.16818932478440857, 'DBC': 0.11775125050553915, 'GLD': 0.02927959953585572, 'SHY': 0.12384422631123679}"
2023-02-28,0.038300932474804,"{'SPY': 0.16380051221427505, 'QQQ': 0.1049187984859899, 'TLT': 0.0783964470477941, 'IEF': 0.045884022671533915, 'TIP': 0.013780130921622627, 'LQD': 0.14615844292450442, 'HYG': 0.1664994450991761, 'DBC': 0.11789151077561145, 'GLD': 0.038955029314893475, 'SHY': 0.12371566054459908}"
2023-03-31,0.018705349899913827,"{'SPY': 0.16165220157284335, 'QQQ': 0.10793502541190747, 'TLT': 0.07285998529629897, 'IEF': 0.046798294771429015, 'TIP': 0.013494538301619896, 'LQD': 0.14622590197433666, 'HYG': 0.1685662100044242, 'DBC': 0.11650920083858407, 'GLD': 0.04072005507970263, 'SHY': 0.1252385867488538}"
2023-04-28,0.06886144279841472,"{'SPY': 0.16505317496094385, 'QQQ': 0.10451699379881371, 'TLT': 0.07706578007617701, 'IEF': 0.043237134282004604, 'TIP': 0.0, 'LQD': 0.1492909496712721, 'HYG': 0.18234918219186602, 'DBC': 0.12019180351771026, 'GLD': 0.02676306408463338, 'SHY': 0.1315319174165792}"
2023-05-31,0.024686940316401514,"{'SPY': 0.16442435772174813, 'QQQ': 0.10293352547460728, 'TLT': 0.07909184324972104, 'IEF': 0.044415524865349984, 'TIP': 0.0, 'LQD': 0.1477001136066647, 'HYG': 0.18755789584937443, 'DBC': 0.12104031446711462, 'GLD': 0.018222715554442166, 'SHY': 0.1346137092109778}"
2023-06-30,0.034986232680533705,"{'SPY': 0.16036149800459362, 'QQQ': 0.09826920276413212, 'TLT': 0.08135076472932161, 'IEF': 0.04244992155537423, 'TIP': 0.0, 'LQD': 0.14677096936798176, 'HYG': 0.1964642245557847, 'DBC': 0.12736818062137062, 'GLD': 0.01734454883603019, 'SHY': 0.12962068956541126}"
2023-07-31,0.030137357721319466,"{'SPY': 0.1594056580631512, 'QQQ': 0.10144011764851382, 'TLT': 0.08739268792421188, 'IEF': 0.0389757309703145, 'TIP': 0.0, 'LQD': 0.14796839128507605, 'HYG': 0.1959484257182802, 'DBC': 0.1320265994856641, 'GLD': 0.009634069503228496, 'SHY': 0.12720831940155986}"
2023-08-31,0.0495529982600267,"{'SPY': 0.15895831961320012, 'QQQ': 0.10803382873694135, 'TLT': 0.08608024860838771, 'IEF': 0.04644076678008773, 'TIP': 0.00514547392537937, 'LQD': 0.14339664792333628, 'HYG': 0.1836695278184973, 'DBC': 0.1323831200730535, 'GLD': 0.0034679894005130224, 'SHY': 0.1324240771206036}"
2023-09-29,0.11733788909096392,"{'SPY': 0.16437591258477707, 'QQQ': 0.1234807431510376, 'TLT': 0.07391666224499671, 'IEF': 0.05367225958605825, 'TIP': 0.01745349324080525, 'LQD': 0.12533815277767016, 'HYG': 0.1552226647820725, 'DBC': 0.13312359889770403, 'GLD': 0.01483916965710066, 'SHY': 0.13857734307777783}"
2023-10-31,0.04419432197090295,"{'SPY': 0.16637181610544433, 'QQQ': 0.13187428300305165, 'TLT': 0.07457706338723626, 'IEF': 0.05755614148089954, 'TIP': 0.016789755754957517, 'LQD': 0.12058920623307309, 'HYG': 0.1417719175449098, 'DBC': 0.13626020802143515, 'GLD': 0.01160543993925666, 'SHY': 0.14260416852973604}"
2023-11-30,0.03288137188386321,"{'SPY': 0.16402564193888697, 'QQQ': 0.13396896902272254, 'TLT': 0.07902259921098478, 'IEF': 0.061598081585442346, 'TIP': 0.016384806122833107, 'LQD': 0.12109563919249482, 'HYG': 0.13757466564225113, 'DBC': 0.13917735770596784, 'GLD': 0.0021131296986654897, 'SHY': 0.145039109879751}"
2023-12-29,0.01803804480990127,"{'SPY': 0.16399182499718065, 'QQQ': 0.13445798039703455, 'TLT': 0.08357968116005009, 'IEF': 0.061699996144477715, 'TIP': 0.00959222601020926, 'LQD': 0.12353034079898657, 'HYG': 0.13870272714028, 'DBC': 0.13948560912398525, 'GLD': 0.0, 'SHY': 0.1449596142277961}"
2024-01-31,0.03567770195046788,"{'SPY': 0.16070914867527247, 'QQQ': 0.131048308103113, 'TLT': 0.08736706999207863, 'IEF': 0.06084865181319681, 'TIP': 0.005004160281778834, 'LQD': 0.1283694062303464, 'HYG': 0.14791512385212557, 'DBC': 0.13719011306771126, 'GLD': 0.0, 'SHY': 0.14154801798437722}"
2024-02-29,0.020171867279881513,"{'SPY': 0.1570330864893333, 'QQQ': 0.12930358661304606, 'TLT': 0.08763383306463894, 'IEF': 0.059804725675974765, 'TIP': 0.005159899266018156, 'LQD': 0.13038714585085126, 'HYG': 0.15556081581476178, 'DBC': 0.13688763908783888, 'GLD': 0.0, 'SHY': 0.13822926813753691}"
2024-03-28,0.04502113214739605,"{'SPY': 0.1631020861473365, 'QQQ': 0.13625899989288837, 'TLT': 0.09144522927685174, 'IEF': 0.05137296524100854, 'TIP': 0.0, 'LQD': 0.1269098932142158, 'HYG': 0.1501191620786836, 'DBC': 0.1407786497897136, 'GLD': 0.0, 'SHY': 0.1400130143593019}"
2024-04-30,0.02115609284588383,"{'SPY': 0.16135656265178816, 'QQQ': 0.1348604881965681, 'TLT': 0.09870042741989711, 'IEF': 0.04690833240906866, 'TIP': 0.0, 'LQD': 0.12677559871446226, 'HYG': 0.14728407817930372, 'DBC': 0.14348712712378087, 'GLD': 0.0, 'SHY': 0.1406273853051312}"
2024-05-31,0.011820858297117619,"{'SPY': 0.16122726843313917, 'QQQ': 0.1359808367436238, 'TLT': 0.10164457817472702, 'IEF': 0.04455882455798939, 'TIP': 0.0, 'LQD': 0.1253860894145115, 'HYG': 0.14524196040042395, 'DBC': 0.14415127257642038, 'GLD': 0.0, 'SHY': 0.14180916969916488}"
2024-06-28,0.009501286780302466,"{'SPY': 0.1622219228457593, 'QQQ': 0.13554476382037003, 'TLT': 0.1037837790791657, 'IEF': 0.04055466821209553, 'TIP': 0.0, 'LQD': 0.12599961873934712, 'HYG': 0.14577218166092445, 'DBC': 0.14384085845541678, 'GLD': 0.0, 'SHY': 0.1422822071869212}"
2024-07-31,0.046878750319536346,"{'SPY': 0.16508113260292975, 'QQQ': 0.12612539090036795, 'TLT': 0.1060406915802355, 'IEF': 0.03219632920120844, 'TIP': 0.0, 'LQD': 0.13153660392219854, 'HYG': 0.15329311308368718, 'DBC': 0.14130031942246574, 'GLD': 0.005265336295913796, 'SHY': 0.13916108299099328}"
2024-08-30,0.05309471721827801,"{'SPY': 0.16923715146731072, 'QQQ': 0.11994841620253945, 'TLT': 0.11276285476827698, 'IEF': 0.019915064105457393, 'TIP': 0.0, 'LQD': 0.13758812297295447, 'HYG': 0.16291077058964776, 'DBC': 0.14056054036994753, 'GLD': 0.0, 'SHY': 0.13707707952386577}"
2024-09-30,0.016431101354330353,"{'SPY': 0.17135281446895895, 'QQQ': 0.11756398352789388, 'TLT': 0.11446042605241954, 'IEF': 0.014822168923306468, 'TIP': 0.0, 'LQD': 0.13922956948629872, 'HYG': 0.16544798877167377, 'DBC': 0.13982231754957886, 'GLD': 0.0, 'SHY': 0.1373007312198699}"
2024-10-31,0.012806705170287425,"{'SPY': 0.17332748924755803, 'QQQ': 0.11413393113292938, 'TLT': 0.11534964132502237, 'IEF': 0.012176377464584288, 'TIP': 0.0, 'LQD': 0.1404649991339222, 'HYG': 0.16760419379880626, 'DBC': 0.13949480881812182, 'GLD': 0.0, 'SHY': 0.13744855907905573}"
2024-11-29,0.05842765396197155,"{'SPY': 0.17197031759647255, 'QQQ': 0.10564797689777825, 'TLT': 0.1104868525026943, 'IEF': 0.007197903181338136, 'TIP': 0.0, 'LQD': 0.14392336198263178, 'HYG': 0.18536856439732788, 'DBC': 0.13123083473541375, 'GLD': 0.007991093533754599, 'SHY': 0.1361830951725889}"
2024-12-31,0.037587784561234905,"{'SPY': 0.17817197828315137, 'QQQ': 0.10367467697312115, 'TLT': 0.116774836592706, 'IEF': 0.0, 'TIP': 0.0, 'LQD': 0.1436879493071678, 'HYG': 0.1869244780754233, 'DBC': 0.13597916856124528, 'GLD': 0.0015302973392587057, 'SHY': 0.1332566148679266}"
2025-01-31,0.01312585229914834,"{'SPY': 0.1784138696066616, 'QQQ': 0.10431435719446536, 'TLT': 0.12245619119742561, 'IEF': 0.0, 'TIP': 0.0, 'LQD': 0.14301912606553174, 'HYG': 0.18360833385442216, 'DBC': 0.1353955422358778, 'GLD': 0.0, 'SHY': 0.1327925798456157}"
2025-02-28,0.020467071508150348,"{'SPY': 0.17667088591401853, 'QQQ': 0.10837885223655651, 'TLT': 0.1182534564876894, 'IEF': 0.000753762511050372, 'TIP': 0.0, 'LQD': 0.14276930916982128, 'HYG': 0.18517910056227055, 'DBC': 0.13135754177989245, 'GLD': 0.0014308903795229614, 'SHY': 0.13520620095917807}"
2025-03-31,0.032949966625106866,"{'SPY': 0.17443286407322992, 'QQQ': 0.10690707119031168, 'TLT': 0.1205308213444996, 'IEF': 0.0, 'TIP': 0.0, 'LQD': 0.14263414936465216, 'HYG': 0.19227989005336338, 'DBC': 0.12565349027319525, 'GLD': 0.008527719344173445, 'SHY': 0.12903399435657487}"
2025-04-30,0.04116326154026074,"{'SPY': 0.17090448079551743, 'QQQ': 0.10368688533325297, 'TLT': 0.11718859177831957, 'IEF': 0.005900716236690593, 'TIP': 0.0, 'LQD': 0.14406026678863323, 'HYG': 0.20211567668550226, 'DBC': 0.12032795375999834, 'GLD': 0.0033624237881911268, 'SHY': 0.1324530048338946}"
2025-05-30,0.0626435051977875,"{'SPY': 0.18362444464659206, 'QQQ': 0.09490374523045227, 'TLT': 0.13251802713926708, 'IEF': 0.0, 'TIP': 0.0, 'LQD': 0.14069075091831812, 'HYG': 0.20319495290895903, 'DBC': 0.12252103092341314, 'GLD': 0.0, 'SHY': 0.12254704823299836}"
2025-06-30,0.05178757466381434,"{'SPY': 0.18888738648432363, 'QQQ': 0.08550247847460402, 'TLT': 0.1447287478485375, 'IEF': 0.0, 'TIP': 0.0, 'LQD': 0.1338189199206839, 'HYG': 0.20258687494388217, 'DBC': 0.13094115570831827, 'GLD': 0.0, 'SHY': 0.11353443661965049}"
2025-07-31,0.09842941460665003,"{'SPY': 0.20746324357788448, 'QQQ': 0.05751143415416609, 'TLT': 0.14435383364193557, 'IEF': 0.0, 'TIP': 0.0, 'LQD': 0.13601176771576512, 'HYG': 0.23103287735856518, 'DBC': 0.1277645192737003, 'GLD': 0.0, 'SHY': 0.09586232427798336}"
2025-08-29,0.08393701146088482,"{'SPY': 0.22386291462890756, 'QQQ': 0.03916784588086717, 'TLT': 0.13445146657199145, 'IEF': 0.0, 'TIP': 0.0, 'LQD': 0.1378240030800012, 'HYG': 0.25478947667374846, 'DBC': 0.11922966453242412, 'GLD': 0.0, 'SHY': 0.09067462863206022}"
2025-09-30,0.11506908286432346,"{'SPY': 0.24549255662886577, 'QQQ': 0.00992442561363283, 'TLT': 0.12408253275390628, 'IEF': 0.0, 'TIP': 0.0, 'LQD': 0.1406207734197766, 'HYG': 0.28789760576617657, 'DBC': 0.1078201194350188, 'GLD': 0.0, 'SHY': 0.08416198638262329}"
2025-10-31,0.12418478494908441,"{'SPY': 0.23298485220113554, 'QQQ': 0.032851059759128214, 'TLT': 0.15338141873196118, 'IEF': 0.0, 'TIP': 0.0, 'LQD': 0.12515622190699702, 'HYG': 0.27964543722441254, 'DBC': 0.11768699178601068, 'GLD': 0.0, 'SHY': 0.05829401839035487}"
2025-11-28,0.11264879351153972,"{'SPY': 0.22822504734322302, 'QQQ': 0.04628505133766725, 'TLT': 0.18261115176690382, 'IEF': 0.0, 'TIP': 0.0, 'LQD': 0.1074773738161196, 'HYG': 0.2547634463077243, 'DBC': 0.13134766392829889, 'GLD': 0.0, 'SHY': 0.04929026550006321}"
2025-12-31,0.06087647988177093,"{'SPY': 0.23174466848928238, 'QQQ': 0.04354371837489253, 'TLT': 0.20397881014851016, 'IEF': 0.0, 'TIP': 0.0, 'LQD': 0.08238187627883167, 'HYG': 0.2534484277911607, 'DBC': 0.1368986243415187, 'GLD': 0.0, 'SHY': 0.04800387457580402}"
2026-01-30,0.05973413353973216,"{'SPY': 0.22025224275169789, 'QQQ': 0.05338660754087232, 'TLT': 0.20539009815918113, 'IEF': 0.0, 'TIP': 0.0, 'LQD': 0.06487238010993483, 'HYG': 0.2713700400484585, 'DBC': 0.13603347947813388, 'GLD': 0.0, 'SHY': 0.04869515191172148}"
2026-02-27,0.06467528694396393,"{'SPY': 0.22906172772860056, 'QQQ': 0.04355781918769536, 'TLT': 0.2204721037269637, 'IEF': 0.0, 'TIP': 0.0, 'LQD': 0.044351339584415006, 'HYG': 0.27678230927207087, 'DBC': 0.13906736318181828, 'GLD': 0.0, 'SHY': 0.04670733731843635}"
2026-03-31,0.0511975744110648,"{'SPY': 0.23278460447960553, 'QQQ': 0.046468044471071425, 'TLT': 0.22908933319335845, 'IEF': 0.0, 'TIP': 0.0, 'LQD': 0.030942740831468314, 'HYG': 0.2645921208194852, 'DBC': 0.14424293637965868, 'GLD': 0.0, 'SHY': 0.05188021982535258}"
2026-04-30,0.1700905437328934,"{'SPY': 0.20009024146287632, 'QQQ': 0.07308965937725528, 'TLT': 0.19220652960345663, 'IEF': 0.0, 'TIP': 0.0, 'LQD': 0.0649497016169158, 'HYG': 0.2737147505363619, 'DBC': 0.128774831119843, 'GLD': 0.0, 'SHY': 0.06717428628329122}"
2026-05-29,0.06511352934856568,"{'SPY': 0.18578023343811553, 'QQQ': 0.07744323685728376, 'TLT': 0.17904119050726117, 'IEF': 0.0, 'TIP': 0.0, 'LQD': 0.09217218440257721, 'HYG': 0.2746954549449548, 'DBC': 0.12551029047369136, 'GLD': 0.0, 'SHY': 0.06535740937611621}"
2026-06-08,0.04937297907930871,"{'SPY': 0.17244467053528456, 'QQQ': 0.09161493989128922, 'TLT': 0.18029943509090487, 'IEF': 0.0, 'TIP': 0.0, 'LQD': 0.10094266613156697, 'HYG': 0.26433914470020653, 'DBC': 0.12599635066670684, 'GLD': 0.0, 'SHY': 0.06436279298404113}"
