date,regime,growthLevel,growthDirection,cliTrend,cliMomentum,unemployment,cpiYoY,yieldCurve,turnover,weights
2007-01-31,Expansion,High,Rising,0.24814999999998122,0.3024999999999949,4.4,0.025239777889954462,-0.1750001907348632,1.8,"{'SPY': 0.6, 'QQQ': 0.2, 'HYG': 0.0, 'LQD': 0.0, 'TLT': 0.0, 'SHY': 0.1, 'DBC': 0.0, 'GLD': 0.1}"
2007-02-28,Expansion,High,Rising,0.3213083333333344,0.3229999999999933,4.6,0.020757651781234232,-0.1489996910095214,0.0,"{'SPY': 0.6, 'QQQ': 0.2, 'HYG': 0.0, 'LQD': 0.0, 'TLT': 0.0, 'SHY': 0.1, 'DBC': 0.0, 'GLD': 0.1}"
2007-03-30,Expansion,High,Rising,0.3894416666666842,0.32439999999999714,4.5,0.02420260782347028,-0.4449996948242187,0.0,"{'SPY': 0.6, 'QQQ': 0.2, 'HYG': 0.0, 'LQD': 0.0, 'TLT': 0.0, 'SHY': 0.1, 'DBC': 0.0, 'GLD': 0.1}"
2007-04-30,Expansion,High,Rising,0.45409999999999684,0.3218999999999994,4.4,0.027981972959439272,-0.2470002174377441,0.2,"{'SPY': 0.6, 'QQQ': 0.2, 'HYG': 0.1, 'LQD': 0.0, 'TLT': 0.0, 'SHY': 0.0, 'DBC': 0.0, 'GLD': 0.1}"
2007-05-31,Expansion,High,Rising,0.5024416666666696,0.3171999999999997,4.5,0.025929247633283525,-0.0949997901916503,0.0,"{'SPY': 0.6, 'QQQ': 0.2, 'HYG': 0.1, 'LQD': 0.0, 'TLT': 0.0, 'SHY': 0.0, 'DBC': 0.0, 'GLD': 0.1}"
2007-06-29,Expansion,High,Rising,0.5146749999999969,0.290300000000002,4.4,0.02709885742672613,0.2999997138977051,0.0,"{'SPY': 0.6, 'QQQ': 0.2, 'HYG': 0.1, 'LQD': 0.0, 'TLT': 0.0, 'SHY': 0.0, 'DBC': 0.0, 'GLD': 0.1}"
2007-07-31,Expansion,High,Rising,0.481458333333336,0.22230000000000416,4.6,0.02692765113974227,0.3629999160766601,0.0,"{'SPY': 0.6, 'QQQ': 0.2, 'HYG': 0.1, 'LQD': 0.0, 'TLT': 0.0, 'SHY': 0.0, 'DBC': 0.0, 'GLD': 0.1}"
2007-08-31,Expansion,High,Rising,0.39450000000000784,0.10760000000000502,4.7,0.023178905864958077,-0.0390000343322753,0.0,"{'SPY': 0.6, 'QQQ': 0.2, 'HYG': 0.1, 'LQD': 0.0, 'TLT': 0.0, 'SHY': 0.0, 'DBC': 0.0, 'GLD': 0.1}"
2007-09-28,Slowdown,High,Falling,0.2588583333333361,-0.037499999999994316,4.6,0.01897448478900876,0.5470001697540283,1.3,"{'SPY': 0.25, 'QQQ': 0.0, 'HYG': 0.0, 'LQD': 0.0, 'TLT': 0.25, 'SHY': 0.25, 'DBC': 0.0, 'GLD': 0.25}"
2007-10-31,Slowdown,High,Falling,0.10590000000000543,-0.1752000000000038,4.7,0.028338264299802685,0.8789999485015869,0.0,"{'SPY': 0.25, 'QQQ': 0.0, 'HYG': 0.0, 'LQD': 0.0, 'TLT': 0.25, 'SHY': 0.25, 'DBC': 0.0, 'GLD': 0.25}"
2007-11-30,Contraction,Low,Falling,-0.042508333333344694,-0.27250000000000796,4.7,0.03610698365527476,0.6549999713897705,0.7,"{'SPY': 0.0, 'QQQ': 0.0, 'HYG': 0.0, 'LQD': 0.0, 'TLT': 0.6, 'SHY': 0.2, 'DBC': 0.0, 'GLD': 0.2}"
2007-12-31,Contraction,Low,Falling,-0.17951666666665744,-0.32150000000000034,4.7,0.04373267326732666,0.9019999504089355,0.0,"{'SPY': 0.0, 'QQQ': 0.0, 'HYG': 0.0, 'LQD': 0.0, 'TLT': 0.6, 'SHY': 0.2, 'DBC': 0.0, 'GLD': 0.2}"
2008-01-31,Contraction,Low,Falling,-0.2941333333333347,-0.3363999999999976,5.0,0.04108813392417532,0.8949997425079346,0.0,"{'SPY': 0.0, 'QQQ': 0.0, 'HYG': 0.0, 'LQD': 0.0, 'TLT': 0.6, 'SHY': 0.2, 'DBC': 0.0, 'GLD': 0.2}"
2008-02-29,Contraction,Low,Falling,-0.39492500000001485,-0.34439999999999316,5.0,0.04294695655165981,1.7689999341964722,0.0,"{'SPY': 0.0, 'QQQ': 0.0, 'HYG': 0.0, 'LQD': 0.0, 'TLT': 0.6, 'SHY': 0.2, 'DBC': 0.0, 'GLD': 0.2}"
2008-03-31,Contraction,Low,Falling,-0.4917833333333448,-0.3614000000000033,4.9,0.04142959270611968,1.7489999532699585,0.0,"{'SPY': 0.0, 'QQQ': 0.0, 'HYG': 0.0, 'LQD': 0.0, 'TLT': 0.6, 'SHY': 0.2, 'DBC': 0.0, 'GLD': 0.2}"
2008-04-30,Contraction,Low,Falling,-0.5811750000000018,-0.3960000000000008,5.1,0.03974903550134434,2.156999945640564,0.0,"{'SPY': 0.0, 'QQQ': 0.0, 'HYG': 0.0, 'LQD': 0.0, 'TLT': 0.6, 'SHY': 0.2, 'DBC': 0.0, 'GLD': 0.2}"
2008-05-30,Contraction,Low,Falling,-0.6826666666666767,-0.46160000000000423,5.0,0.039037609759888126,2.419000029563904,0.0,"{'SPY': 0.0, 'QQQ': 0.0, 'HYG': 0.0, 'LQD': 0.0, 'TLT': 0.6, 'SHY': 0.2, 'DBC': 0.0, 'GLD': 0.2}"
2008-06-30,Contraction,Low,Falling,-0.8230166666666605,-0.5773999999999972,5.4,0.04088413823123993,2.19599997997284,0.0,"{'SPY': 0.0, 'QQQ': 0.0, 'HYG': 0.0, 'LQD': 0.0, 'TLT': 0.6, 'SHY': 0.2, 'DBC': 0.0, 'GLD': 0.2}"
2008-07-31,Contraction,Low,Falling,-1.0315750000000037,-0.7801000000000045,5.6,0.04935966105947864,2.27400004863739,0.0,"{'SPY': 0.0, 'QQQ': 0.0, 'HYG': 0.0, 'LQD': 0.0, 'TLT': 0.6, 'SHY': 0.2, 'DBC': 0.0, 'GLD': 0.2}"
2008-08-29,Contraction,Low,Falling,-1.3326524999999947,-1.0785300000000007,5.8,0.054975120783418374,2.344000101089477,0.0,"{'SPY': 0.0, 'QQQ': 0.0, 'HYG': 0.0, 'LQD': 0.0, 'TLT': 0.6, 'SHY': 0.2, 'DBC': 0.0, 'GLD': 0.2}"
2008-09-30,Contraction,Low,Falling,-1.731842499999999,-1.4555399999999992,6.1,0.053080171620912386,2.122999906539917,0.0,"{'SPY': 0.0, 'QQQ': 0.0, 'HYG': 0.0, 'LQD': 0.0, 'TLT': 0.6, 'SHY': 0.2, 'DBC': 0.0, 'GLD': 0.2}"
2008-10-31,Contraction,Low,Falling,-2.207751666666667,-1.8635899999999879,6.1,0.04953319875136075,2.9269999265670776,0.0,"{'SPY': 0.0, 'QQQ': 0.0, 'HYG': 0.0, 'LQD': 0.0, 'TLT': 0.6, 'SHY': 0.2, 'DBC': 0.0, 'GLD': 0.2}"
2008-11-28,Contraction,Low,Falling,-2.698593333333349,-2.2152499999999975,6.5,0.03731057889956513,3.535000026226044,0.0,"{'SPY': 0.0, 'QQQ': 0.0, 'HYG': 0.0, 'LQD': 0.0, 'TLT': 0.6, 'SHY': 0.2, 'DBC': 0.0, 'GLD': 0.2}"
2008-12-31,Contraction,Low,Falling,-3.0972433333333385,-2.38682,6.8,0.010999174706166848,2.9370000176131725,0.0,"{'SPY': 0.0, 'QQQ': 0.0, 'HYG': 0.0, 'LQD': 0.0, 'TLT': 0.6, 'SHY': 0.2, 'DBC': 0.0, 'GLD': 0.2}"
2009-01-30,Contraction,Low,Falling,-3.323065833333331,-2.3004000000000104,7.3,-0.0002222800255385904,2.1289999559521675,0.0,"{'SPY': 0.0, 'QQQ': 0.0, 'HYG': 0.0, 'LQD': 0.0, 'TLT': 0.6, 'SHY': 0.2, 'DBC': 0.0, 'GLD': 0.2}"
2009-02-27,Contraction,Low,Falling,-3.33421749999998,-1.9549200000000013,7.8,-0.0011358601902212717,2.6240001022815704,0.0,"{'SPY': 0.0, 'QQQ': 0.0, 'HYG': 0.0, 'LQD': 0.0, 'TLT': 0.6, 'SHY': 0.2, 'DBC': 0.0, 'GLD': 0.2}"
2009-03-31,Contraction,Low,Falling,-3.1165508333333207,-1.4274400000000043,8.3,8.463140671510772e-05,2.7909998893737797,0.0,"{'SPY': 0.0, 'QQQ': 0.0, 'HYG': 0.0, 'LQD': 0.0, 'TLT': 0.6, 'SHY': 0.2, 'DBC': 0.0, 'GLD': 0.2}"
2009-04-30,Contraction,Low,Falling,-2.674960000000013,-0.7931200000000018,8.7,-0.004464787676623838,2.4849999397993088,0.0,"{'SPY': 0.0, 'QQQ': 0.0, 'HYG': 0.0, 'LQD': 0.0, 'TLT': 0.6, 'SHY': 0.2, 'DBC': 0.0, 'GLD': 0.2}"
2009-05-29,Contraction,Low,Falling,-2.0405599999999993,-0.11901999999999191,9.0,-0.005763244243767063,2.999000072479248,0.0,"{'SPY': 0.0, 'QQQ': 0.0, 'HYG': 0.0, 'LQD': 0.0, 'TLT': 0.6, 'SHY': 0.2, 'DBC': 0.0, 'GLD': 0.2}"
2009-06-30,Recovery,Low,Rising,-1.2941974999999957,0.49940999999999747,9.4,-0.01015761495855172,3.334999918937683,1.8,"{'SPY': 0.4, 'QQQ': 0.0, 'HYG': 0.3, 'LQD': 0.2, 'TLT': 0.0, 'SHY': 0.0, 'DBC': 0.0, 'GLD': 0.1}"
2009-07-31,Recovery,Low,Rising,-0.516436666666678,0.9824600000000032,9.5,-0.012291746182109153,3.3429999947547917,0.0,"{'SPY': 0.4, 'QQQ': 0.0, 'HYG': 0.3, 'LQD': 0.2, 'TLT': 0.0, 'SHY': 0.0, 'DBC': 0.0, 'GLD': 0.1}"
2009-08-31,Expansion,High,Rising,0.22217666666665536,1.2835099999999926,9.5,-0.01958761003762277,3.325999930500984,0.8,"{'SPY': 0.6, 'QQQ': 0.2, 'HYG': 0.1, 'LQD': 0.0, 'TLT': 0.0, 'SHY': 0.0, 'DBC': 0.0, 'GLD': 0.1}"
2009-09-30,Expansion,High,Rising,0.8728716666666827,1.4281500000000023,9.6,-0.014838355663267633,3.271000027656555,0.0,"{'SPY': 0.6, 'QQQ': 0.2, 'HYG': 0.1, 'LQD': 0.0, 'TLT': 0.0, 'SHY': 0.0, 'DBC': 0.0, 'GLD': 0.1}"
2009-10-30,Expansion,High,Rising,1.3998975000000087,1.453870000000009,9.8,-0.01377942862886472,3.1919999197125435,0.0,"{'SPY': 0.6, 'QQQ': 0.2, 'HYG': 0.1, 'LQD': 0.0, 'TLT': 0.0, 'SHY': 0.0, 'DBC': 0.0, 'GLD': 0.1}"
2009-11-30,Expansion,High,Rising,1.7859916666666606,1.402860000000004,10.0,-0.002239682942003385,3.34699995815754,0.0,"{'SPY': 0.6, 'QQQ': 0.2, 'HYG': 0.1, 'LQD': 0.0, 'TLT': 0.0, 'SHY': 0.0, 'DBC': 0.0, 'GLD': 0.1}"
2009-12-31,Expansion,High,Rising,2.0367116666666902,1.3110400000000055,9.9,0.019145871744709275,3.1509999744594097,0.0,"{'SPY': 0.6, 'QQQ': 0.2, 'HYG': 0.1, 'LQD': 0.0, 'TLT': 0.0, 'SHY': 0.0, 'DBC': 0.0, 'GLD': 0.1}"
2010-01-29,Expansion,High,Rising,2.1682941666666693,1.20796,9.9,0.028141231232083674,3.792999934405088,0.0,"{'SPY': 0.6, 'QQQ': 0.2, 'HYG': 0.1, 'LQD': 0.0, 'TLT': 0.0, 'SHY': 0.0, 'DBC': 0.0, 'GLD': 0.1}"
2010-02-26,Expansion,High,Rising,2.1820524999999975,1.0893099999999976,9.8,0.026211113889767157,3.53899996727705,0.0,"{'SPY': 0.6, 'QQQ': 0.2, 'HYG': 0.1, 'LQD': 0.0, 'TLT': 0.0, 'SHY': 0.0, 'DBC': 0.0, 'GLD': 0.1}"
2010-03-31,Expansion,High,Rising,2.0713349999999906,0.9238099999999889,9.8,0.02151336357866529,3.480000026524067,0.0,"{'SPY': 0.6, 'QQQ': 0.2, 'HYG': 0.1, 'LQD': 0.0, 'TLT': 0.0, 'SHY': 0.0, 'DBC': 0.0, 'GLD': 0.1}"
2010-04-30,Expansion,High,Rising,1.8656624999999991,0.711979999999997,9.9,0.022861714393279886,3.682999938726425,0.0,"{'SPY': 0.6, 'QQQ': 0.2, 'HYG': 0.1, 'LQD': 0.0, 'TLT': 0.0, 'SHY': 0.0, 'DBC': 0.0, 'GLD': 0.1}"
2010-05-28,Expansion,High,Rising,1.5764850000000052,0.4570499999999953,9.9,0.022067707525304403,3.5080001056194305,0.0,"{'SPY': 0.6, 'QQQ': 0.2, 'HYG': 0.1, 'LQD': 0.0, 'TLT': 0.0, 'SHY': 0.0, 'DBC': 0.0, 'GLD': 0.1}"
2010-06-30,Expansion,High,Rising,1.233668333333327,0.20000000000000284,9.6,0.020035489292185682,3.1510001122951508,0.0,"{'SPY': 0.6, 'QQQ': 0.2, 'HYG': 0.1, 'LQD': 0.0, 'TLT': 0.0, 'SHY': 0.0, 'DBC': 0.0, 'GLD': 0.1}"
2010-07-30,Slowdown,High,Falling,0.8850991666666772,-0.02702000000000737,9.4,0.011215605940686268,2.7809999734163284,1.3,"{'SPY': 0.25, 'QQQ': 0.0, 'HYG': 0.0, 'LQD': 0.0, 'TLT': 0.25, 'SHY': 0.25, 'DBC': 0.0, 'GLD': 0.25}"
2010-08-31,Slowdown,High,Falling,0.5917591666666766,-0.1507000000000005,9.4,0.013407784804821077,2.767000064253807,0.0,"{'SPY': 0.25, 'QQQ': 0.0, 'HYG': 0.0, 'LQD': 0.0, 'TLT': 0.25, 'SHY': 0.25, 'DBC': 0.0, 'GLD': 0.25}"
2010-09-30,Slowdown,High,Falling,0.3947949999999878,-0.13512000000000057,9.5,0.011501775395112546,2.3419999927282333,0.0,"{'SPY': 0.25, 'QQQ': 0.0, 'HYG': 0.0, 'LQD': 0.0, 'TLT': 0.25, 'SHY': 0.25, 'DBC': 0.0, 'GLD': 0.25}"
2010-10-29,Slowdown,High,Falling,0.297945833333344,-0.004970000000000141,9.5,0.011183122472331775,2.361999958753586,0.0,"{'SPY': 0.25, 'QQQ': 0.0, 'HYG': 0.0, 'LQD': 0.0, 'TLT': 0.25, 'SHY': 0.25, 'DBC': 0.0, 'GLD': 0.25}"
2010-11-30,Expansion,High,Rising,0.28273583333333363,0.1704600000000056,9.4,0.011666951489314625,2.5019999891519547,1.3,"{'SPY': 0.6, 'QQQ': 0.2, 'HYG': 0.1, 'LQD': 0.0, 'TLT': 0.0, 'SHY': 0.0, 'DBC': 0.0, 'GLD': 0.1}"
2010-12-31,Expansion,High,Rising,0.3340225000000032,0.33759000000000583,9.8,0.01084544776600338,2.636999934911728,0.0,"{'SPY': 0.6, 'QQQ': 0.2, 'HYG': 0.1, 'LQD': 0.0, 'TLT': 0.0, 'SHY': 0.0, 'DBC': 0.0, 'GLD': 0.1}"
2011-01-31,Expansion,High,Rising,0.4125908333333399,0.4498300000000057,9.3,0.01437793022217937,3.19000006467104,0.0,"{'SPY': 0.6, 'QQQ': 0.2, 'HYG': 0.1, 'LQD': 0.0, 'TLT': 0.0, 'SHY': 0.0, 'DBC': 0.0, 'GLD': 0.1}"
2011-02-28,Expansion,High,Rising,0.4794541666666703,0.4812299999999965,9.1,0.017007834915029774,3.23300002515316,0.0,"{'SPY': 0.6, 'QQQ': 0.2, 'HYG': 0.1, 'LQD': 0.0, 'TLT': 0.0, 'SHY': 0.0, 'DBC': 0.0, 'GLD': 0.1}"
2011-03-31,Expansion,High,Rising,0.5008799999999809,0.40841999999999246,9.0,0.02124898173333145,3.2790000289678574,0.0,"{'SPY': 0.6, 'QQQ': 0.2, 'HYG': 0.1, 'LQD': 0.0, 'TLT': 0.0, 'SHY': 0.0, 'DBC': 0.0, 'GLD': 0.1}"
2011-04-29,Expansion,High,Rising,0.44541000000000963,0.23460000000000036,9.0,0.02619241510354109,3.363999992609024,0.0,"{'SPY': 0.6, 'QQQ': 0.2, 'HYG': 0.1, 'LQD': 0.0, 'TLT': 0.0, 'SHY': 0.0, 'DBC': 0.0, 'GLD': 0.1}"
2011-05-31,Slowdown,High,Falling,0.3107191666666722,-0.00549999999999784,9.1,0.030772344447868694,3.256000004708767,1.3,"{'SPY': 0.25, 'QQQ': 0.0, 'HYG': 0.0, 'LQD': 0.0, 'TLT': 0.25, 'SHY': 0.25, 'DBC': 0.0, 'GLD': 0.25}"
2011-06-30,Slowdown,High,Falling,0.10681166666667252,-0.269999999999996,9.0,0.034589718808965,3.009999953210354,0.0,"{'SPY': 0.25, 'QQQ': 0.0, 'HYG': 0.0, 'LQD': 0.0, 'TLT': 0.25, 'SHY': 0.25, 'DBC': 0.0, 'GLD': 0.25}"
2011-07-29,Contraction,Low,Falling,-0.14522916666666674,-0.5065299999999979,9.1,0.03502318150636041,3.1429999927058816,0.7,"{'SPY': 0.0, 'QQQ': 0.0, 'HYG': 0.0, 'LQD': 0.0, 'TLT': 0.6, 'SHY': 0.2, 'DBC': 0.0, 'GLD': 0.2}"
2011-08-31,Contraction,Low,Falling,-0.39858416666666585,-0.6683299999999974,9.0,0.035798809769996165,2.7150000631809235,0.0,"{'SPY': 0.0, 'QQQ': 0.0, 'HYG': 0.0, 'LQD': 0.0, 'TLT': 0.6, 'SHY': 0.2, 'DBC': 0.0, 'GLD': 0.2}"
2011-09-30,Contraction,Low,Falling,-0.5950449999999989,-0.7086800000000011,9.0,0.0375499603070808,2.2029999354854226,0.0,"{'SPY': 0.0, 'QQQ': 0.0, 'HYG': 0.0, 'LQD': 0.0, 'TLT': 0.6, 'SHY': 0.2, 'DBC': 0.0, 'GLD': 0.2}"
2011-10-31,Contraction,Low,Falling,-0.6749966666666722,-0.5849199999999968,9.0,0.03812621692818685,1.9140000250190496,0.0,"{'SPY': 0.0, 'QQQ': 0.0, 'HYG': 0.0, 'LQD': 0.0, 'TLT': 0.6, 'SHY': 0.2, 'DBC': 0.0, 'GLD': 0.2}"
2011-11-30,Contraction,Low,Falling,-0.6168491666666682,-0.3137700000000052,8.8,0.035222681306640524,2.169999952428043,0.0,"{'SPY': 0.0, 'QQQ': 0.0, 'HYG': 0.0, 'LQD': 0.0, 'TLT': 0.6, 'SHY': 0.2, 'DBC': 0.0, 'GLD': 0.2}"
2011-12-30,Recovery,Low,Rising,-0.44398999999999944,0.02991000000000099,8.6,0.03451432214581729,2.05300007853657,1.8,"{'SPY': 0.4, 'QQQ': 0.0, 'HYG': 0.3, 'LQD': 0.2, 'TLT': 0.0, 'SHY': 0.0, 'DBC': 0.0, 'GLD': 0.1}"
2012-01-31,Recovery,Low,Rising,-0.20774250000000904,0.336679999999987,8.5,0.03062066838419386,1.866000051610172,0.0,"{'SPY': 0.4, 'QQQ': 0.0, 'HYG': 0.3, 'LQD': 0.2, 'TLT': 0.0, 'SHY': 0.0, 'DBC': 0.0, 'GLD': 0.1}"
2012-02-29,Expansion,High,Rising,0.024599999999978195,0.5135700000000014,8.3,0.030087663379855023,1.7440000250935557,0.8,"{'SPY': 0.6, 'QQQ': 0.2, 'HYG': 0.1, 'LQD': 0.0, 'TLT': 0.0, 'SHY': 0.0, 'DBC': 0.0, 'GLD': 0.1}"
2012-03-30,Expansion,High,Rising,0.1952508333333327,0.5207199999999972,8.3,0.028981784423473878,1.9019999951124191,0.0,"{'SPY': 0.6, 'QQQ': 0.2, 'HYG': 0.1, 'LQD': 0.0, 'TLT': 0.0, 'SHY': 0.0, 'DBC': 0.0, 'GLD': 0.1}"
2012-04-30,Expansion,High,Rising,0.2792300000000125,0.3806200000000075,8.2,0.025828752813320977,2.1510000824928284,0.0,"{'SPY': 0.6, 'QQQ': 0.2, 'HYG': 0.1, 'LQD': 0.0, 'TLT': 0.0, 'SHY': 0.0, 'DBC': 0.0, 'GLD': 0.1}"
2012-05-31,Expansion,High,Rising,0.27881999999999607,0.16181000000000267,8.2,0.022731633741348567,1.8249999582767489,0.0,"{'SPY': 0.6, 'QQQ': 0.2, 'HYG': 0.1, 'LQD': 0.0, 'TLT': 0.0, 'SHY': 0.0, 'DBC': 0.0, 'GLD': 0.1}"
2012-06-29,Slowdown,High,Falling,0.21313083333332372,-0.056759999999997035,8.2,0.01737942937466075,1.5209999717772007,1.3,"{'SPY': 0.25, 'QQQ': 0.0, 'HYG': 0.0, 'LQD': 0.0, 'TLT': 0.25, 'SHY': 0.25, 'DBC': 0.0, 'GLD': 0.25}"
2012-07-31,Slowdown,High,Falling,0.1152908333333329,-0.2142199999999974,8.2,0.01653870448297634,1.5790000408887863,0.0,"{'SPY': 0.25, 'QQQ': 0.0, 'HYG': 0.0, 'LQD': 0.0, 'TLT': 0.25, 'SHY': 0.25, 'DBC': 0.0, 'GLD': 0.25}"
2012-08-31,Slowdown,High,Falling,0.02760250000000042,-0.26815000000000566,8.2,0.014175114798464783,1.3919999822974205,0.0,"{'SPY': 0.25, 'QQQ': 0.0, 'HYG': 0.0, 'LQD': 0.0, 'TLT': 0.25, 'SHY': 0.25, 'DBC': 0.0, 'GLD': 0.25}"
2012-09-28,Contraction,Low,Falling,-0.02650749999999391,-0.21546999999999628,8.1,0.016859349154821235,1.4770000353455544,0.7,"{'SPY': 0.0, 'QQQ': 0.0, 'HYG': 0.0, 'LQD': 0.0, 'TLT': 0.6, 'SHY': 0.2, 'DBC': 0.0, 'GLD': 0.2}"
2012-10-31,Contraction,Low,Falling,-0.032035833333324604,-0.08118000000000336,7.8,0.019497168982819613,1.5469999611377716,0.0,"{'SPY': 0.0, 'QQQ': 0.0, 'HYG': 0.0, 'LQD': 0.0, 'TLT': 0.6, 'SHY': 0.2, 'DBC': 0.0, 'GLD': 0.2}"
2012-11-30,Recovery,Low,Rising,-0.004842499999995198,0.06529000000000451,7.8,0.021556780595369363,1.580999992787838,1.8,"{'SPY': 0.4, 'QQQ': 0.0, 'HYG': 0.3, 'LQD': 0.2, 'TLT': 0.0, 'SHY': 0.0, 'DBC': 0.0, 'GLD': 0.1}"
2012-12-31,Expansion,High,Rising,0.04630250000001013,0.183329999999998,7.7,0.017960197033926262,1.530999943614006,0.8,"{'SPY': 0.6, 'QQQ': 0.2, 'HYG': 0.1, 'LQD': 0.0, 'TLT': 0.0, 'SHY': 0.0, 'DBC': 0.0, 'GLD': 0.1}"
2013-01-31,Expansion,High,Rising,0.12713416666666433,0.2635999999999967,7.9,0.017595049796895523,1.7210000418126583,0.0,"{'SPY': 0.6, 'QQQ': 0.2, 'HYG': 0.1, 'LQD': 0.0, 'TLT': 0.0, 'SHY': 0.0, 'DBC': 0.0, 'GLD': 0.1}"
2013-02-28,Expansion,High,Rising,0.23114833333333706,0.32468000000000075,8.0,0.01684061762098299,1.9200000166893003,0.0,"{'SPY': 0.6, 'QQQ': 0.2, 'HYG': 0.1, 'LQD': 0.0, 'TLT': 0.0, 'SHY': 0.0, 'DBC': 0.0, 'GLD': 0.1}"
2013-03-28,Expansion,High,Rising,0.3381108333333458,0.3677500000000009,7.7,0.020181404902574807,1.7880000099539757,0.0,"{'SPY': 0.6, 'QQQ': 0.2, 'HYG': 0.1, 'LQD': 0.0, 'TLT': 0.0, 'SHY': 0.0, 'DBC': 0.0, 'GLD': 0.1}"
2013-04-30,Expansion,High,Rising,0.4193733333333256,0.3670500000000061,7.5,0.015187472411246183,1.7870000004768372,0.0,"{'SPY': 0.6, 'QQQ': 0.2, 'HYG': 0.1, 'LQD': 0.0, 'TLT': 0.0, 'SHY': 0.0, 'DBC': 0.0, 'GLD': 0.1}"
2013-05-31,Expansion,High,Rising,0.4827716666666646,0.34140000000000725,7.6,0.01138808047576867,1.6299999505281448,0.0,"{'SPY': 0.6, 'QQQ': 0.2, 'HYG': 0.1, 'LQD': 0.0, 'TLT': 0.0, 'SHY': 0.0, 'DBC': 0.0, 'GLD': 0.1}"
2013-06-28,Expansion,High,Rising,0.5298791666666602,0.31229999999999336,7.5,0.013903888279197085,2.134000035002828,0.0,"{'SPY': 0.6, 'QQQ': 0.2, 'HYG': 0.1, 'LQD': 0.0, 'TLT': 0.0, 'SHY': 0.0, 'DBC': 0.0, 'GLD': 0.1}"
2013-07-31,Expansion,High,Rising,0.540498333333332,0.28309999999999036,7.5,0.017157935271568725,2.447999926283956,0.0,"{'SPY': 0.6, 'QQQ': 0.2, 'HYG': 0.1, 'LQD': 0.0, 'TLT': 0.0, 'SHY': 0.0, 'DBC': 0.0, 'GLD': 0.1}"
2013-08-30,Expansion,High,Rising,0.5091008333333349,0.22979999999999734,7.3,0.01885471805415806,2.5629999358206987,0.0,"{'SPY': 0.6, 'QQQ': 0.2, 'HYG': 0.1, 'LQD': 0.0, 'TLT': 0.0, 'SHY': 0.0, 'DBC': 0.0, 'GLD': 0.1}"
2013-09-30,Expansion,High,Rising,0.45301083333333736,0.1577000000000055,7.2,0.01538809488600279,2.729000072926283,0.0,"{'SPY': 0.6, 'QQQ': 0.2, 'HYG': 0.1, 'LQD': 0.0, 'TLT': 0.0, 'SHY': 0.0, 'DBC': 0.0, 'GLD': 0.1}"
2013-10-31,Expansion,High,Rising,0.38157333333332133,0.08990000000000009,7.2,0.010947341081747997,2.610000009648502,0.0,"{'SPY': 0.6, 'QQQ': 0.2, 'HYG': 0.1, 'LQD': 0.0, 'TLT': 0.0, 'SHY': 0.0, 'DBC': 0.0, 'GLD': 0.1}"
2013-11-29,Expansion,High,Rising,0.3070583333333303,0.045099999999990814,7.2,0.00876799143491147,2.5090000554919243,0.0,"{'SPY': 0.6, 'QQQ': 0.2, 'HYG': 0.1, 'LQD': 0.0, 'TLT': 0.0, 'SHY': 0.0, 'DBC': 0.0, 'GLD': 0.1}"
2013-12-31,Expansion,High,Rising,0.2391125000000045,0.019599999999996953,6.9,0.012328701961954458,2.6859999373555183,0.0,"{'SPY': 0.6, 'QQQ': 0.2, 'HYG': 0.1, 'LQD': 0.0, 'TLT': 0.0, 'SHY': 0.0, 'DBC': 0.0, 'GLD': 0.1}"
2014-01-31,Expansion,High,Rising,0.17086666666666872,0.0009000000000014552,6.7,0.015128383667573297,2.9630000218749046,0.0,"{'SPY': 0.6, 'QQQ': 0.2, 'HYG': 0.1, 'LQD': 0.0, 'TLT': 0.0, 'SHY': 0.0, 'DBC': 0.0, 'GLD': 0.1}"
2014-02-28,Slowdown,High,Falling,0.10967500000000996,-0.013999999999995794,6.6,0.01557758795574915,2.65799998305738,1.3,"{'SPY': 0.25, 'QQQ': 0.0, 'HYG': 0.0, 'LQD': 0.0, 'TLT': 0.25, 'SHY': 0.25, 'DBC': 0.0, 'GLD': 0.25}"
2014-03-31,Slowdown,High,Falling,0.08417499999998768,-0.0023999999999944066,6.7,0.011204746347724948,2.614999990910292,0.0,"{'SPY': 0.25, 'QQQ': 0.0, 'HYG': 0.0, 'LQD': 0.0, 'TLT': 0.25, 'SHY': 0.25, 'DBC': 0.0, 'GLD': 0.25}"
2014-04-30,Expansion,High,Rising,0.09062500000000284,0.04550000000000409,6.7,0.016126949139408042,2.695000048726797,1.3,"{'SPY': 0.6, 'QQQ': 0.2, 'HYG': 0.1, 'LQD': 0.0, 'TLT': 0.0, 'SHY': 0.0, 'DBC': 0.0, 'GLD': 0.1}"
2014-05-30,Expansion,High,Rising,0.11156666666667547,0.10819999999999652,6.2,0.02015125303606169,2.6280000023543835,0.0,"{'SPY': 0.6, 'QQQ': 0.2, 'HYG': 0.1, 'LQD': 0.0, 'TLT': 0.0, 'SHY': 0.0, 'DBC': 0.0, 'GLD': 0.1}"
2014-06-30,Expansion,High,Rising,0.13084999999999525,0.1384999999999934,6.3,0.02166947687079812,2.42700001783669,0.0,"{'SPY': 0.6, 'QQQ': 0.2, 'HYG': 0.1, 'LQD': 0.0, 'TLT': 0.0, 'SHY': 0.0, 'DBC': 0.0, 'GLD': 0.1}"
2014-07-31,Expansion,High,Rising,0.14210833333333994,0.13060000000000116,6.1,0.020589816945944195,2.4960000328719616,0.0,"{'SPY': 0.6, 'QQQ': 0.2, 'HYG': 0.1, 'LQD': 0.0, 'TLT': 0.0, 'SHY': 0.0, 'DBC': 0.0, 'GLD': 0.1}"
2014-08-29,Expansion,High,Rising,0.13932499999999948,0.09570000000000789,6.2,0.019742378703305974,2.5379999950528145,0.0,"{'SPY': 0.6, 'QQQ': 0.2, 'HYG': 0.1, 'LQD': 0.0, 'TLT': 0.0, 'SHY': 0.0, 'DBC': 0.0, 'GLD': 0.1}"
2014-09-30,Expansion,High,Rising,0.12454166666667277,0.05290000000000816,6.1,0.017150983482969062,2.324999935925007,0.0,"{'SPY': 0.6, 'QQQ': 0.2, 'HYG': 0.1, 'LQD': 0.0, 'TLT': 0.0, 'SHY': 0.0, 'DBC': 0.0, 'GLD': 0.1}"
2014-10-31,Expansion,High,Rising,0.09855000000000302,0.008899999999997021,5.9,0.016840509711232077,2.494999896734953,0.0,"{'SPY': 0.6, 'QQQ': 0.2, 'HYG': 0.1, 'LQD': 0.0, 'TLT': 0.0, 'SHY': 0.0, 'DBC': 0.0, 'GLD': 0.1}"
2014-11-28,Slowdown,High,Falling,0.05881666666667229,-0.03470000000000084,5.7,0.016095417021513292,2.332000038120896,1.3,"{'SPY': 0.25, 'QQQ': 0.0, 'HYG': 0.0, 'LQD': 0.0, 'TLT': 0.25, 'SHY': 0.25, 'DBC': 0.0, 'GLD': 0.25}"
2014-12-31,Slowdown,High,Falling,0.007033333333325231,-0.0799999999999983,5.8,0.01231524989320798,2.1890000058338046,0.0,"{'SPY': 0.25, 'QQQ': 0.0, 'HYG': 0.0, 'LQD': 0.0, 'TLT': 0.25, 'SHY': 0.25, 'DBC': 0.0, 'GLD': 0.25}"
2015-01-30,Contraction,Low,Falling,-0.060708333333337805,-0.13289999999999225,5.6,0.006531213919623191,2.133000075817108,0.7,"{'SPY': 0.0, 'QQQ': 0.0, 'HYG': 0.0, 'LQD': 0.0, 'TLT': 0.6, 'SHY': 0.2, 'DBC': 0.0, 'GLD': 0.2}"
2015-02-27,Contraction,Low,Falling,-0.14186666666667236,-0.18890000000000384,5.7,-0.002299309782054282,1.6699999524280429,0.0,"{'SPY': 0.0, 'QQQ': 0.0, 'HYG': 0.0, 'LQD': 0.0, 'TLT': 0.6, 'SHY': 0.2, 'DBC': 0.0, 'GLD': 0.2}"
2015-03-31,Contraction,Low,Falling,-0.22696666666665521,-0.24220000000001107,5.5,-0.0008703146293520536,1.9940000930801036,0.0,"{'SPY': 0.0, 'QQQ': 0.0, 'HYG': 0.0, 'LQD': 0.0, 'TLT': 0.6, 'SHY': 0.2, 'DBC': 0.0, 'GLD': 0.2}"
2015-04-30,Contraction,Low,Falling,-0.3042833333333306,-0.27880000000000393,5.4,-0.00022031284423873476,1.90900001488626,0.0,"{'SPY': 0.0, 'QQQ': 0.0, 'HYG': 0.0, 'LQD': 0.0, 'TLT': 0.6, 'SHY': 0.2, 'DBC': 0.0, 'GLD': 0.2}"
2015-05-29,Contraction,Low,Falling,-0.3684083333333348,-0.2954000000000008,5.4,-0.0010403098939391064,2.041000003926456,0.0,"{'SPY': 0.0, 'QQQ': 0.0, 'HYG': 0.0, 'LQD': 0.0, 'TLT': 0.6, 'SHY': 0.2, 'DBC': 0.0, 'GLD': 0.2}"
2015-06-30,Contraction,Low,Falling,-0.42550833333332605,-0.3042999999999978,5.6,0.0003503321824429584,2.0920000285841525,0.0,"{'SPY': 0.0, 'QQQ': 0.0, 'HYG': 0.0, 'LQD': 0.0, 'TLT': 0.6, 'SHY': 0.2, 'DBC': 0.0, 'GLD': 0.2}"
2015-07-31,Contraction,Low,Falling,-0.4796916666666675,-0.31860000000000355,5.3,0.001795718097550525,2.32500003837049,0.0,"{'SPY': 0.0, 'QQQ': 0.0, 'HYG': 0.0, 'LQD': 0.0, 'TLT': 0.6, 'SHY': 0.2, 'DBC': 0.0, 'GLD': 0.2}"
2015-08-31,Contraction,Low,Falling,-0.5490016666666833,-0.3619199999999978,5.2,0.0022568611104094582,2.1469999253749847,0.0,"{'SPY': 0.0, 'QQQ': 0.0, 'HYG': 0.0, 'LQD': 0.0, 'TLT': 0.6, 'SHY': 0.2, 'DBC': 0.0, 'GLD': 0.2}"
2015-09-30,Contraction,Low,Falling,-0.6223991666666819,-0.41741000000000383,5.1,0.002413037985344868,2.197000047657639,0.0,"{'SPY': 0.0, 'QQQ': 0.0, 'HYG': 0.0, 'LQD': 0.0, 'TLT': 0.6, 'SHY': 0.2, 'DBC': 0.0, 'GLD': 0.2}"
2015-10-30,Contraction,Low,Falling,-0.6781358333333429,-0.4578599999999966,5.0,8.842961634170088e-05,2.0549999428913,0.0,"{'SPY': 0.0, 'QQQ': 0.0, 'HYG': 0.0, 'LQD': 0.0, 'TLT': 0.6, 'SHY': 0.2, 'DBC': 0.0, 'GLD': 0.2}"
2015-11-30,Contraction,Low,Falling,-0.6984141666666801,-0.4428400000000039,5.0,0.0012761656067050708,2.083000019192696,0.0,"{'SPY': 0.0, 'QQQ': 0.0, 'HYG': 0.0, 'LQD': 0.0, 'TLT': 0.6, 'SHY': 0.2, 'DBC': 0.0, 'GLD': 0.2}"
2015-12-31,Contraction,Low,Falling,-0.6931566666666527,-0.3900199999999927,5.1,0.004363182169185187,2.047999933362007,0.0,"{'SPY': 0.0, 'QQQ': 0.0, 'HYG': 0.0, 'LQD': 0.0, 'TLT': 0.6, 'SHY': 0.2, 'DBC': 0.0, 'GLD': 0.2}"
2016-01-29,Contraction,Low,Falling,-0.6715958333333276,-0.32907000000000153,5.0,0.006387247515364791,2.121000051498413,0.0,"{'SPY': 0.0, 'QQQ': 0.0, 'HYG': 0.0, 'LQD': 0.0, 'TLT': 0.6, 'SHY': 0.2, 'DBC': 0.0, 'GLD': 0.2}"
2016-02-29,Contraction,Low,Falling,-0.6331775000000022,-0.2777799999999928,4.8,0.012375025026943876,1.6309999823570251,0.0,"{'SPY': 0.0, 'QQQ': 0.0, 'HYG': 0.0, 'LQD': 0.0, 'TLT': 0.6, 'SHY': 0.2, 'DBC': 0.0, 'GLD': 0.2}"
2016-03-31,Contraction,Low,Falling,-0.574300000000008,-0.22252000000000294,4.9,0.008472775790126619,1.4320000112056732,0.0,"{'SPY': 0.0, 'QQQ': 0.0, 'HYG': 0.0, 'LQD': 0.0, 'TLT': 0.6, 'SHY': 0.2, 'DBC': 0.0, 'GLD': 0.2}"
2016-04-29,Contraction,Low,Falling,-0.4889083333333275,-0.14776999999999418,5.0,0.008916160965521946,1.5930000096559525,0.0,"{'SPY': 0.0, 'QQQ': 0.0, 'HYG': 0.0, 'LQD': 0.0, 'TLT': 0.6, 'SHY': 0.2, 'DBC': 0.0, 'GLD': 0.2}"
2016-05-31,Contraction,Low,Falling,-0.394079166666657,-0.07281000000000404,5.1,0.011726257503534843,1.626000002026558,0.0,"{'SPY': 0.0, 'QQQ': 0.0, 'HYG': 0.0, 'LQD': 0.0, 'TLT': 0.6, 'SHY': 0.2, 'DBC': 0.0, 'GLD': 0.2}"
2016-06-30,Contraction,Low,Falling,-0.30465333333333433,-0.018439999999998236,4.8,0.010784764621246223,1.5509999990463257,0.0,"{'SPY': 0.0, 'QQQ': 0.0, 'HYG': 0.0, 'LQD': 0.0, 'TLT': 0.6, 'SHY': 0.2, 'DBC': 0.0, 'GLD': 0.2}"
2016-07-29,Recovery,Low,Rising,-0.22644583333334367,0.0010099999999937381,4.9,0.010792865347959424,1.2400000393390656,1.8,"{'SPY': 0.4, 'QQQ': 0.0, 'HYG': 0.3, 'LQD': 0.2, 'TLT': 0.0, 'SHY': 0.0, 'DBC': 0.0, 'GLD': 0.1}"
2016-08-31,Recovery,Low,Rising,-0.14641499999999041,0.017859999999998877,4.8,0.008683633430518256,1.2179999500513077,0.0,"{'SPY': 0.4, 'QQQ': 0.0, 'HYG': 0.3, 'LQD': 0.2, 'TLT': 0.0, 'SHY': 0.0, 'DBC': 0.0, 'GLD': 0.1}"
2016-09-30,Recovery,Low,Rising,-0.05642083333333403,0.058049999999994384,4.9,0.010553158595656864,1.2479999661445618,0.0,"{'SPY': 0.4, 'QQQ': 0.0, 'HYG': 0.3, 'LQD': 0.2, 'TLT': 0.0, 'SHY': 0.0, 'DBC': 0.0, 'GLD': 0.1}"
2016-10-31,Expansion,High,Rising,0.05283333333333928,0.1388199999999955,5.0,0.015486446201652182,1.3480000495910645,0.8,"{'SPY': 0.6, 'QQQ': 0.2, 'HYG': 0.1, 'LQD': 0.0, 'TLT': 0.0, 'SHY': 0.0, 'DBC': 0.0, 'GLD': 0.1}"
2016-11-30,Expansion,High,Rising,0.1761875000000117,0.23896000000000583,4.9,0.01685924966243646,1.539000004529953,0.0,"{'SPY': 0.6, 'QQQ': 0.2, 'HYG': 0.1, 'LQD': 0.0, 'TLT': 0.0, 'SHY': 0.0, 'DBC': 0.0, 'GLD': 0.1}"
2016-12-30,Expansion,High,Rising,0.29853083333333075,0.33143000000001166,4.7,0.016843334719788938,1.9000000357627869,0.0,"{'SPY': 0.6, 'QQQ': 0.2, 'HYG': 0.1, 'LQD': 0.0, 'TLT': 0.0, 'SHY': 0.0, 'DBC': 0.0, 'GLD': 0.1}"
2017-01-31,Expansion,High,Rising,0.40106999999999005,0.3841500000000053,4.7,0.020507989115119862,1.966000109910965,0.0,"{'SPY': 0.6, 'QQQ': 0.2, 'HYG': 0.1, 'LQD': 0.0, 'TLT': 0.0, 'SHY': 0.0, 'DBC': 0.0, 'GLD': 0.1}"
2017-02-28,Expansion,High,Rising,0.4609216666666782,0.37505000000000166,4.7,0.025103933482571117,1.950999975204468,0.0,"{'SPY': 0.6, 'QQQ': 0.2, 'HYG': 0.1, 'LQD': 0.0, 'TLT': 0.0, 'SHY': 0.0, 'DBC': 0.0, 'GLD': 0.1}"
2017-03-31,Expansion,High,Rising,0.4730683333333161,0.30915999999999144,4.6,0.028103616813294208,1.8350000381469729,0.0,"{'SPY': 0.6, 'QQQ': 0.2, 'HYG': 0.1, 'LQD': 0.0, 'TLT': 0.0, 'SHY': 0.0, 'DBC': 0.0, 'GLD': 0.1}"
2017-04-28,Expansion,High,Rising,0.44385583333333045,0.20696999999999832,4.4,0.0244119623655914,1.6579999327659607,0.0,"{'SPY': 0.6, 'QQQ': 0.2, 'HYG': 0.1, 'LQD': 0.0, 'TLT': 0.0, 'SHY': 0.0, 'DBC': 0.0, 'GLD': 0.1}"
2017-05-31,Expansion,High,Rising,0.3914666666666591,0.10996000000000095,4.4,0.02176223471915395,1.502000093460083,0.0,"{'SPY': 0.6, 'QQQ': 0.2, 'HYG': 0.1, 'LQD': 0.0, 'TLT': 0.0, 'SHY': 0.0, 'DBC': 0.0, 'GLD': 0.1}"
2017-06-30,Expansion,High,Rising,0.3349800000000016,0.04676000000000613,4.4,0.018563431667619756,1.246000111103058,0.0,"{'SPY': 0.6, 'QQQ': 0.2, 'HYG': 0.1, 'LQD': 0.0, 'TLT': 0.0, 'SHY': 0.0, 'DBC': 0.0, 'GLD': 0.1}"
2017-07-31,Expansion,High,Rising,0.28668333333334317,0.030100000000004457,4.3,0.01640565809959127,1.3090000748634338,0.0,"{'SPY': 0.6, 'QQQ': 0.2, 'HYG': 0.1, 'LQD': 0.0, 'TLT': 0.0, 'SHY': 0.0, 'DBC': 0.0, 'GLD': 0.1}"
2017-08-31,Expansion,High,Rising,0.2524691666666712,0.05103999999998621,4.3,0.017251073506566073,1.2390000820159912,0.0,"{'SPY': 0.6, 'QQQ': 0.2, 'HYG': 0.1, 'LQD': 0.0, 'TLT': 0.0, 'SHY': 0.0, 'DBC': 0.0, 'GLD': 0.1}"
2017-09-29,Expansion,High,Rising,0.25417916666665974,0.11388999999999783,4.4,0.0192812155729698,1.143000066280365,0.0,"{'SPY': 0.6, 'QQQ': 0.2, 'HYG': 0.1, 'LQD': 0.0, 'TLT': 0.0, 'SHY': 0.0, 'DBC': 0.0, 'GLD': 0.1}"
2017-10-31,Expansion,High,Rising,0.28400666666667007,0.19684999999999775,4.3,0.021805652303711787,1.2979999780654907,0.0,"{'SPY': 0.6, 'QQQ': 0.2, 'HYG': 0.1, 'LQD': 0.0, 'TLT': 0.0, 'SHY': 0.0, 'DBC': 0.0, 'GLD': 0.1}"
2017-11-30,Expansion,High,Rising,0.33188750000000766,0.28258000000001005,4.2,0.02020757753132485,1.2529999017715454,0.0,"{'SPY': 0.6, 'QQQ': 0.2, 'HYG': 0.1, 'LQD': 0.0, 'TLT': 0.0, 'SHY': 0.0, 'DBC': 0.0, 'GLD': 0.1}"
2017-12-29,Expansion,High,Rising,0.3823283333333478,0.3312999999999988,4.2,0.02172493864295566,1.1790000200271606,0.0,"{'SPY': 0.6, 'QQQ': 0.2, 'HYG': 0.1, 'LQD': 0.0, 'TLT': 0.0, 'SHY': 0.0, 'DBC': 0.0, 'GLD': 0.1}"
2018-01-31,Expansion,High,Rising,0.43021833333332893,0.34619999999999607,4.1,0.021299307195522532,1.0499999523162842,0.0,"{'SPY': 0.6, 'QQQ': 0.2, 'HYG': 0.1, 'LQD': 0.0, 'TLT': 0.0, 'SHY': 0.0, 'DBC': 0.0, 'GLD': 0.1}"
2018-02-28,Expansion,High,Rising,0.47482000000000824,0.3400000000000034,4.0,0.02151318868063945,1.290000081062317,0.0,"{'SPY': 0.6, 'QQQ': 0.2, 'HYG': 0.1, 'LQD': 0.0, 'TLT': 0.0, 'SHY': 0.0, 'DBC': 0.0, 'GLD': 0.1}"
2018-03-29,Expansion,High,Rising,0.5058241666666703,0.32160000000000366,4.1,0.02263468931091861,1.25,0.0,"{'SPY': 0.6, 'QQQ': 0.2, 'HYG': 0.1, 'LQD': 0.0, 'TLT': 0.0, 'SHY': 0.0, 'DBC': 0.0, 'GLD': 0.1}"
2018-04-30,Expansion,High,Rising,0.4964033333333333,0.26950000000000784,4.0,0.023309497646499366,1.0709999799728394,0.0,"{'SPY': 0.6, 'QQQ': 0.2, 'HYG': 0.1, 'LQD': 0.0, 'TLT': 0.0, 'SHY': 0.0, 'DBC': 0.0, 'GLD': 0.1}"
2018-05-31,Expansion,High,Rising,0.44328500000000304,0.17739999999999156,4.0,0.024709963021052994,1.1730000972747805,0.0,"{'SPY': 0.6, 'QQQ': 0.2, 'HYG': 0.1, 'LQD': 0.0, 'TLT': 0.0, 'SHY': 0.0, 'DBC': 0.0, 'GLD': 0.1}"
2018-06-29,Expansion,High,Rising,0.35890250000001345,0.06340000000000146,3.8,0.02781921607842497,0.9520000219345092,0.0,"{'SPY': 0.6, 'QQQ': 0.2, 'HYG': 0.1, 'LQD': 0.0, 'TLT': 0.0, 'SHY': 0.0, 'DBC': 0.0, 'GLD': 0.1}"
2018-07-31,Slowdown,High,Falling,0.25274833333332936,-0.0391000000000048,4.0,0.028075506935940187,0.968999981880188,1.3,"{'SPY': 0.25, 'QQQ': 0.0, 'HYG': 0.0, 'LQD': 0.0, 'TLT': 0.25, 'SHY': 0.25, 'DBC': 0.0, 'GLD': 0.25}"
2018-08-31,Slowdown,High,Falling,0.1300499999999971,-0.12319999999999709,3.8,0.02854124785561929,0.9789999723434448,0.0,"{'SPY': 0.25, 'QQQ': 0.0, 'HYG': 0.0, 'LQD': 0.0, 'TLT': 0.25, 'SHY': 0.25, 'DBC': 0.0, 'GLD': 0.25}"
2018-09-28,Contraction,Low,Falling,-0.001949999999993679,-0.19670000000000698,3.8,0.026429238568742575,0.7979998588562012,0.7,"{'SPY': 0.0, 'QQQ': 0.0, 'HYG': 0.0, 'LQD': 0.0, 'TLT': 0.6, 'SHY': 0.2, 'DBC': 0.0, 'GLD': 0.2}"
2018-10-31,Contraction,Low,Falling,-0.15175833333333344,-0.28010000000000446,3.7,0.02332055105808828,0.9059998989105223,0.0,"{'SPY': 0.0, 'QQQ': 0.0, 'HYG': 0.0, 'LQD': 0.0, 'TLT': 0.6, 'SHY': 0.2, 'DBC': 0.0, 'GLD': 0.2}"
2018-11-30,Contraction,Low,Falling,-0.31978333333333353,-0.3807000000000045,3.8,0.02492032470218053,0.8809998035430908,0.0,"{'SPY': 0.0, 'QQQ': 0.0, 'HYG': 0.0, 'LQD': 0.0, 'TLT': 0.6, 'SHY': 0.2, 'DBC': 0.0, 'GLD': 0.2}"
2018-12-31,Contraction,Low,Falling,-0.4893416666666752,-0.4864000000000033,3.8,0.02147328577667773,0.7049999237060547,0.0,"{'SPY': 0.0, 'QQQ': 0.0, 'HYG': 0.0, 'LQD': 0.0, 'TLT': 0.6, 'SHY': 0.2, 'DBC': 0.0, 'GLD': 0.2}"
2019-01-31,Contraction,Low,Falling,-0.6398091666666801,-0.5628099999999989,3.9,0.020023809043401064,0.3860001564025879,0.0,"{'SPY': 0.0, 'QQQ': 0.0, 'HYG': 0.0, 'LQD': 0.0, 'TLT': 0.6, 'SHY': 0.2, 'DBC': 0.0, 'GLD': 0.2}"
2019-02-28,Contraction,Low,Falling,-0.7522808333333444,-0.5842799999999926,4.0,0.014875893578291333,0.2950000762939453,0.0,"{'SPY': 0.0, 'QQQ': 0.0, 'HYG': 0.0, 'LQD': 0.0, 'TLT': 0.6, 'SHY': 0.2, 'DBC': 0.0, 'GLD': 0.2}"
2019-03-29,Contraction,Low,Falling,-0.8138258333333397,-0.5488,3.8,0.015188615351321877,0.3280000686645508,0.0,"{'SPY': 0.0, 'QQQ': 0.0, 'HYG': 0.0, 'LQD': 0.0, 'TLT': 0.6, 'SHY': 0.2, 'DBC': 0.0, 'GLD': 0.2}"
2019-04-30,Contraction,Low,Falling,-0.8281858333333361,-0.47471000000000174,3.8,0.018831863513063984,0.0859999656677246,0.0,"{'SPY': 0.0, 'QQQ': 0.0, 'HYG': 0.0, 'LQD': 0.0, 'TLT': 0.6, 'SHY': 0.2, 'DBC': 0.0, 'GLD': 0.2}"
2019-05-31,Contraction,Low,Falling,-0.8189308333333258,-0.4012000000000029,3.7,0.020005834702090608,0.1410000324249267,0.0,"{'SPY': 0.0, 'QQQ': 0.0, 'HYG': 0.0, 'LQD': 0.0, 'TLT': 0.6, 'SHY': 0.2, 'DBC': 0.0, 'GLD': 0.2}"
2019-06-28,Contraction,Low,Falling,-0.7915899999999993,-0.3464699999999965,3.6,0.017959105553606136,-0.1510000228881836,0.0,"{'SPY': 0.0, 'QQQ': 0.0, 'HYG': 0.0, 'LQD': 0.0, 'TLT': 0.6, 'SHY': 0.2, 'DBC': 0.0, 'GLD': 0.2}"
2019-07-31,Contraction,Low,Falling,-0.7466299999999961,-0.3096999999999923,3.6,0.01671194894390049,-0.0350000858306884,0.0,"{'SPY': 0.0, 'QQQ': 0.0, 'HYG': 0.0, 'LQD': 0.0, 'TLT': 0.6, 'SHY': 0.2, 'DBC': 0.0, 'GLD': 0.2}"
2019-08-30,Contraction,Low,Falling,-0.6833241666666794,-0.26769000000000176,3.7,0.01826331335037068,-0.0090000629425048,0.0,"{'SPY': 0.0, 'QQQ': 0.0, 'HYG': 0.0, 'LQD': 0.0, 'TLT': 0.6, 'SHY': 0.2, 'DBC': 0.0, 'GLD': 0.2}"
2019-09-30,Contraction,Low,Falling,-0.5970933333333193,-0.20990000000000464,3.6,0.017376412106666406,-0.4269999265670776,0.0,"{'SPY': 0.0, 'QQQ': 0.0, 'HYG': 0.0, 'LQD': 0.0, 'TLT': 0.6, 'SHY': 0.2, 'DBC': 0.0, 'GLD': 0.2}"
2019-10-31,Contraction,Low,Falling,-0.47133083333334014,-0.11536999999999864,3.5,0.016844977040391562,-0.0950000286102294,0.0,"{'SPY': 0.0, 'QQQ': 0.0, 'HYG': 0.0, 'LQD': 0.0, 'TLT': 0.6, 'SHY': 0.2, 'DBC': 0.0, 'GLD': 0.2}"
2019-11-29,Recovery,Low,Rising,-0.318531666666658,0.006380000000007158,3.6,0.017339736996186295,0.1929999589920044,1.8,"{'SPY': 0.4, 'QQQ': 0.0, 'HYG': 0.3, 'LQD': 0.2, 'TLT': 0.0, 'SHY': 0.0, 'DBC': 0.0, 'GLD': 0.1}"
2019-12-31,Recovery,Low,Rising,-0.1637691666666825,0.12593999999999994,3.6,0.020922903948629168,0.2360000610351562,0.0,"{'SPY': 0.4, 'QQQ': 0.0, 'HYG': 0.3, 'LQD': 0.2, 'TLT': 0.0, 'SHY': 0.0, 'DBC': 0.0, 'GLD': 0.1}"
2020-01-31,Recovery,Low,Rising,-0.035534999999995875,0.1912499999999966,3.6,0.023195274699624457,0.4140000343322754,0.0,"{'SPY': 0.4, 'QQQ': 0.0, 'HYG': 0.3, 'LQD': 0.2, 'TLT': 0.0, 'SHY': 0.0, 'DBC': 0.0, 'GLD': 0.1}"
2020-02-28,Expansion,High,Rising,0.03637500000000671,0.17350999999999317,3.6,0.02599767976845202,0.0099999904632568,0.8,"{'SPY': 0.6, 'QQQ': 0.2, 'HYG': 0.1, 'LQD': 0.0, 'TLT': 0.0, 'SHY': 0.0, 'DBC': 0.0, 'GLD': 0.1}"
2020-03-31,Expansion,High,Rising,0.03266000000002123,0.06629000000000929,3.5,0.023413166797595197,-0.1030000448226928,0.0,"{'SPY': 0.6, 'QQQ': 0.2, 'HYG': 0.1, 'LQD': 0.0, 'TLT': 0.0, 'SHY': 0.0, 'DBC': 0.0, 'GLD': 0.1}"
2020-04-30,Contraction,Low,Falling,-1.1022833333333324,-1.2625400000000013,4.4,0.014940399642909163,0.6680000144988298,1.8,"{'SPY': 0.0, 'QQQ': 0.0, 'HYG': 0.0, 'LQD': 0.0, 'TLT': 0.6, 'SHY': 0.2, 'DBC': 0.0, 'GLD': 0.2}"
2020-05-29,Contraction,Low,Falling,-5.029584999999997,-5.703620000000001,14.8,0.003130472940411133,0.5319999754428864,0.0,"{'SPY': 0.0, 'QQQ': 0.0, 'HYG': 0.0, 'LQD': 0.0, 'TLT': 0.6, 'SHY': 0.2, 'DBC': 0.0, 'GLD': 0.2}"
2020-06-30,Contraction,Low,Falling,-3.2364741666666674,-4.230460000000008,13.2,0.001982013035848551,0.5199999958276749,0.0,"{'SPY': 0.0, 'QQQ': 0.0, 'HYG': 0.0, 'LQD': 0.0, 'TLT': 0.6, 'SHY': 0.2, 'DBC': 0.0, 'GLD': 0.2}"
2020-07-31,Contraction,Low,Falling,-1.3590099999999978,-1.3006299999999982,11.0,0.007166562831830481,0.517999991774559,0.0,"{'SPY': 0.0, 'QQQ': 0.0, 'HYG': 0.0, 'LQD': 0.0, 'TLT': 0.6, 'SHY': 0.2, 'DBC': 0.0, 'GLD': 0.2}"
2020-08-31,Expansion,High,Rising,0.11540666666667221,4.498249999999999,10.2,0.009968647625897997,0.4530000165104866,1.8,"{'SPY': 0.6, 'QQQ': 0.2, 'HYG': 0.1, 'LQD': 0.0, 'TLT': 0.0, 'SHY': 0.0, 'DBC': 0.0, 'GLD': 0.1}"
2020-09-30,Expansion,High,Rising,0.7532483333333175,3.6659700000000015,8.4,0.012810698495523853,0.5980000197887421,0.0,"{'SPY': 0.6, 'QQQ': 0.2, 'HYG': 0.1, 'LQD': 0.0, 'TLT': 0.0, 'SHY': 0.0, 'DBC': 0.0, 'GLD': 0.1}"
2020-10-30,Expansion,High,Rising,1.0318458333333353,2.265510000000006,7.8,0.013910228912373812,0.5919999852776527,0.0,"{'SPY': 0.6, 'QQQ': 0.2, 'HYG': 0.1, 'LQD': 0.0, 'TLT': 0.0, 'SHY': 0.0, 'DBC': 0.0, 'GLD': 0.1}"
2020-11-30,Expansion,High,Rising,1.3471141666666568,1.2063600000000037,6.9,0.012303863428671624,0.7770000174641609,0.0,"{'SPY': 0.6, 'QQQ': 0.2, 'HYG': 0.1, 'LQD': 0.0, 'TLT': 0.0, 'SHY': 0.0, 'DBC': 0.0, 'GLD': 0.1}"
2020-12-31,Expansion,High,Rising,1.6668908333333405,0.9575999999999993,6.7,0.011757452138405844,0.7689999788999557,0.0,"{'SPY': 0.6, 'QQQ': 0.2, 'HYG': 0.1, 'LQD': 0.0, 'TLT': 0.0, 'SHY': 0.0, 'DBC': 0.0, 'GLD': 0.1}"
2021-01-29,Expansion,High,Rising,1.9783249999999981,1.0630899999999883,6.7,0.013204191315779434,0.8519999980926514,0.0,"{'SPY': 0.6, 'QQQ': 0.2, 'HYG': 0.1, 'LQD': 0.0, 'TLT': 0.0, 'SHY': 0.0, 'DBC': 0.0, 'GLD': 0.1}"
2021-02-26,Expansion,High,Rising,2.2254199999999997,1.0695900000000051,6.4,0.013738437137002402,1.0450000539422035,0.0,"{'SPY': 0.6, 'QQQ': 0.2, 'HYG': 0.1, 'LQD': 0.0, 'TLT': 0.0, 'SHY': 0.0, 'DBC': 0.0, 'GLD': 0.1}"
2021-03-31,Expansion,High,Rising,2.4409999999999883,1.0471300000000099,6.2,0.016698167791706853,1.425000037997961,0.0,"{'SPY': 0.6, 'QQQ': 0.2, 'HYG': 0.1, 'LQD': 0.0, 'TLT': 0.0, 'SHY': 0.0, 'DBC': 0.0, 'GLD': 0.1}"
2021-04-30,Expansion,High,Rising,2.484410000000011,0.9647100000000108,6.1,0.026678187820641908,1.7330000512301922,0.0,"{'SPY': 0.6, 'QQQ': 0.2, 'HYG': 0.1, 'LQD': 0.0, 'TLT': 0.0, 'SHY': 0.0, 'DBC': 0.0, 'GLD': 0.1}"
2021-05-28,Expansion,High,Rising,2.091834999999989,0.8730999999999938,6.1,0.04133077115360573,1.628000041935593,0.0,"{'SPY': 0.6, 'QQQ': 0.2, 'HYG': 0.1, 'LQD': 0.0, 'TLT': 0.0, 'SHY': 0.0, 'DBC': 0.0, 'GLD': 0.1}"
2021-06-30,Expansion,High,Rising,1.6411266666666648,0.6101999999999919,5.8,0.04918257089467626,1.5729999700561166,0.0,"{'SPY': 0.6, 'QQQ': 0.2, 'HYG': 0.1, 'LQD': 0.0, 'TLT': 0.0, 'SHY': 0.0, 'DBC': 0.0, 'GLD': 0.1}"
2021-07-30,Expansion,High,Rising,1.2638675000000035,0.32499999999998863,5.9,0.05295632620349999,1.402999959886074,0.0,"{'SPY': 0.6, 'QQQ': 0.2, 'HYG': 0.1, 'LQD': 0.0, 'TLT': 0.0, 'SHY': 0.0, 'DBC': 0.0, 'GLD': 0.1}"
2021-08-31,Expansion,High,Rising,0.9557966666666715,0.037800000000004275,5.4,0.05245169381309234,1.198999963700771,0.0,"{'SPY': 0.6, 'QQQ': 0.2, 'HYG': 0.1, 'LQD': 0.0, 'TLT': 0.0, 'SHY': 0.0, 'DBC': 0.0, 'GLD': 0.1}"
2021-09-30,Slowdown,High,Falling,0.6835941666666656,-0.09730000000000416,5.1,0.05152015301793966,1.2640000209212303,1.3,"{'SPY': 0.25, 'QQQ': 0.0, 'HYG': 0.0, 'LQD': 0.0, 'TLT': 0.25, 'SHY': 0.25, 'DBC': 0.0, 'GLD': 0.25}"
2021-10-29,Slowdown,High,Falling,0.44906083333334834,-0.15639999999999077,4.7,0.05351215590949132,1.5010000430047512,0.0,"{'SPY': 0.25, 'QQQ': 0.0, 'HYG': 0.0, 'LQD': 0.0, 'TLT': 0.25, 'SHY': 0.25, 'DBC': 0.0, 'GLD': 0.25}"
2021-11-30,Slowdown,High,Falling,0.2599616666666691,-0.15050000000000807,4.5,0.06235042390298062,1.509000040590763,0.0,"{'SPY': 0.25, 'QQQ': 0.0, 'HYG': 0.0, 'LQD': 0.0, 'TLT': 0.25, 'SHY': 0.25, 'DBC': 0.0, 'GLD': 0.25}"
2021-12-31,Slowdown,High,Falling,0.10897583333331795,-0.11899999999999977,4.1,0.06901970403700863,1.394999958574772,0.0,"{'SPY': 0.25, 'QQQ': 0.0, 'HYG': 0.0, 'LQD': 0.0, 'TLT': 0.25, 'SHY': 0.25, 'DBC': 0.0, 'GLD': 0.25}"
2022-01-31,Contraction,Low,Falling,-0.02191666666665526,-0.11339999999999861,3.9,0.07174340285065539,1.4789999648928642,0.7,"{'SPY': 0.0, 'QQQ': 0.0, 'HYG': 0.0, 'LQD': 0.0, 'TLT': 0.6, 'SHY': 0.2, 'DBC': 0.0, 'GLD': 0.2}"
2022-02-28,Contraction,Low,Falling,-0.14928333333334365,-0.1535999999999973,4.0,0.07558805726967832,1.608999952673912,0.0,"{'SPY': 0.0, 'QQQ': 0.0, 'HYG': 0.0, 'LQD': 0.0, 'TLT': 0.6, 'SHY': 0.2, 'DBC': 0.0, 'GLD': 0.2}"
2022-03-31,Contraction,Low,Falling,-0.2766583333333301,-0.23699999999999477,3.9,0.07937278766517819,1.5509999990463257,0.0,"{'SPY': 0.0, 'QQQ': 0.0, 'HYG': 0.0, 'LQD': 0.0, 'TLT': 0.6, 'SHY': 0.2, 'DBC': 0.0, 'GLD': 0.2}"
2022-04-29,Contraction,Low,Falling,-0.4166749999999979,-0.3562000000000012,3.7,0.08572204966013852,1.833999902009964,0.0,"{'SPY': 0.0, 'QQQ': 0.0, 'HYG': 0.0, 'LQD': 0.0, 'TLT': 0.6, 'SHY': 0.2, 'DBC': 0.0, 'GLD': 0.2}"
2022-05-31,Contraction,Low,Falling,-0.57039166666668,-0.49670000000000414,3.7,0.08231750770777224,2.0790000557899475,0.0,"{'SPY': 0.0, 'QQQ': 0.0, 'HYG': 0.0, 'LQD': 0.0, 'TLT': 0.6, 'SHY': 0.2, 'DBC': 0.0, 'GLD': 0.2}"
2022-06-30,Contraction,Low,Falling,-0.7449499999999887,-0.6487999999999943,3.6,0.08538171195642064,1.814000129699707,0.0,"{'SPY': 0.0, 'QQQ': 0.0, 'HYG': 0.0, 'LQD': 0.0, 'TLT': 0.6, 'SHY': 0.2, 'DBC': 0.0, 'GLD': 0.2}"
2022-07-29,Contraction,Low,Falling,-0.9073175000000049,-0.7617100000000079,3.6,0.08979361103105798,1.3719998598098757,0.0,"{'SPY': 0.0, 'QQQ': 0.0, 'HYG': 0.0, 'LQD': 0.0, 'TLT': 0.6, 'SHY': 0.2, 'DBC': 0.0, 'GLD': 0.2}"
2022-08-31,Contraction,Low,Falling,-1.0197541666666723,-0.7893600000000021,3.5,0.08462576727730098,0.3439998626708984,0.0,"{'SPY': 0.0, 'QQQ': 0.0, 'HYG': 0.0, 'LQD': 0.0, 'TLT': 0.6, 'SHY': 0.2, 'DBC': 0.0, 'GLD': 0.2}"
2022-09-30,Contraction,Low,Falling,-1.0705583333333237,-0.7172699999999992,3.6,0.08222579178218825,0.2730000019073486,0.0,"{'SPY': 0.0, 'QQQ': 0.0, 'HYG': 0.0, 'LQD': 0.0, 'TLT': 0.6, 'SHY': 0.2, 'DBC': 0.0, 'GLD': 0.2}"
2022-10-31,Contraction,Low,Falling,-1.0742891666666736,-0.5951999999999913,3.5,0.08192106896425821,0.623999834060669,0.0,"{'SPY': 0.0, 'QQQ': 0.0, 'HYG': 0.0, 'LQD': 0.0, 'TLT': 0.6, 'SHY': 0.2, 'DBC': 0.0, 'GLD': 0.2}"
2022-11-30,Contraction,Low,Falling,-1.0413083333333333,-0.4769899999999865,3.6,0.07758813957693,0.1020002365112304,0.0,"{'SPY': 0.0, 'QQQ': 0.0, 'HYG': 0.0, 'LQD': 0.0, 'TLT': 0.6, 'SHY': 0.2, 'DBC': 0.0, 'GLD': 0.2}"
2022-12-30,Contraction,Low,Falling,-0.9740966666666679,-0.3807900000000046,3.6,0.07122856456533988,-0.5499997138977051,0.0,"{'SPY': 0.0, 'QQQ': 0.0, 'HYG': 0.0, 'LQD': 0.0, 'TLT': 0.6, 'SHY': 0.2, 'DBC': 0.0, 'GLD': 0.2}"
2023-01-31,Contraction,Low,Falling,-0.8650425000000013,-0.2820600000000013,3.5,0.06404600402357152,-0.381000280380249,0.0,"{'SPY': 0.0, 'QQQ': 0.0, 'HYG': 0.0, 'LQD': 0.0, 'TLT': 0.6, 'SHY': 0.2, 'DBC': 0.0, 'GLD': 0.2}"
2023-02-28,Contraction,Low,Falling,-0.7202483333333163,-0.17176000000000613,3.5,0.06327178517960097,-1.0410001277923584,0.0,"{'SPY': 0.0, 'QQQ': 0.0, 'HYG': 0.0, 'LQD': 0.0, 'TLT': 0.6, 'SHY': 0.2, 'DBC': 0.0, 'GLD': 0.2}"
2023-03-31,Contraction,Low,Falling,-0.5646433333333363,-0.06940000000000168,3.6,0.05957820738137087,-0.7940001487731934,0.0,"{'SPY': 0.0, 'QQQ': 0.0, 'HYG': 0.0, 'LQD': 0.0, 'TLT': 0.6, 'SHY': 0.2, 'DBC': 0.0, 'GLD': 0.2}"
2023-04-28,Recovery,Low,Rising,-0.40378166666668847,0.013189999999994484,3.5,0.04917719362889961,-1.0910000801086426,1.8,"{'SPY': 0.4, 'QQQ': 0.0, 'HYG': 0.3, 'LQD': 0.2, 'TLT': 0.0, 'SHY': 0.0, 'DBC': 0.0, 'GLD': 0.1}"
2023-05-31,Recovery,Low,Rising,-0.23095916666666483,0.09011999999999887,3.4,0.049500798791243694,-1.4709999561309814,0.0,"{'SPY': 0.4, 'QQQ': 0.0, 'HYG': 0.3, 'LQD': 0.2, 'TLT': 0.0, 'SHY': 0.0, 'DBC': 0.0, 'GLD': 0.1}"
2023-06-30,Recovery,Low,Rising,-0.055622499999998354,0.17882000000000176,3.6,0.04131851231385042,-1.6110000610351562,0.0,"{'SPY': 0.4, 'QQQ': 0.0, 'HYG': 0.3, 'LQD': 0.2, 'TLT': 0.0, 'SHY': 0.0, 'DBC': 0.0, 'GLD': 0.1}"
2023-07-31,Expansion,High,Rising,0.1085916666666833,0.26798000000000854,3.6,0.03070617072997095,-1.3339998722076416,0.8,"{'SPY': 0.6, 'QQQ': 0.2, 'HYG': 0.1, 'LQD': 0.0, 'TLT': 0.0, 'SHY': 0.0, 'DBC': 0.0, 'GLD': 0.1}"
2023-08-31,Expansion,High,Rising,0.23645916666666267,0.31506000000000256,3.5,0.03287749268428297,-1.2890000343322754,0.0,"{'SPY': 0.6, 'QQQ': 0.2, 'HYG': 0.1, 'LQD': 0.0, 'TLT': 0.0, 'SHY': 0.0, 'DBC': 0.0, 'GLD': 0.1}"
2023-09-29,Expansion,High,Rising,0.318838333333332,0.30750000000000455,3.7,0.03722504803505289,-1.204999923706055,0.0,"{'SPY': 0.6, 'QQQ': 0.2, 'HYG': 0.1, 'LQD': 0.0, 'TLT': 0.0, 'SHY': 0.0, 'DBC': 0.0, 'GLD': 0.1}"
2023-10-31,Expansion,High,Rising,0.35956499999998925,0.2548499999999905,3.7,0.03687206638119256,-0.7270002365112305,0.0,"{'SPY': 0.6, 'QQQ': 0.2, 'HYG': 0.1, 'LQD': 0.0, 'TLT': 0.0, 'SHY': 0.0, 'DBC': 0.0, 'GLD': 0.1}"
2023-11-30,Expansion,High,Rising,0.37550666666668064,0.19928000000000168,3.9,0.032512659098611785,-0.4450001716613769,0.0,"{'SPY': 0.6, 'QQQ': 0.2, 'HYG': 0.1, 'LQD': 0.0, 'TLT': 0.0, 'SHY': 0.0, 'DBC': 0.0, 'GLD': 0.1}"
2023-12-29,Expansion,High,Rising,0.3993258333333358,0.18813000000000102,3.7,0.031333462745911866,-0.8859996795654297,0.0,"{'SPY': 0.6, 'QQQ': 0.2, 'HYG': 0.1, 'LQD': 0.0, 'TLT': 0.0, 'SHY': 0.0, 'DBC': 0.0, 'GLD': 0.1}"
2024-01-31,Expansion,High,Rising,0.4443200000000047,0.23552999999999713,3.8,0.033159099427102934,-1.313999891281128,0.0,"{'SPY': 0.6, 'QQQ': 0.2, 'HYG': 0.1, 'LQD': 0.0, 'TLT': 0.0, 'SHY': 0.0, 'DBC': 0.0, 'GLD': 0.1}"
2024-02-29,Expansion,High,Rising,0.5035316666666745,0.31976000000000226,3.7,0.030883429864855705,-1.2210001945495603,0.0,"{'SPY': 0.6, 'QQQ': 0.2, 'HYG': 0.1, 'LQD': 0.0, 'TLT': 0.0, 'SHY': 0.0, 'DBC': 0.0, 'GLD': 0.1}"
2024-03-28,Expansion,High,Rising,0.4268675000000144,0.24551999999999907,3.9,0.03157074141648697,-0.9710001945495604,0.0,"{'SPY': 0.6, 'QQQ': 0.2, 'HYG': 0.1, 'LQD': 0.0, 'TLT': 0.0, 'SHY': 0.0, 'DBC': 0.0, 'GLD': 0.1}"
2024-04-30,Expansion,High,Rising,0.3523183333333577,0.13623000000001184,3.9,0.034868349120836584,-0.997000217437744,0.0,"{'SPY': 0.6, 'QQQ': 0.2, 'HYG': 0.1, 'LQD': 0.0, 'TLT': 0.0, 'SHY': 0.0, 'DBC': 0.0, 'GLD': 0.1}"
2024-05-31,Slowdown,High,Falling,0.2828099999999978,0.0,3.9,0.033607951262196734,-0.5590000152587891,1.3,"{'SPY': 0.25, 'QQQ': 0.0, 'HYG': 0.0, 'LQD': 0.0, 'TLT': 0.25, 'SHY': 0.25, 'DBC': 0.0, 'GLD': 0.25}"
2024-06-28,Slowdown,High,Falling,0.2210474999999974,0.0,3.9,0.03244278584003113,-0.7309999465942383,0.0,"{'SPY': 0.25, 'QQQ': 0.0, 'HYG': 0.0, 'LQD': 0.0, 'TLT': 0.25, 'SHY': 0.25, 'DBC': 0.0, 'GLD': 0.25}"
2024-07-31,Slowdown,High,Falling,0.1688299999999856,0.0,4.1,0.029702579486470926,-0.869999885559082,0.0,"{'SPY': 0.25, 'QQQ': 0.0, 'HYG': 0.0, 'LQD': 0.0, 'TLT': 0.25, 'SHY': 0.25, 'DBC': 0.0, 'GLD': 0.25}"
2024-08-30,Slowdown,High,Falling,0.12557666666666023,0.0,4.2,0.029414757935583014,-1.0260000228881836,0.0,"{'SPY': 0.25, 'QQQ': 0.0, 'HYG': 0.0, 'LQD': 0.0, 'TLT': 0.25, 'SHY': 0.25, 'DBC': 0.0, 'GLD': 0.25}"
2024-09-30,Slowdown,High,Falling,0.08943916666666496,0.0,4.2,0.02607144490692037,-1.056999921798706,0.0,"{'SPY': 0.25, 'QQQ': 0.0, 'HYG': 0.0, 'LQD': 0.0, 'TLT': 0.25, 'SHY': 0.25, 'DBC': 0.0, 'GLD': 0.25}"
2024-10-31,Slowdown,High,Falling,0.058459166666665396,0.0,4.1,0.024264830315416708,-0.6960000991821289,0.0,"{'SPY': 0.25, 'QQQ': 0.0, 'HYG': 0.0, 'LQD': 0.0, 'TLT': 0.25, 'SHY': 0.25, 'DBC': 0.0, 'GLD': 0.25}"
2024-11-29,Slowdown,High,Falling,0.03181250000000091,0.0,4.1,0.02578844053871343,-0.1480002403259277,0.0,"{'SPY': 0.25, 'QQQ': 0.0, 'HYG': 0.0, 'LQD': 0.0, 'TLT': 0.25, 'SHY': 0.25, 'DBC': 0.0, 'GLD': 0.25}"
2024-12-31,Slowdown,High,Falling,0.011352500000000987,0.0,4.2,0.02719472461284833,-0.1950001716613769,0.0,"{'SPY': 0.25, 'QQQ': 0.0, 'HYG': 0.0, 'LQD': 0.0, 'TLT': 0.25, 'SHY': 0.25, 'DBC': 0.0, 'GLD': 0.25}"
2025-01-31,Slowdown,High,Falling,0.0,0.0,4.1,0.028706909675099812,0.364999771118164,0.0,"{'SPY': 0.25, 'QQQ': 0.0, 'HYG': 0.0, 'LQD': 0.0, 'TLT': 0.25, 'SHY': 0.25, 'DBC': 0.0, 'GLD': 0.25}"
2025-02-28,Slowdown,High,Falling,0.0,0.0,4.0,0.029909783078999608,0.3809995651245117,0.0,"{'SPY': 0.25, 'QQQ': 0.0, 'HYG': 0.0, 'LQD': 0.0, 'TLT': 0.25, 'SHY': 0.25, 'DBC': 0.0, 'GLD': 0.25}"
2025-03-31,Slowdown,High,Falling,0.0,0.0,4.2,0.028015834477613355,0.0380001068115234,0.0,"{'SPY': 0.25, 'QQQ': 0.0, 'HYG': 0.0, 'LQD': 0.0, 'TLT': 0.25, 'SHY': 0.25, 'DBC': 0.0, 'GLD': 0.25}"
2025-04-30,Slowdown,High,Falling,0.0,0.0,4.2,0.02381981462805549,0.0529999732971191,0.0,"{'SPY': 0.25, 'QQQ': 0.0, 'HYG': 0.0, 'LQD': 0.0, 'TLT': 0.25, 'SHY': 0.25, 'DBC': 0.0, 'GLD': 0.25}"
2025-05-30,Slowdown,High,Falling,0.0,0.0,4.2,0.0232538823025783,-0.0130000114440917,0.0,"{'SPY': 0.25, 'QQQ': 0.0, 'HYG': 0.0, 'LQD': 0.0, 'TLT': 0.25, 'SHY': 0.25, 'DBC': 0.0, 'GLD': 0.25}"
2025-06-30,Slowdown,High,Falling,0.0,0.0,4.3,0.023772651073680873,0.184000015258789,0.0,"{'SPY': 0.25, 'QQQ': 0.0, 'HYG': 0.0, 'LQD': 0.0, 'TLT': 0.25, 'SHY': 0.25, 'DBC': 0.0, 'GLD': 0.25}"
2025-07-31,Slowdown,High,Falling,0.0,0.0,4.1,0.02680453865910226,0.0399999618530273,0.0,"{'SPY': 0.25, 'QQQ': 0.0, 'HYG': 0.0, 'LQD': 0.0, 'TLT': 0.25, 'SHY': 0.25, 'DBC': 0.0, 'GLD': 0.25}"
2025-08-29,Slowdown,High,Falling,0.0,0.0,4.3,0.02742618052167134,0.125,0.0,"{'SPY': 0.25, 'QQQ': 0.0, 'HYG': 0.0, 'LQD': 0.0, 'TLT': 0.25, 'SHY': 0.25, 'DBC': 0.0, 'GLD': 0.25}"
2025-09-30,Slowdown,High,Falling,0.0,0.0,4.3,0.029385917430316155,0.184000015258789,0.0,"{'SPY': 0.25, 'QQQ': 0.0, 'HYG': 0.0, 'LQD': 0.0, 'TLT': 0.25, 'SHY': 0.25, 'DBC': 0.0, 'GLD': 0.25}"
2025-10-31,Slowdown,High,Falling,0.0,0.0,4.4,0.030225715847133294,0.30299973487854,0.0,"{'SPY': 0.25, 'QQQ': 0.0, 'HYG': 0.0, 'LQD': 0.0, 'TLT': 0.25, 'SHY': 0.25, 'DBC': 0.0, 'GLD': 0.25}"
2025-11-28,Slowdown,High,Falling,0.0,0.0,4.4,0.027291362382022122,0.3829998970031738,0.0,"{'SPY': 0.25, 'QQQ': 0.0, 'HYG': 0.0, 'LQD': 0.0, 'TLT': 0.25, 'SHY': 0.25, 'DBC': 0.0, 'GLD': 0.25}"
2025-12-31,Slowdown,High,Falling,0.0,0.0,4.5,0.026964439164939513,0.3200001716613769,0.0,"{'SPY': 0.25, 'QQQ': 0.0, 'HYG': 0.0, 'LQD': 0.0, 'TLT': 0.25, 'SHY': 0.25, 'DBC': 0.0, 'GLD': 0.25}"
2026-01-30,Slowdown,High,Falling,0.0,0.0,4.4,0.02653304114557753,0.6160001754760742,0.0,"{'SPY': 0.25, 'QQQ': 0.0, 'HYG': 0.0, 'LQD': 0.0, 'TLT': 0.25, 'SHY': 0.25, 'DBC': 0.0, 'GLD': 0.25}"
2026-02-27,Slowdown,High,Falling,0.0,0.0,4.3,0.02391201432150014,0.6690001487731934,0.0,"{'SPY': 0.25, 'QQQ': 0.0, 'HYG': 0.0, 'LQD': 0.0, 'TLT': 0.25, 'SHY': 0.25, 'DBC': 0.0, 'GLD': 0.25}"
2026-03-31,Slowdown,High,Falling,0.0,0.0,4.4,0.024340041103732224,0.3839998245239258,0.0,"{'SPY': 0.25, 'QQQ': 0.0, 'HYG': 0.0, 'LQD': 0.0, 'TLT': 0.25, 'SHY': 0.25, 'DBC': 0.0, 'GLD': 0.25}"
2026-04-30,Slowdown,High,Falling,0.0,0.0,4.3,0.032859577528651984,0.7109999656677246,0.0,"{'SPY': 0.25, 'QQQ': 0.0, 'HYG': 0.0, 'LQD': 0.0, 'TLT': 0.25, 'SHY': 0.25, 'DBC': 0.0, 'GLD': 0.25}"
2026-05-29,Slowdown,High,Falling,0.0,0.0,4.3,0.03779245836741563,0.804999828338623,0.0,"{'SPY': 0.25, 'QQQ': 0.0, 'HYG': 0.0, 'LQD': 0.0, 'TLT': 0.25, 'SHY': 0.25, 'DBC': 0.0, 'GLD': 0.25}"
2026-06-08,Slowdown,High,Falling,0.0,0.0,4.3,0.036763146403842484,0.8650000095367432,0.0,"{'SPY': 0.25, 'QQQ': 0.0, 'HYG': 0.0, 'LQD': 0.0, 'TLT': 0.25, 'SHY': 0.25, 'DBC': 0.0, 'GLD': 0.25}"
