time,date,weights,cashAllocation,turnover,eligible,regime,equityCap,cryptoExposure
1627257600000,2021-07-26,"{'BTC': 0.0, 'ETH': 0.0, 'SOL': 0.0, 'XRP': 0.0, 'ADA': 0.0, 'DOGE': 0.0, 'LINK': 0.0, 'AVAX': 0.0, 'LTC': 0.0, 'BCH': 0.0}",1.0,0.0,[],risk_off,0.4,0.0
1627862400000,2021-08-02,"{'BTC': 0.0, 'ETH': 0.0, 'SOL': 0.0, 'XRP': 0.0, 'ADA': 0.0, 'DOGE': 0.0, 'LINK': 0.0, 'AVAX': 0.0, 'LTC': 0.0, 'BCH': 0.0}",1.0,0.0,[],risk_off,0.4,0.0
1628467200000,2021-08-09,"{'BTC': 0.0, 'ETH': 0.4, 'SOL': 0.0, 'XRP': 0.0, 'ADA': 0.0, 'DOGE': 0.0, 'LINK': 0.0, 'AVAX': 0.0, 'LTC': 0.0, 'BCH': 0.0}",0.6,0.4,['ETH'],risk_on,1.0,0.4
1629072000000,2021-08-16,"{'BTC': 0.0, 'ETH': 0.4, 'SOL': 0.0, 'XRP': 0.0, 'ADA': 0.0, 'DOGE': 0.0, 'LINK': 0.0, 'AVAX': 0.0, 'LTC': 0.0, 'BCH': 0.0}",0.6,0.0,['ETH'],risk_on,1.0,0.4
1629676800000,2021-08-23,"{'BTC': 0.4, 'ETH': 0.4, 'SOL': 0.0, 'XRP': 0.0, 'ADA': 0.0, 'DOGE': 0.0, 'LINK': 0.0, 'AVAX': 0.0, 'LTC': 0.0, 'BCH': 0.0}",0.19999999999999996,0.4,"['ETH', 'BTC']",risk_on,1.0,0.8
1630281600000,2021-08-30,"{'BTC': 0.0, 'ETH': 0.4, 'SOL': 0.0, 'XRP': 0.0, 'ADA': 0.0, 'DOGE': 0.0, 'LINK': 0.0, 'AVAX': 0.0, 'LTC': 0.0, 'BCH': 0.0}",0.6,0.4,['ETH'],risk_on,1.0,0.4
1630886400000,2021-09-06,"{'BTC': 0.0, 'ETH': 0.4, 'SOL': 0.0, 'XRP': 0.0, 'ADA': 0.0, 'DOGE': 0.0, 'LINK': 0.0, 'AVAX': 0.0, 'LTC': 0.0, 'BCH': 0.0}",0.6,0.0,['ETH'],risk_on,1.0,0.4
1631491200000,2021-09-13,"{'BTC': 0.0, 'ETH': 0.0, 'SOL': 0.0, 'XRP': 0.0, 'ADA': 0.0, 'DOGE': 0.0, 'LINK': 0.0, 'AVAX': 0.0, 'LTC': 0.0, 'BCH': 0.0}",1.0,0.4,[],risk_off,0.4,0.0
1632096000000,2021-09-20,"{'BTC': 0.0, 'ETH': 0.4, 'SOL': 0.0, 'XRP': 0.0, 'ADA': 0.0, 'DOGE': 0.0, 'LINK': 0.0, 'AVAX': 0.0, 'LTC': 0.0, 'BCH': 0.0}",0.6,0.4,['ETH'],risk_off,0.4,0.4
1632700800000,2021-09-27,"{'BTC': 0.0, 'ETH': 0.4, 'SOL': 0.0, 'XRP': 0.0, 'ADA': 0.0, 'DOGE': 0.0, 'LINK': 0.0, 'AVAX': 0.0, 'LTC': 0.0, 'BCH': 0.0}",0.6,0.0,['ETH'],risk_off,0.4,0.4
1633305600000,2021-10-04,"{'BTC': 0.37915280970400034, 'ETH': 0.2882424402723864, 'SOL': 0.0, 'XRP': 0.0, 'ADA': 0.3326047500236132, 'DOGE': 0.0, 'LINK': 0.0, 'AVAX': 0.0, 'LTC': 0.0, 'BCH': 0.0}",1.1102230246251565e-16,0.8235151194552273,"['BTC', 'ADA', 'ETH']",risk_on,1.0,0.9999999999999999
1633910400000,2021-10-11,"{'BTC': 0.3641798837597528, 'ETH': 0.30321886598186754, 'SOL': 0.0, 'XRP': 0.0, 'ADA': 0.3326012502583797, 'DOGE': 0.0, 'LINK': 0.0, 'AVAX': 0.0, 'LTC': 0.0, 'BCH': 0.0}",0.0,0.0299528514189622,"['BTC', 'ETH', 'ADA']",risk_on,1.0,1.0
1634515200000,2021-10-18,"{'BTC': 0.4, 'ETH': 0.4, 'SOL': 0.0, 'XRP': 0.0, 'ADA': 0.0, 'DOGE': 0.0, 'LINK': 0.0, 'AVAX': 0.0, 'LTC': 0.0, 'BCH': 0.0}",0.19999999999999996,0.46520250051675943,"['BTC', 'ETH']",risk_on,1.0,0.8
1635120000000,2021-10-25,"{'BTC': 0.34957139877394783, 'ETH': 0.37661274585019755, 'SOL': 0.0, 'XRP': 0.0, 'ADA': 0.0, 'DOGE': 0.0, 'LINK': 0.27381585537585457, 'AVAX': 0.0, 'LTC': 0.0, 'BCH': 0.0}",0.0,0.34763171075170923,"['BTC', 'ETH', 'LINK']",risk_on,1.0,1.0
1635724800000,2021-11-01,"{'BTC': 0.38794061966571924, 'ETH': 0.3226394188192613, 'SOL': 0.0, 'XRP': 0.0, 'ADA': 0.0, 'DOGE': 0.0, 'LINK': 0.0, 'AVAX': 0.0, 'LTC': 0.2894199615150196, 'BCH': 0.0}",0.0,0.6555783648135818,"['BTC', 'ETH', 'LTC']",risk_on,1.0,1.0
1636329600000,2021-11-08,"{'BTC': 0.4, 'ETH': 0.34222812493664756, 'SOL': 0.0, 'XRP': 0.0, 'ADA': 0.0, 'DOGE': 0.0, 'LINK': 0.0, 'AVAX': 0.0, 'LTC': 0.2577718750633524, 'BCH': 0.0}",0.0,0.06329617290333422,"['BTC', 'ETH', 'LTC']",risk_on,1.0,1.0
1636934400000,2021-11-15,"{'BTC': 0.4, 'ETH': 0.3843266129192716, 'SOL': 0.0, 'XRP': 0.0, 'ADA': 0.0, 'DOGE': 0.0, 'LINK': 0.0, 'AVAX': 0.0, 'LTC': 0.21567338708072833, 'BCH': 0.0}",0.0,0.08419697596524814,"['LTC', 'BTC', 'ETH']",risk_on,1.0,1.0
1637539200000,2021-11-22,"{'BTC': 0.4, 'ETH': 0.396564315315106, 'SOL': 0.0, 'XRP': 0.0, 'ADA': 0.0, 'DOGE': 0.0, 'LINK': 0.0, 'AVAX': 0.0, 'LTC': 0.203435684684894, 'BCH': 0.0}",0.0,0.02447540479166871,"['ETH', 'BTC', 'LTC']",risk_on,1.0,1.0
1638144000000,2021-11-29,"{'BTC': 0.4, 'ETH': 0.3331756540738388, 'SOL': 0.0, 'XRP': 0.0, 'ADA': 0.0, 'DOGE': 0.0, 'LINK': 0.0, 'AVAX': 0.0, 'LTC': 0.2668243459261612, 'BCH': 0.0}",0.0,0.1267773224825344,"['ETH', 'BTC', 'LTC']",risk_on,1.0,1.0
1638748800000,2021-12-06,"{'BTC': 0.0, 'ETH': 0.4, 'SOL': 0.0, 'XRP': 0.0, 'ADA': 0.0, 'DOGE': 0.0, 'LINK': 0.0, 'AVAX': 0.0, 'LTC': 0.0, 'BCH': 0.0}",0.6,0.7336486918523224,['ETH'],risk_on,1.0,0.4
1639353600000,2021-12-13,"{'BTC': 0.0, 'ETH': 0.0, 'SOL': 0.0, 'XRP': 0.0, 'ADA': 0.0, 'DOGE': 0.0, 'LINK': 0.0, 'AVAX': 0.0, 'LTC': 0.0, 'BCH': 0.0}",1.0,0.4,[],risk_off,0.4,0.0
1639958400000,2021-12-20,"{'BTC': 0.0, 'ETH': 0.0, 'SOL': 0.0, 'XRP': 0.0, 'ADA': 0.0, 'DOGE': 0.0, 'LINK': 0.0, 'AVAX': 0.0, 'LTC': 0.0, 'BCH': 0.0}",1.0,0.0,[],risk_off,0.4,0.0
1640563200000,2021-12-27,"{'BTC': 0.0, 'ETH': 0.0, 'SOL': 0.0, 'XRP': 0.0, 'ADA': 0.0, 'DOGE': 0.0, 'LINK': 0.0, 'AVAX': 0.0, 'LTC': 0.0, 'BCH': 0.0}",1.0,0.0,[],risk_on,1.0,0.0
1641168000000,2022-01-03,"{'BTC': 0.0, 'ETH': 0.0, 'SOL': 0.0, 'XRP': 0.0, 'ADA': 0.0, 'DOGE': 0.0, 'LINK': 0.0, 'AVAX': 0.0, 'LTC': 0.0, 'BCH': 0.0}",1.0,0.0,[],risk_off,0.4,0.0
1641772800000,2022-01-10,"{'BTC': 0.0, 'ETH': 0.0, 'SOL': 0.0, 'XRP': 0.0, 'ADA': 0.0, 'DOGE': 0.0, 'LINK': 0.0, 'AVAX': 0.0, 'LTC': 0.0, 'BCH': 0.0}",1.0,0.0,[],risk_off,0.4,0.0
1642377600000,2022-01-17,"{'BTC': 0.0, 'ETH': 0.0, 'SOL': 0.0, 'XRP': 0.0, 'ADA': 0.0, 'DOGE': 0.0, 'LINK': 0.0, 'AVAX': 0.0, 'LTC': 0.0, 'BCH': 0.0}",1.0,0.0,[],risk_off,0.4,0.0
1642982400000,2022-01-24,"{'BTC': 0.0, 'ETH': 0.0, 'SOL': 0.0, 'XRP': 0.0, 'ADA': 0.0, 'DOGE': 0.0, 'LINK': 0.0, 'AVAX': 0.0, 'LTC': 0.0, 'BCH': 0.0}",1.0,0.0,[],risk_off,0.4,0.0
1643587200000,2022-01-31,"{'BTC': 0.0, 'ETH': 0.0, 'SOL': 0.0, 'XRP': 0.0, 'ADA': 0.0, 'DOGE': 0.0, 'LINK': 0.0, 'AVAX': 0.0, 'LTC': 0.0, 'BCH': 0.0}",1.0,0.0,[],risk_off,0.4,0.0
1644192000000,2022-02-07,"{'BTC': 0.0, 'ETH': 0.0, 'SOL': 0.0, 'XRP': 0.0, 'ADA': 0.0, 'DOGE': 0.0, 'LINK': 0.0, 'AVAX': 0.0, 'LTC': 0.0, 'BCH': 0.0}",1.0,0.0,[],risk_off,0.4,0.0
1644796800000,2022-02-14,"{'BTC': 0.0, 'ETH': 0.0, 'SOL': 0.0, 'XRP': 0.0, 'ADA': 0.0, 'DOGE': 0.0, 'LINK': 0.0, 'AVAX': 0.0, 'LTC': 0.0, 'BCH': 0.0}",1.0,0.0,[],risk_off,0.4,0.0
1645401600000,2022-02-21,"{'BTC': 0.0, 'ETH': 0.0, 'SOL': 0.0, 'XRP': 0.0, 'ADA': 0.0, 'DOGE': 0.0, 'LINK': 0.0, 'AVAX': 0.0, 'LTC': 0.0, 'BCH': 0.0}",1.0,0.0,[],risk_off,0.4,0.0
1646006400000,2022-02-28,"{'BTC': 0.0, 'ETH': 0.0, 'SOL': 0.0, 'XRP': 0.0, 'ADA': 0.0, 'DOGE': 0.0, 'LINK': 0.0, 'AVAX': 0.0, 'LTC': 0.0, 'BCH': 0.0}",1.0,0.0,[],risk_off,0.4,0.0
1646611200000,2022-03-07,"{'BTC': 0.0, 'ETH': 0.0, 'SOL': 0.0, 'XRP': 0.0, 'ADA': 0.0, 'DOGE': 0.0, 'LINK': 0.0, 'AVAX': 0.0, 'LTC': 0.0, 'BCH': 0.0}",1.0,0.0,[],risk_off,0.4,0.0
1647216000000,2022-03-14,"{'BTC': 0.0, 'ETH': 0.0, 'SOL': 0.0, 'XRP': 0.0, 'ADA': 0.0, 'DOGE': 0.0, 'LINK': 0.0, 'AVAX': 0.0, 'LTC': 0.0, 'BCH': 0.0}",1.0,0.0,[],risk_off,0.4,0.0
1647820800000,2022-03-21,"{'BTC': 0.0, 'ETH': 0.0, 'SOL': 0.0, 'XRP': 0.0, 'ADA': 0.0, 'DOGE': 0.0, 'LINK': 0.0, 'AVAX': 0.0, 'LTC': 0.0, 'BCH': 0.0}",1.0,0.0,[],risk_off,0.4,0.0
1648425600000,2022-03-28,"{'BTC': 0.0, 'ETH': 0.0, 'SOL': 0.0, 'XRP': 0.0, 'ADA': 0.0, 'DOGE': 0.0, 'LINK': 0.0, 'AVAX': 0.0, 'LTC': 0.0, 'BCH': 0.0}",1.0,0.0,[],risk_off,0.4,0.0
1649030400000,2022-04-04,"{'BTC': 0.0, 'ETH': 0.0, 'SOL': 0.0, 'XRP': 0.0, 'ADA': 0.0, 'DOGE': 0.0, 'LINK': 0.0, 'AVAX': 0.0, 'LTC': 0.0, 'BCH': 0.0}",1.0,0.0,[],risk_off,0.4,0.0
1649635200000,2022-04-11,"{'BTC': 0.0, 'ETH': 0.0, 'SOL': 0.0, 'XRP': 0.0, 'ADA': 0.0, 'DOGE': 0.0, 'LINK': 0.0, 'AVAX': 0.0, 'LTC': 0.0, 'BCH': 0.0}",1.0,0.0,[],risk_off,0.4,0.0
1650240000000,2022-04-18,"{'BTC': 0.0, 'ETH': 0.0, 'SOL': 0.0, 'XRP': 0.0, 'ADA': 0.0, 'DOGE': 0.0, 'LINK': 0.0, 'AVAX': 0.0, 'LTC': 0.0, 'BCH': 0.0}",1.0,0.0,[],risk_off,0.4,0.0
1650844800000,2022-04-25,"{'BTC': 0.0, 'ETH': 0.0, 'SOL': 0.0, 'XRP': 0.0, 'ADA': 0.0, 'DOGE': 0.0, 'LINK': 0.0, 'AVAX': 0.0, 'LTC': 0.0, 'BCH': 0.0}",1.0,0.0,[],risk_off,0.4,0.0
1651449600000,2022-05-02,"{'BTC': 0.0, 'ETH': 0.0, 'SOL': 0.0, 'XRP': 0.0, 'ADA': 0.0, 'DOGE': 0.0, 'LINK': 0.0, 'AVAX': 0.0, 'LTC': 0.0, 'BCH': 0.0}",1.0,0.0,[],risk_off,0.4,0.0
1652054400000,2022-05-09,"{'BTC': 0.0, 'ETH': 0.0, 'SOL': 0.0, 'XRP': 0.0, 'ADA': 0.0, 'DOGE': 0.0, 'LINK': 0.0, 'AVAX': 0.0, 'LTC': 0.0, 'BCH': 0.0}",1.0,0.0,[],risk_off,0.4,0.0
1652659200000,2022-05-16,"{'BTC': 0.0, 'ETH': 0.0, 'SOL': 0.0, 'XRP': 0.0, 'ADA': 0.0, 'DOGE': 0.0, 'LINK': 0.0, 'AVAX': 0.0, 'LTC': 0.0, 'BCH': 0.0}",1.0,0.0,[],risk_off,0.4,0.0
1653264000000,2022-05-23,"{'BTC': 0.0, 'ETH': 0.0, 'SOL': 0.0, 'XRP': 0.0, 'ADA': 0.0, 'DOGE': 0.0, 'LINK': 0.0, 'AVAX': 0.0, 'LTC': 0.0, 'BCH': 0.0}",1.0,0.0,[],risk_off,0.4,0.0
1653868800000,2022-05-30,"{'BTC': 0.0, 'ETH': 0.0, 'SOL': 0.0, 'XRP': 0.0, 'ADA': 0.0, 'DOGE': 0.0, 'LINK': 0.0, 'AVAX': 0.0, 'LTC': 0.0, 'BCH': 0.0}",1.0,0.0,[],risk_off,0.4,0.0
1654473600000,2022-06-06,"{'BTC': 0.0, 'ETH': 0.0, 'SOL': 0.0, 'XRP': 0.0, 'ADA': 0.0, 'DOGE': 0.0, 'LINK': 0.0, 'AVAX': 0.0, 'LTC': 0.0, 'BCH': 0.0}",1.0,0.0,[],risk_off,0.4,0.0
1655078400000,2022-06-13,"{'BTC': 0.0, 'ETH': 0.0, 'SOL': 0.0, 'XRP': 0.0, 'ADA': 0.0, 'DOGE': 0.0, 'LINK': 0.0, 'AVAX': 0.0, 'LTC': 0.0, 'BCH': 0.0}",1.0,0.0,[],risk_off,0.4,0.0
1655683200000,2022-06-20,"{'BTC': 0.0, 'ETH': 0.0, 'SOL': 0.0, 'XRP': 0.0, 'ADA': 0.0, 'DOGE': 0.0, 'LINK': 0.0, 'AVAX': 0.0, 'LTC': 0.0, 'BCH': 0.0}",1.0,0.0,[],risk_off,0.4,0.0
1656288000000,2022-06-27,"{'BTC': 0.0, 'ETH': 0.0, 'SOL': 0.0, 'XRP': 0.0, 'ADA': 0.0, 'DOGE': 0.0, 'LINK': 0.0, 'AVAX': 0.0, 'LTC': 0.0, 'BCH': 0.0}",1.0,0.0,[],risk_off,0.4,0.0
1656892800000,2022-07-04,"{'BTC': 0.0, 'ETH': 0.0, 'SOL': 0.0, 'XRP': 0.0, 'ADA': 0.0, 'DOGE': 0.0, 'LINK': 0.0, 'AVAX': 0.0, 'LTC': 0.0, 'BCH': 0.0}",1.0,0.0,[],risk_off,0.4,0.0
1657497600000,2022-07-11,"{'BTC': 0.0, 'ETH': 0.0, 'SOL': 0.0, 'XRP': 0.0, 'ADA': 0.0, 'DOGE': 0.0, 'LINK': 0.0, 'AVAX': 0.0, 'LTC': 0.0, 'BCH': 0.0}",1.0,0.0,[],risk_off,0.4,0.0
1658102400000,2022-07-18,"{'BTC': 0.0, 'ETH': 0.0, 'SOL': 0.0, 'XRP': 0.0, 'ADA': 0.0, 'DOGE': 0.0, 'LINK': 0.0, 'AVAX': 0.0, 'LTC': 0.0, 'BCH': 0.0}",1.0,0.0,[],risk_off,0.4,0.0
1658707200000,2022-07-25,"{'BTC': 0.0, 'ETH': 0.0, 'SOL': 0.0, 'XRP': 0.0, 'ADA': 0.0, 'DOGE': 0.0, 'LINK': 0.0, 'AVAX': 0.0, 'LTC': 0.0, 'BCH': 0.0}",1.0,0.0,[],risk_off,0.4,0.0
1659312000000,2022-08-01,"{'BTC': 0.0, 'ETH': 0.0, 'SOL': 0.0, 'XRP': 0.0, 'ADA': 0.0, 'DOGE': 0.0, 'LINK': 0.0, 'AVAX': 0.0, 'LTC': 0.0, 'BCH': 0.0}",1.0,0.0,[],risk_off,0.4,0.0
1659916800000,2022-08-08,"{'BTC': 0.0, 'ETH': 0.0, 'SOL': 0.0, 'XRP': 0.0, 'ADA': 0.0, 'DOGE': 0.0, 'LINK': 0.0, 'AVAX': 0.0, 'LTC': 0.0, 'BCH': 0.0}",1.0,0.0,[],risk_off,0.4,0.0
1660521600000,2022-08-15,"{'BTC': 0.0, 'ETH': 0.0, 'SOL': 0.0, 'XRP': 0.0, 'ADA': 0.0, 'DOGE': 0.0, 'LINK': 0.0, 'AVAX': 0.0, 'LTC': 0.0, 'BCH': 0.0}",1.0,0.0,[],risk_off,0.4,0.0
1661126400000,2022-08-22,"{'BTC': 0.0, 'ETH': 0.0, 'SOL': 0.0, 'XRP': 0.0, 'ADA': 0.0, 'DOGE': 0.0, 'LINK': 0.0, 'AVAX': 0.0, 'LTC': 0.0, 'BCH': 0.0}",1.0,0.0,[],risk_off,0.4,0.0
1661731200000,2022-08-29,"{'BTC': 0.0, 'ETH': 0.0, 'SOL': 0.0, 'XRP': 0.0, 'ADA': 0.0, 'DOGE': 0.0, 'LINK': 0.0, 'AVAX': 0.0, 'LTC': 0.0, 'BCH': 0.0}",1.0,0.0,[],risk_off,0.4,0.0
1662336000000,2022-09-05,"{'BTC': 0.0, 'ETH': 0.0, 'SOL': 0.0, 'XRP': 0.0, 'ADA': 0.0, 'DOGE': 0.0, 'LINK': 0.0, 'AVAX': 0.0, 'LTC': 0.0, 'BCH': 0.0}",1.0,0.0,[],risk_off,0.4,0.0
1662940800000,2022-09-12,"{'BTC': 0.0, 'ETH': 0.0, 'SOL': 0.0, 'XRP': 0.0, 'ADA': 0.0, 'DOGE': 0.0, 'LINK': 0.0, 'AVAX': 0.0, 'LTC': 0.0, 'BCH': 0.0}",1.0,0.0,[],risk_off,0.4,0.0
1663545600000,2022-09-19,"{'BTC': 0.0, 'ETH': 0.0, 'SOL': 0.0, 'XRP': 0.0, 'ADA': 0.0, 'DOGE': 0.0, 'LINK': 0.0, 'AVAX': 0.0, 'LTC': 0.0, 'BCH': 0.0}",1.0,0.0,[],risk_off,0.4,0.0
1664150400000,2022-09-26,"{'BTC': 0.0, 'ETH': 0.0, 'SOL': 0.0, 'XRP': 0.0, 'ADA': 0.0, 'DOGE': 0.0, 'LINK': 0.0, 'AVAX': 0.0, 'LTC': 0.0, 'BCH': 0.0}",1.0,0.0,[],risk_off,0.4,0.0
1664755200000,2022-10-03,"{'BTC': 0.0, 'ETH': 0.0, 'SOL': 0.0, 'XRP': 0.0, 'ADA': 0.0, 'DOGE': 0.0, 'LINK': 0.0, 'AVAX': 0.0, 'LTC': 0.0, 'BCH': 0.0}",1.0,0.0,[],risk_off,0.4,0.0
1665360000000,2022-10-10,"{'BTC': 0.0, 'ETH': 0.0, 'SOL': 0.0, 'XRP': 0.0, 'ADA': 0.0, 'DOGE': 0.0, 'LINK': 0.0, 'AVAX': 0.0, 'LTC': 0.0, 'BCH': 0.0}",1.0,0.0,[],risk_off,0.4,0.0
1665964800000,2022-10-17,"{'BTC': 0.0, 'ETH': 0.0, 'SOL': 0.0, 'XRP': 0.0, 'ADA': 0.0, 'DOGE': 0.0, 'LINK': 0.0, 'AVAX': 0.0, 'LTC': 0.0, 'BCH': 0.0}",1.0,0.0,[],risk_off,0.4,0.0
1666569600000,2022-10-24,"{'BTC': 0.0, 'ETH': 0.0, 'SOL': 0.0, 'XRP': 0.0, 'ADA': 0.0, 'DOGE': 0.0, 'LINK': 0.0, 'AVAX': 0.0, 'LTC': 0.0, 'BCH': 0.0}",1.0,0.0,[],risk_off,0.4,0.0
1667174400000,2022-10-31,"{'BTC': 0.0, 'ETH': 0.0, 'SOL': 0.0, 'XRP': 0.0, 'ADA': 0.0, 'DOGE': 0.4, 'LINK': 0.0, 'AVAX': 0.0, 'LTC': 0.0, 'BCH': 0.0}",0.6,0.4,['DOGE'],risk_off,0.4,0.4
1667779200000,2022-11-07,"{'BTC': 0.0, 'ETH': 0.0, 'SOL': 0.0, 'XRP': 0.0, 'ADA': 0.0, 'DOGE': 0.4, 'LINK': 0.0, 'AVAX': 0.0, 'LTC': 0.0, 'BCH': 0.0}",0.6,0.0,['DOGE'],risk_off,0.4,0.4
1668384000000,2022-11-14,"{'BTC': 0.0, 'ETH': 0.0, 'SOL': 0.0, 'XRP': 0.0, 'ADA': 0.0, 'DOGE': 0.4, 'LINK': 0.0, 'AVAX': 0.0, 'LTC': 0.0, 'BCH': 0.0}",0.6,0.0,['DOGE'],risk_off,0.4,0.4
1668988800000,2022-11-21,"{'BTC': 0.0, 'ETH': 0.0, 'SOL': 0.0, 'XRP': 0.0, 'ADA': 0.0, 'DOGE': 0.4, 'LINK': 0.0, 'AVAX': 0.0, 'LTC': 0.0, 'BCH': 0.0}",0.6,0.0,['DOGE'],risk_off,0.4,0.4
1669593600000,2022-11-28,"{'BTC': 0.0, 'ETH': 0.0, 'SOL': 0.0, 'XRP': 0.0, 'ADA': 0.0, 'DOGE': 0.2, 'LINK': 0.0, 'AVAX': 0.0, 'LTC': 0.2, 'BCH': 0.0}",0.6,0.4,"['DOGE', 'LTC']",risk_off,0.4,0.4
1670198400000,2022-12-05,"{'BTC': 0.0, 'ETH': 0.0, 'SOL': 0.0, 'XRP': 0.0, 'ADA': 0.0, 'DOGE': 0.2, 'LINK': 0.0, 'AVAX': 0.0, 'LTC': 0.2, 'BCH': 0.0}",0.6,0.0,"['LTC', 'DOGE']",risk_off,0.4,0.4
1670803200000,2022-12-12,"{'BTC': 0.0, 'ETH': 0.0, 'SOL': 0.0, 'XRP': 0.0, 'ADA': 0.0, 'DOGE': 0.2, 'LINK': 0.0, 'AVAX': 0.0, 'LTC': 0.2, 'BCH': 0.0}",0.6,0.0,"['LTC', 'DOGE']",risk_off,0.4,0.4
1671408000000,2022-12-19,"{'BTC': 0.0, 'ETH': 0.0, 'SOL': 0.0, 'XRP': 0.0, 'ADA': 0.0, 'DOGE': 0.0, 'LINK': 0.0, 'AVAX': 0.0, 'LTC': 0.4, 'BCH': 0.0}",0.6,0.4,['LTC'],risk_off,0.4,0.4
1672012800000,2022-12-26,"{'BTC': 0.0, 'ETH': 0.0, 'SOL': 0.0, 'XRP': 0.0, 'ADA': 0.0, 'DOGE': 0.0, 'LINK': 0.0, 'AVAX': 0.0, 'LTC': 0.0, 'BCH': 0.0}",1.0,0.4,[],risk_off,0.4,0.0
1672617600000,2023-01-02,"{'BTC': 0.0, 'ETH': 0.0, 'SOL': 0.0, 'XRP': 0.0, 'ADA': 0.0, 'DOGE': 0.0, 'LINK': 0.0, 'AVAX': 0.0, 'LTC': 0.0, 'BCH': 0.0}",1.0,0.0,[],risk_off,0.4,0.0
1673222400000,2023-01-09,"{'BTC': 0.0, 'ETH': 0.0, 'SOL': 0.0, 'XRP': 0.0, 'ADA': 0.0, 'DOGE': 0.0, 'LINK': 0.0, 'AVAX': 0.0, 'LTC': 0.0, 'BCH': 0.0}",1.0,0.0,[],risk_off,0.4,0.0
1673827200000,2023-01-16,"{'BTC': 0.4, 'ETH': 0.4, 'SOL': 0.0, 'XRP': 0.0, 'ADA': 0.0, 'DOGE': 0.0, 'LINK': 0.0, 'AVAX': 0.0, 'LTC': 0.0, 'BCH': 0.0}",0.19999999999999996,0.8,"['ETH', 'BTC']",risk_on,1.0,0.8
1674432000000,2023-01-23,"{'BTC': 0.35020409808917785, 'ETH': 0.3329962788079512, 'SOL': 0.0, 'XRP': 0.0, 'ADA': 0.0, 'DOGE': 0.0, 'LINK': 0.0, 'AVAX': 0.0, 'LTC': 0.316799623102871, 'BCH': 0.0}",0.0,0.43359924620574203,"['BTC', 'ETH', 'LTC']",risk_on,1.0,1.0
1675036800000,2023-01-30,"{'BTC': 0.4, 'ETH': 0.0, 'SOL': 0.0, 'XRP': 0.0, 'ADA': 0.0, 'DOGE': 0.0, 'LINK': 0.0, 'AVAX': 0.19999999999999996, 'LTC': 0.4, 'BCH': 0.0}",0.0,0.6659925576159023,"['LTC', 'BTC', 'AVAX']",risk_on,1.0,1.0
1675641600000,2023-02-06,"{'BTC': 0.4, 'ETH': 0.0, 'SOL': 0.0, 'XRP': 0.0, 'ADA': 0.0, 'DOGE': 0.0, 'LINK': 0.0, 'AVAX': 0.22491593130106965, 'LTC': 0.37508406869893035, 'BCH': 0.0}",0.0,0.04983186260213937,"['LTC', 'BTC', 'AVAX']",risk_on,1.0,1.0
1676246400000,2023-02-13,"{'BTC': 0.4, 'ETH': 0.4, 'SOL': 0.0, 'XRP': 0.0, 'ADA': 0.0, 'DOGE': 0.0, 'LINK': 0.0, 'AVAX': 0.19999999999999996, 'LTC': 0.0, 'BCH': 0.0}",0.0,0.8,"['BTC', 'AVAX', 'ETH']",risk_on,1.0,1.0
1676851200000,2023-02-20,"{'BTC': 0.3637169908457609, 'ETH': 0.37050654539279465, 'SOL': 0.0, 'XRP': 0.0, 'ADA': 0.26577646376144437, 'DOGE': 0.0, 'LINK': 0.0, 'AVAX': 0.0, 'LTC': 0.0, 'BCH': 0.0}",0.0,0.5315529275228887,"['BTC', 'ADA', 'ETH']",risk_on,1.0,1.0
1677456000000,2023-02-27,"{'BTC': 0.4, 'ETH': 0.4, 'SOL': 0.0, 'XRP': 0.0, 'ADA': 0.0, 'DOGE': 0.0, 'LINK': 0.0, 'AVAX': 0.0, 'LTC': 0.0, 'BCH': 0.0}",0.19999999999999996,0.33155292752288884,"['BTC', 'ETH']",risk_on,1.0,0.8
1678060800000,2023-03-06,"{'BTC': 0.4, 'ETH': 0.0, 'SOL': 0.0, 'XRP': 0.0, 'ADA': 0.0, 'DOGE': 0.0, 'LINK': 0.0, 'AVAX': 0.0, 'LTC': 0.0, 'BCH': 0.0}",0.6,0.4,['BTC'],risk_on,1.0,0.4
1678665600000,2023-03-13,"{'BTC': 0.4, 'ETH': 0.4, 'SOL': 0.0, 'XRP': 0.0, 'ADA': 0.0, 'DOGE': 0.0, 'LINK': 0.0, 'AVAX': 0.0, 'LTC': 0.0, 'BCH': 0.0}",0.19999999999999996,0.4,"['BTC', 'ETH']",risk_on,1.0,0.8
1679270400000,2023-03-20,"{'BTC': 0.4, 'ETH': 0.4, 'SOL': 0.0, 'XRP': 0.0, 'ADA': 0.0, 'DOGE': 0.0, 'LINK': 0.0, 'AVAX': 0.0, 'LTC': 0.0, 'BCH': 0.0}",0.19999999999999996,0.0,"['BTC', 'ETH']",risk_on,1.0,0.8
1679875200000,2023-03-27,"{'BTC': 0.3543484308594347, 'ETH': 0.38772978722555307, 'SOL': 0.0, 'XRP': 0.0, 'ADA': 0.0, 'DOGE': 0.0, 'LINK': 0.0, 'AVAX': 0.0, 'LTC': 0.25792178191501225, 'BCH': 0.0}",0.0,0.31584356383002454,"['BTC', 'ETH', 'LTC']",risk_on,1.0,1.0
1680480000000,2023-04-03,"{'BTC': 0.4, 'ETH': 0.4, 'SOL': 0.0, 'XRP': 0.0, 'ADA': 0.0, 'DOGE': 0.0, 'LINK': 0.0, 'AVAX': 0.0, 'LTC': 0.0, 'BCH': 0.0}",0.19999999999999996,0.31584356383002454,"['BTC', 'ETH']",risk_on,1.0,0.8
1681084800000,2023-04-10,"{'BTC': 0.4, 'ETH': 0.4, 'SOL': 0.0, 'XRP': 0.0, 'ADA': 0.0, 'DOGE': 0.0, 'LINK': 0.0, 'AVAX': 0.0, 'LTC': 0.0, 'BCH': 0.0}",0.19999999999999996,0.0,"['BTC', 'ETH']",risk_on,1.0,0.8
1681689600000,2023-04-17,"{'BTC': 0.4, 'ETH': 0.3745455324613074, 'SOL': 0.22545446753869253, 'XRP': 0.0, 'ADA': 0.0, 'DOGE': 0.0, 'LINK': 0.0, 'AVAX': 0.0, 'LTC': 0.0, 'BCH': 0.0}",0.0,0.25090893507738515,"['ETH', 'BTC', 'SOL']",risk_on,1.0,1.0
1682294400000,2023-04-24,"{'BTC': 0.4, 'ETH': 0.4, 'SOL': 0.0, 'XRP': 0.0, 'ADA': 0.0, 'DOGE': 0.0, 'LINK': 0.0, 'AVAX': 0.0, 'LTC': 0.0, 'BCH': 0.0}",0.19999999999999996,0.25090893507738515,"['BTC', 'ETH']",risk_on,1.0,0.8
1682899200000,2023-05-01,"{'BTC': 0.4, 'ETH': 0.4, 'SOL': 0.0, 'XRP': 0.0, 'ADA': 0.0, 'DOGE': 0.0, 'LINK': 0.0, 'AVAX': 0.0, 'LTC': 0.0, 'BCH': 0.0}",0.19999999999999996,0.0,"['BTC', 'ETH']",risk_on,1.0,0.8
1683504000000,2023-05-08,"{'BTC': 0.4, 'ETH': 0.3224876988312177, 'SOL': 0.2775123011687823, 'XRP': 0.0, 'ADA': 0.0, 'DOGE': 0.0, 'LINK': 0.0, 'AVAX': 0.0, 'LTC': 0.0, 'BCH': 0.0}",0.0,0.3550246023375646,"['BTC', 'ETH', 'SOL']",risk_on,1.0,1.0
1684108800000,2023-05-15,"{'BTC': 0.4, 'ETH': 0.4, 'SOL': 0.0, 'XRP': 0.0, 'ADA': 0.0, 'DOGE': 0.0, 'LINK': 0.0, 'AVAX': 0.0, 'LTC': 0.0, 'BCH': 0.0}",0.19999999999999996,0.3550246023375646,"['BTC', 'ETH']",risk_on,1.0,0.8
1684713600000,2023-05-22,"{'BTC': 0.0, 'ETH': 0.4, 'SOL': 0.0, 'XRP': 0.0, 'ADA': 0.0, 'DOGE': 0.0, 'LINK': 0.0, 'AVAX': 0.0, 'LTC': 0.0, 'BCH': 0.0}",0.6,0.4,['ETH'],risk_on,1.0,0.4
1685318400000,2023-05-29,"{'BTC': 0.0, 'ETH': 0.4, 'SOL': 0.0, 'XRP': 0.0, 'ADA': 0.0, 'DOGE': 0.0, 'LINK': 0.0, 'AVAX': 0.0, 'LTC': 0.0, 'BCH': 0.0}",0.6,0.0,['ETH'],risk_on,1.0,0.4
1685923200000,2023-06-05,"{'BTC': 0.0, 'ETH': 0.0, 'SOL': 0.0, 'XRP': 0.0, 'ADA': 0.0, 'DOGE': 0.0, 'LINK': 0.0, 'AVAX': 0.0, 'LTC': 0.0, 'BCH': 0.0}",1.0,0.4,[],risk_on,1.0,0.0
1686528000000,2023-06-12,"{'BTC': 0.0, 'ETH': 0.0, 'SOL': 0.0, 'XRP': 0.0, 'ADA': 0.0, 'DOGE': 0.0, 'LINK': 0.0, 'AVAX': 0.0, 'LTC': 0.0, 'BCH': 0.0}",1.0,0.0,[],risk_on,1.0,0.0
1687132800000,2023-06-19,"{'BTC': 0.0, 'ETH': 0.0, 'SOL': 0.0, 'XRP': 0.0, 'ADA': 0.0, 'DOGE': 0.0, 'LINK': 0.0, 'AVAX': 0.0, 'LTC': 0.0, 'BCH': 0.0}",1.0,0.0,[],risk_on,1.0,0.0
1687737600000,2023-06-26,"{'BTC': 0.4, 'ETH': 0.0, 'SOL': 0.0, 'XRP': 0.0, 'ADA': 0.0, 'DOGE': 0.0, 'LINK': 0.0, 'AVAX': 0.0, 'LTC': 0.0, 'BCH': 0.0}",0.6,0.4,['BTC'],risk_on,1.0,0.4
1688342400000,2023-07-03,"{'BTC': 0.4, 'ETH': 0.4, 'SOL': 0.0, 'XRP': 0.0, 'ADA': 0.0, 'DOGE': 0.0, 'LINK': 0.0, 'AVAX': 0.0, 'LTC': 0.0, 'BCH': 0.19999999999999996}",0.0,0.6,"['BCH', 'BTC', 'ETH']",risk_on,1.0,1.0
1688947200000,2023-07-10,"{'BTC': 0.4, 'ETH': 0.4, 'SOL': 0.0, 'XRP': 0.0, 'ADA': 0.0, 'DOGE': 0.0, 'LINK': 0.0, 'AVAX': 0.0, 'LTC': 0.0, 'BCH': 0.19999999999999996}",0.0,0.0,"['BCH', 'BTC', 'ETH']",risk_on,1.0,1.0
1689552000000,2023-07-17,"{'BTC': 0.4, 'ETH': 0.0, 'SOL': 0.3166928069367652, 'XRP': 0.0, 'ADA': 0.0, 'DOGE': 0.0, 'LINK': 0.0, 'AVAX': 0.0, 'LTC': 0.0, 'BCH': 0.28330719306323476}",0.0,0.8,"['BCH', 'SOL', 'BTC']",risk_on,1.0,1.0
1690156800000,2023-07-24,"{'BTC': 0.4, 'ETH': 0.0, 'SOL': 0.19999999999999996, 'XRP': 0.0, 'ADA': 0.0, 'DOGE': 0.0, 'LINK': 0.0, 'AVAX': 0.0, 'LTC': 0.0, 'BCH': 0.4}",0.0,0.23338561387353052,"['BCH', 'SOL', 'BTC']",risk_on,1.0,1.0
1690761600000,2023-07-31,"{'BTC': 0.4, 'ETH': 0.0, 'SOL': 0.4, 'XRP': 0.0, 'ADA': 0.0, 'DOGE': 0.0, 'LINK': 0.0, 'AVAX': 0.0, 'LTC': 0.0, 'BCH': 0.0}",0.19999999999999996,0.6000000000000001,"['SOL', 'BTC']",risk_on,1.0,0.8
1691366400000,2023-08-07,"{'BTC': 0.4, 'ETH': 0.0, 'SOL': 0.4, 'XRP': 0.0, 'ADA': 0.0, 'DOGE': 0.0, 'LINK': 0.0, 'AVAX': 0.0, 'LTC': 0.0, 'BCH': 0.0}",0.19999999999999996,0.0,"['SOL', 'BTC']",risk_on,1.0,0.8
1691971200000,2023-08-14,"{'BTC': 0.0, 'ETH': 0.0, 'SOL': 0.0, 'XRP': 0.0, 'ADA': 0.0, 'DOGE': 0.0, 'LINK': 0.0, 'AVAX': 0.0, 'LTC': 0.0, 'BCH': 0.0}",1.0,0.8,[],risk_on,1.0,0.0
1692576000000,2023-08-21,"{'BTC': 0.0, 'ETH': 0.0, 'SOL': 0.0, 'XRP': 0.0, 'ADA': 0.0, 'DOGE': 0.0, 'LINK': 0.0, 'AVAX': 0.0, 'LTC': 0.0, 'BCH': 0.0}",1.0,0.0,[],risk_off,0.4,0.0
1693180800000,2023-08-28,"{'BTC': 0.0, 'ETH': 0.0, 'SOL': 0.0, 'XRP': 0.0, 'ADA': 0.0, 'DOGE': 0.0, 'LINK': 0.0, 'AVAX': 0.0, 'LTC': 0.0, 'BCH': 0.0}",1.0,0.0,[],risk_off,0.4,0.0
1693785600000,2023-09-04,"{'BTC': 0.0, 'ETH': 0.0, 'SOL': 0.0, 'XRP': 0.0, 'ADA': 0.0, 'DOGE': 0.0, 'LINK': 0.0, 'AVAX': 0.0, 'LTC': 0.0, 'BCH': 0.0}",1.0,0.0,[],risk_off,0.4,0.0
1694390400000,2023-09-11,"{'BTC': 0.0, 'ETH': 0.0, 'SOL': 0.0, 'XRP': 0.0, 'ADA': 0.0, 'DOGE': 0.0, 'LINK': 0.0, 'AVAX': 0.0, 'LTC': 0.0, 'BCH': 0.0}",1.0,0.0,[],risk_off,0.4,0.0
1694995200000,2023-09-18,"{'BTC': 0.0, 'ETH': 0.0, 'SOL': 0.0, 'XRP': 0.0, 'ADA': 0.0, 'DOGE': 0.0, 'LINK': 0.0, 'AVAX': 0.0, 'LTC': 0.0, 'BCH': 0.0}",1.0,0.0,[],risk_off,0.4,0.0
1695600000000,2023-09-25,"{'BTC': 0.0, 'ETH': 0.0, 'SOL': 0.0, 'XRP': 0.0, 'ADA': 0.0, 'DOGE': 0.0, 'LINK': 0.0, 'AVAX': 0.0, 'LTC': 0.0, 'BCH': 0.0}",1.0,0.0,[],risk_off,0.4,0.0
1696204800000,2023-10-02,"{'BTC': 0.0, 'ETH': 0.0, 'SOL': 0.0, 'XRP': 0.0, 'ADA': 0.0, 'DOGE': 0.0, 'LINK': 0.0, 'AVAX': 0.0, 'LTC': 0.0, 'BCH': 0.0}",1.0,0.0,[],risk_off,0.4,0.0
1696809600000,2023-10-09,"{'BTC': 0.0, 'ETH': 0.0, 'SOL': 0.0, 'XRP': 0.0, 'ADA': 0.0, 'DOGE': 0.0, 'LINK': 0.0, 'AVAX': 0.0, 'LTC': 0.0, 'BCH': 0.0}",1.0,0.0,[],risk_off,0.4,0.0
1697414400000,2023-10-16,"{'BTC': 0.4, 'ETH': 0.0, 'SOL': 0.0, 'XRP': 0.0, 'ADA': 0.0, 'DOGE': 0.0, 'LINK': 0.0, 'AVAX': 0.0, 'LTC': 0.0, 'BCH': 0.0}",0.6,0.4,['BTC'],risk_on,1.0,0.4
1698019200000,2023-10-23,"{'BTC': 0.4, 'ETH': 0.0, 'SOL': 0.4, 'XRP': 0.0, 'ADA': 0.0, 'DOGE': 0.0, 'LINK': 0.0, 'AVAX': 0.0, 'LTC': 0.0, 'BCH': 0.0}",0.19999999999999996,0.4,"['SOL', 'BTC']",risk_on,1.0,0.8
1698624000000,2023-10-30,"{'BTC': 0.4, 'ETH': 0.0, 'SOL': 0.31605149435437857, 'XRP': 0.0, 'ADA': 0.0, 'DOGE': 0.0, 'LINK': 0.28394850564562135, 'AVAX': 0.0, 'LTC': 0.0, 'BCH': 0.0}",1.1102230246251565e-16,0.3678970112912428,"['LINK', 'SOL', 'BTC']",risk_on,1.0,0.9999999999999999
1699228800000,2023-11-06,"{'BTC': 0.4, 'ETH': 0.0, 'SOL': 0.31031201031574046, 'XRP': 0.0, 'ADA': 0.0, 'DOGE': 0.0, 'LINK': 0.2896879896842595, 'AVAX': 0.0, 'LTC': 0.0, 'BCH': 0.0}",0.0,0.011478968077276275,"['SOL', 'LINK', 'BTC']",risk_on,1.0,1.0
1699833600000,2023-11-13,"{'BTC': 0.4, 'ETH': 0.0, 'SOL': 0.26048968966828834, 'XRP': 0.0, 'ADA': 0.0, 'DOGE': 0.0, 'LINK': 0.33951031033171164, 'AVAX': 0.0, 'LTC': 0.0, 'BCH': 0.0}",0.0,0.09964464129490425,"['SOL', 'LINK', 'BTC']",risk_on,1.0,1.0
1700438400000,2023-11-20,"{'BTC': 0.0, 'ETH': 0.0, 'SOL': 0.3012718994509276, 'XRP': 0.0, 'ADA': 0.0, 'DOGE': 0.0, 'LINK': 0.4, 'AVAX': 0.29872810054907234, 'LTC': 0.0, 'BCH': 0.0}",0.0,0.8,"['SOL', 'LINK', 'AVAX']",risk_on,1.0,1.0
1701043200000,2023-11-27,"{'BTC': 0.0, 'ETH': 0.0, 'SOL': 0.30066849727791756, 'XRP': 0.0, 'ADA': 0.0, 'DOGE': 0.0, 'LINK': 0.4, 'AVAX': 0.2993315027220825, 'LTC': 0.0, 'BCH': 0.0}",0.0,0.0012068043460201627,"['SOL', 'AVAX', 'LINK']",risk_on,1.0,1.0
1701648000000,2023-12-04,"{'BTC': 0.0, 'ETH': 0.0, 'SOL': 0.29668839945726977, 'XRP': 0.0, 'ADA': 0.0, 'DOGE': 0.0, 'LINK': 0.4, 'AVAX': 0.30331160054273026, 'LTC': 0.0, 'BCH': 0.0}",0.0,0.007960195641295575,"['SOL', 'LINK', 'AVAX']",risk_on,1.0,1.0
1702252800000,2023-12-11,"{'BTC': 0.0, 'ETH': 0.0, 'SOL': 0.34617608361689034, 'XRP': 0.0, 'ADA': 0.32816616459393605, 'DOGE': 0.0, 'LINK': 0.0, 'AVAX': 0.3256577517891736, 'LTC': 0.0, 'BCH': 0.0}",0.0,0.8,"['AVAX', 'SOL', 'ADA']",risk_on,1.0,1.0
1702857600000,2023-12-18,"{'BTC': 0.0, 'ETH': 0.0, 'SOL': 0.38043915540403056, 'XRP': 0.0, 'ADA': 0.27338109291046725, 'DOGE': 0.0, 'LINK': 0.0, 'AVAX': 0.34617975168550214, 'LTC': 0.0, 'BCH': 0.0}",0.0,0.10957014336693754,"['AVAX', 'SOL', 'ADA']",risk_on,1.0,1.0
1703462400000,2023-12-25,"{'BTC': 0.0, 'ETH': 0.0, 'SOL': 0.3381625166919147, 'XRP': 0.0, 'ADA': 0.2944353168717758, 'DOGE': 0.0, 'LINK': 0.0, 'AVAX': 0.36740216643630946, 'LTC': 0.0, 'BCH': 0.0}",0.0,0.08455327742423174,"['AVAX', 'SOL', 'ADA']",risk_on,1.0,1.0
1704067200000,2024-01-01,"{'BTC': 0.0, 'ETH': 0.0, 'SOL': 0.285536856437837, 'XRP': 0.0, 'ADA': 0.3429492772011257, 'DOGE': 0.0, 'LINK': 0.0, 'AVAX': 0.3715138663610372, 'LTC': 0.0, 'BCH': 0.0}",1.1102230246251565e-16,0.10525132050815539,"['AVAX', 'SOL', 'ADA']",risk_on,1.0,0.9999999999999999
1704672000000,2024-01-08,"{'BTC': 0.4, 'ETH': 0.0, 'SOL': 0.2648885876074034, 'XRP': 0.0, 'ADA': 0.0, 'DOGE': 0.0, 'LINK': 0.0, 'AVAX': 0.3351114123925965, 'LTC': 0.0, 'BCH': 0.0}",0.0,0.8,"['AVAX', 'SOL', 'BTC']",risk_on,1.0,1.0
1705276800000,2024-01-15,"{'BTC': 0.0, 'ETH': 0.0, 'SOL': 0.33837128353548973, 'XRP': 0.0, 'ADA': 0.3499854695590489, 'DOGE': 0.0, 'LINK': 0.0, 'AVAX': 0.3116432469054614, 'LTC': 0.0, 'BCH': 0.0}",0.0,0.8469363309742703,"['SOL', 'AVAX', 'ADA']",risk_on,1.0,1.0
1705881600000,2024-01-22,"{'BTC': 0.0, 'ETH': 0.0, 'SOL': 0.33625069828705334, 'XRP': 0.0, 'ADA': 0.34856516637027135, 'DOGE': 0.0, 'LINK': 0.0, 'AVAX': 0.31518413534267525, 'LTC': 0.0, 'BCH': 0.0}",1.1102230246251565e-16,0.007081776874427792,"['SOL', 'AVAX', 'ADA']",risk_on,1.0,0.9999999999999999
1706486400000,2024-01-29,"{'BTC': 0.4, 'ETH': 0.0, 'SOL': 0.31758832341705673, 'XRP': 0.0, 'ADA': 0.0, 'DOGE': 0.0, 'LINK': 0.0, 'AVAX': 0.2824116765829432, 'LTC': 0.0, 'BCH': 0.0}",0.0,0.8,"['SOL', 'AVAX', 'BTC']",risk_on,1.0,1.0
1707091200000,2024-02-05,"{'BTC': 0.0, 'ETH': 0.0, 'SOL': 0.36179108226861134, 'XRP': 0.0, 'ADA': 0.0, 'DOGE': 0.0, 'LINK': 0.3150412179673451, 'AVAX': 0.3231676997640436, 'LTC': 0.0, 'BCH': 0.0}",0.0,0.8,"['SOL', 'AVAX', 'LINK']",risk_on,1.0,1.0
1707696000000,2024-02-12,"{'BTC': 0.4, 'ETH': 0.0, 'SOL': 0.325800031067692, 'XRP': 0.0, 'ADA': 0.0, 'DOGE': 0.0, 'LINK': 0.27419996893230797, 'AVAX': 0.0, 'LTC': 0.0, 'BCH': 0.0}",0.0,0.8,"['SOL', 'LINK', 'BTC']",risk_on,1.0,1.0
1708300800000,2024-02-19,"{'BTC': 0.0, 'ETH': 0.4, 'SOL': 0.3444917528635666, 'XRP': 0.0, 'ADA': 0.0, 'DOGE': 0.0, 'LINK': 0.25550824713643344, 'AVAX': 0.0, 'LTC': 0.0, 'BCH': 0.0}",0.0,0.8373834435917492,"['ETH', 'SOL', 'LINK']",risk_on,1.0,1.0
1708905600000,2024-02-26,"{'BTC': 0.39644830277781884, 'ETH': 0.3546308965923127, 'SOL': 0.2489208006298683, 'XRP': 0.0, 'ADA': 0.0, 'DOGE': 0.0, 'LINK': 0.0, 'AVAX': 0.0, 'LTC': 0.0, 'BCH': 0.0}",1.1102230246251565e-16,0.7928966055556379,"['ETH', 'BTC', 'SOL']",risk_on,1.0,0.9999999999999999
1709510400000,2024-03-04,"{'BTC': 0.4, 'ETH': 0.4, 'SOL': 0.0, 'XRP': 0.0, 'ADA': 0.0, 'DOGE': 0.19999999999999996, 'LINK': 0.0, 'AVAX': 0.0, 'LTC': 0.0, 'BCH': 0.0}",0.0,0.49784160125973675,"['DOGE', 'ETH', 'BTC']",risk_on,1.0,1.0
1710115200000,2024-03-11,"{'BTC': 0.0, 'ETH': 0.4, 'SOL': 0.39975556947863616, 'XRP': 0.0, 'ADA': 0.0, 'DOGE': 0.2002444305213638, 'LINK': 0.0, 'AVAX': 0.0, 'LTC': 0.0, 'BCH': 0.0}",0.0,0.8,"['DOGE', 'SOL', 'ETH']",risk_on,1.0,1.0
1710720000000,2024-03-18,"{'BTC': 0.3933041992786229, 'ETH': 0.0, 'SOL': 0.3532582783540914, 'XRP': 0.0, 'ADA': 0.0, 'DOGE': 0.0, 'LINK': 0.0, 'AVAX': 0.2534375223672857, 'LTC': 0.0, 'BCH': 0.0}",0.0,1.2934834432918172,"['SOL', 'AVAX', 'BTC']",risk_on,1.0,1.0
1711324800000,2024-03-25,"{'BTC': 0.0, 'ETH': 0.0, 'SOL': 0.3665535053787999, 'XRP': 0.0, 'ADA': 0.0, 'DOGE': 0.2976679464533011, 'LINK': 0.0, 'AVAX': 0.33577854816789904, 'LTC': 0.0, 'BCH': 0.0}",0.0,0.7866083985572458,"['SOL', 'DOGE', 'AVAX']",risk_on,1.0,1.0
1711929600000,2024-04-01,"{'BTC': 0.0, 'ETH': 0.0, 'SOL': 0.37802245433122994, 'XRP': 0.0, 'ADA': 0.0, 'DOGE': 0.2767152511846479, 'LINK': 0.0, 'AVAX': 0.0, 'LTC': 0.0, 'BCH': 0.34526229448412227}",0.0,0.7134624868731045,"['BCH', 'SOL', 'DOGE']",risk_on,1.0,1.0
1712534400000,2024-04-08,"{'BTC': 0.0, 'ETH': 0.0, 'SOL': 0.4, 'XRP': 0.0, 'ADA': 0.0, 'DOGE': 0.2791513812102022, 'LINK': 0.0, 'AVAX': 0.0, 'LTC': 0.0, 'BCH': 0.3208486187897977}",0.0,0.048827351388648965,"['BCH', 'DOGE', 'SOL']",risk_on,1.0,1.0
1713139200000,2024-04-15,"{'BTC': 0.0, 'ETH': 0.0, 'SOL': 0.4, 'XRP': 0.0, 'ADA': 0.0, 'DOGE': 0.30475076711855215, 'LINK': 0.0, 'AVAX': 0.0, 'LTC': 0.0, 'BCH': 0.2952492328814479}",0.0,0.05119877181669974,"['BCH', 'DOGE', 'SOL']",risk_on,1.0,1.0
1713744000000,2024-04-22,"{'BTC': 0.0, 'ETH': 0.0, 'SOL': 0.3490835798189467, 'XRP': 0.0, 'ADA': 0.0, 'DOGE': 0.3532951093262902, 'LINK': 0.0, 'AVAX': 0.0, 'LTC': 0.0, 'BCH': 0.297621310854763}",0.0,0.10183284036210649,"['BCH', 'DOGE', 'SOL']",risk_on,1.0,1.0
1714348800000,2024-04-29,"{'BTC': 0.4, 'ETH': 0.0, 'SOL': 0.0, 'XRP': 0.0, 'ADA': 0.0, 'DOGE': 0.31956141210228534, 'LINK': 0.0, 'AVAX': 0.0, 'LTC': 0.0, 'BCH': 0.2804385878977146}",1.1102230246251565e-16,0.8,"['BCH', 'BTC', 'DOGE']",risk_on,1.0,0.9999999999999999
1714953600000,2024-05-06,"{'BTC': 0.0, 'ETH': 0.0, 'SOL': 0.4, 'XRP': 0.0, 'ADA': 0.0, 'DOGE': 0.0, 'LINK': 0.0, 'AVAX': 0.0, 'LTC': 0.0, 'BCH': 0.0}",0.6,1.4,['SOL'],risk_on,1.0,0.4
1715558400000,2024-05-13,"{'BTC': 0.0, 'ETH': 0.0, 'SOL': 0.0, 'XRP': 0.0, 'ADA': 0.0, 'DOGE': 0.0, 'LINK': 0.0, 'AVAX': 0.0, 'LTC': 0.0, 'BCH': 0.0}",1.0,0.4,[],risk_on,1.0,0.0
1716163200000,2024-05-20,"{'BTC': 0.4, 'ETH': 0.2896134274605637, 'SOL': 0.3103865725394363, 'XRP': 0.0, 'ADA': 0.0, 'DOGE': 0.0, 'LINK': 0.0, 'AVAX': 0.0, 'LTC': 0.0, 'BCH': 0.0}",0.0,1.0,"['BTC', 'SOL', 'ETH']",risk_on,1.0,1.0
1716768000000,2024-05-27,"{'BTC': 0.0, 'ETH': 0.4, 'SOL': 0.0, 'XRP': 0.0, 'ADA': 0.0, 'DOGE': 0.0, 'LINK': 0.0, 'AVAX': 0.0, 'LTC': 0.0, 'BCH': 0.0}",0.6,0.8207731450788727,['ETH'],risk_on,1.0,0.4
1717372800000,2024-06-03,"{'BTC': 0.4, 'ETH': 0.4, 'SOL': 0.0, 'XRP': 0.0, 'ADA': 0.0, 'DOGE': 0.0, 'LINK': 0.0, 'AVAX': 0.0, 'LTC': 0.0, 'BCH': 0.0}",0.19999999999999996,0.4,"['ETH', 'BTC']",risk_on,1.0,0.8
1717977600000,2024-06-10,"{'BTC': 0.0, 'ETH': 0.4, 'SOL': 0.0, 'XRP': 0.0, 'ADA': 0.0, 'DOGE': 0.0, 'LINK': 0.0, 'AVAX': 0.0, 'LTC': 0.0, 'BCH': 0.0}",0.6,0.4,['ETH'],risk_on,1.0,0.4
1718582400000,2024-06-17,"{'BTC': 0.4, 'ETH': 0.3705847337567773, 'SOL': 0.22941526624322267, 'XRP': 0.0, 'ADA': 0.0, 'DOGE': 0.0, 'LINK': 0.0, 'AVAX': 0.0, 'LTC': 0.0, 'BCH': 0.0}",0.0,0.6588305324864454,"['ETH', 'BTC', 'SOL']",risk_on,1.0,1.0
1719187200000,2024-06-24,"{'BTC': 0.0, 'ETH': 0.4, 'SOL': 0.0, 'XRP': 0.0, 'ADA': 0.0, 'DOGE': 0.0, 'LINK': 0.0, 'AVAX': 0.0, 'LTC': 0.0, 'BCH': 0.0}",0.6,0.6588305324864454,['ETH'],risk_on,1.0,0.4
1719792000000,2024-07-01,"{'BTC': 0.0, 'ETH': 0.0, 'SOL': 0.4, 'XRP': 0.0, 'ADA': 0.0, 'DOGE': 0.0, 'LINK': 0.0, 'AVAX': 0.0, 'LTC': 0.0, 'BCH': 0.0}",0.6,0.8,['SOL'],risk_on,1.0,0.4
1720396800000,2024-07-08,"{'BTC': 0.0, 'ETH': 0.0, 'SOL': 0.0, 'XRP': 0.0, 'ADA': 0.0, 'DOGE': 0.0, 'LINK': 0.0, 'AVAX': 0.0, 'LTC': 0.0, 'BCH': 0.0}",1.0,0.4,[],risk_off,0.4,0.0
1721001600000,2024-07-15,"{'BTC': 0.0, 'ETH': 0.0, 'SOL': 0.0, 'XRP': 0.0, 'ADA': 0.0, 'DOGE': 0.0, 'LINK': 0.0, 'AVAX': 0.0, 'LTC': 0.0, 'BCH': 0.0}",1.0,0.0,[],risk_on,1.0,0.0
1721606400000,2024-07-22,"{'BTC': 0.0, 'ETH': 0.0, 'SOL': 0.0, 'XRP': 0.0, 'ADA': 0.0, 'DOGE': 0.0, 'LINK': 0.0, 'AVAX': 0.0, 'LTC': 0.0, 'BCH': 0.0}",1.0,0.0,[],risk_on,1.0,0.0
1722211200000,2024-07-29,"{'BTC': 0.0, 'ETH': 0.0, 'SOL': 0.0, 'XRP': 0.0, 'ADA': 0.0, 'DOGE': 0.0, 'LINK': 0.0, 'AVAX': 0.0, 'LTC': 0.0, 'BCH': 0.0}",1.0,0.0,[],risk_on,1.0,0.0
1722816000000,2024-08-05,"{'BTC': 0.0, 'ETH': 0.0, 'SOL': 0.0, 'XRP': 0.0, 'ADA': 0.0, 'DOGE': 0.0, 'LINK': 0.0, 'AVAX': 0.0, 'LTC': 0.0, 'BCH': 0.0}",1.0,0.0,[],risk_off,0.4,0.0
1723420800000,2024-08-12,"{'BTC': 0.0, 'ETH': 0.0, 'SOL': 0.0, 'XRP': 0.4, 'ADA': 0.0, 'DOGE': 0.0, 'LINK': 0.0, 'AVAX': 0.0, 'LTC': 0.0, 'BCH': 0.0}",0.6,0.4,['XRP'],risk_off,0.4,0.4
1724025600000,2024-08-19,"{'BTC': 0.0, 'ETH': 0.0, 'SOL': 0.0, 'XRP': 0.4, 'ADA': 0.0, 'DOGE': 0.0, 'LINK': 0.0, 'AVAX': 0.0, 'LTC': 0.0, 'BCH': 0.0}",0.6,0.0,['XRP'],risk_off,0.4,0.4
1724630400000,2024-08-26,"{'BTC': 0.0, 'ETH': 0.0, 'SOL': 0.2, 'XRP': 0.2, 'ADA': 0.0, 'DOGE': 0.0, 'LINK': 0.0, 'AVAX': 0.0, 'LTC': 0.0, 'BCH': 0.0}",0.6,0.4,"['XRP', 'SOL']",risk_off,0.4,0.4
1725235200000,2024-09-02,"{'BTC': 0.0, 'ETH': 0.0, 'SOL': 0.0, 'XRP': 0.4, 'ADA': 0.0, 'DOGE': 0.0, 'LINK': 0.0, 'AVAX': 0.0, 'LTC': 0.0, 'BCH': 0.0}",0.6,0.4,['XRP'],risk_off,0.4,0.4
1725840000000,2024-09-09,"{'BTC': 0.0, 'ETH': 0.0, 'SOL': 0.0, 'XRP': 0.0, 'ADA': 0.0, 'DOGE': 0.0, 'LINK': 0.0, 'AVAX': 0.0, 'LTC': 0.0, 'BCH': 0.0}",1.0,0.4,[],risk_off,0.4,0.0
1726444800000,2024-09-16,"{'BTC': 0.0, 'ETH': 0.0, 'SOL': 0.0, 'XRP': 0.4, 'ADA': 0.0, 'DOGE': 0.0, 'LINK': 0.0, 'AVAX': 0.0, 'LTC': 0.0, 'BCH': 0.0}",0.6,0.4,['XRP'],risk_off,0.4,0.4
1727049600000,2024-09-23,"{'BTC': 0.0, 'ETH': 0.0, 'SOL': 0.0, 'XRP': 0.0, 'ADA': 0.0, 'DOGE': 0.0, 'LINK': 0.0, 'AVAX': 0.0, 'LTC': 0.0, 'BCH': 0.0}",1.0,0.4,[],risk_off,0.4,0.0
1727654400000,2024-09-30,"{'BTC': 0.0, 'ETH': 0.0, 'SOL': 0.0, 'XRP': 0.4, 'ADA': 0.0, 'DOGE': 0.0, 'LINK': 0.0, 'AVAX': 0.0, 'LTC': 0.0, 'BCH': 0.0}",0.6,0.4,['XRP'],risk_off,0.4,0.4
1728259200000,2024-10-07,"{'BTC': 0.0, 'ETH': 0.0, 'SOL': 0.0, 'XRP': 0.0, 'ADA': 0.0, 'DOGE': 0.0, 'LINK': 0.0, 'AVAX': 0.0, 'LTC': 0.0, 'BCH': 0.0}",1.0,0.4,[],risk_off,0.4,0.0
1728864000000,2024-10-14,"{'BTC': 0.0, 'ETH': 0.0, 'SOL': 0.4, 'XRP': 0.0, 'ADA': 0.0, 'DOGE': 0.0, 'LINK': 0.0, 'AVAX': 0.0, 'LTC': 0.0, 'BCH': 0.0}",0.6,0.4,['SOL'],risk_on,1.0,0.4
1729468800000,2024-10-21,"{'BTC': 0.4, 'ETH': 0.0, 'SOL': 0.2950818770270394, 'XRP': 0.0, 'ADA': 0.0, 'DOGE': 0.30491812297296056, 'LINK': 0.0, 'AVAX': 0.0, 'LTC': 0.0, 'BCH': 0.0}",0.0,0.8098362459459212,"['DOGE', 'SOL', 'BTC']",risk_on,1.0,1.0
1730073600000,2024-10-28,"{'BTC': 0.4, 'ETH': 0.0, 'SOL': 0.3389688012854303, 'XRP': 0.0, 'ADA': 0.0, 'DOGE': 0.2610311987145697, 'LINK': 0.0, 'AVAX': 0.0, 'LTC': 0.0, 'BCH': 0.0}",0.0,0.08777384851678172,"['DOGE', 'BTC', 'SOL']",risk_on,1.0,1.0
1730678400000,2024-11-04,"{'BTC': 0.4, 'ETH': 0.0, 'SOL': 0.37412612250766725, 'XRP': 0.0, 'ADA': 0.0, 'DOGE': 0.22587387749233268, 'LINK': 0.0, 'AVAX': 0.0, 'LTC': 0.0, 'BCH': 0.0}",1.1102230246251565e-16,0.070314642444474,"['DOGE', 'BTC', 'SOL']",risk_on,1.0,0.9999999999999999
1731283200000,2024-11-11,"{'BTC': 0.4, 'ETH': 0.0, 'SOL': 0.4, 'XRP': 0.0, 'ADA': 0.0, 'DOGE': 0.19999999999999996, 'LINK': 0.0, 'AVAX': 0.0, 'LTC': 0.0, 'BCH': 0.0}",0.0,0.051747754984665495,"['DOGE', 'BTC', 'SOL']",risk_on,1.0,1.0
1731888000000,2024-11-18,"{'BTC': 0.0, 'ETH': 0.0, 'SOL': 0.0, 'XRP': 0.3665670162166612, 'ADA': 0.3486643507576519, 'DOGE': 0.28476863302568695, 'LINK': 0.0, 'AVAX': 0.0, 'LTC': 0.0, 'BCH': 0.0}",0.0,1.6,"['DOGE', 'XRP', 'ADA']",risk_on,1.0,1.0
1732492800000,2024-11-25,"{'BTC': 0.0, 'ETH': 0.0, 'SOL': 0.0, 'XRP': 0.3597985676345926, 'ADA': 0.3309054489086824, 'DOGE': 0.30929598345672493, 'LINK': 0.0, 'AVAX': 0.0, 'LTC': 0.0, 'BCH': 0.0}",1.1102230246251565e-16,0.049054700862076084,"['DOGE', 'XRP', 'ADA']",risk_on,1.0,0.9999999999999999
1733097600000,2024-12-02,"{'BTC': 0.0, 'ETH': 0.0, 'SOL': 0.0, 'XRP': 0.27200656190040995, 'ADA': 0.3279934380995901, 'DOGE': 0.4, 'LINK': 0.0, 'AVAX': 0.0, 'LTC': 0.0, 'BCH': 0.0}",0.0,0.18140803308655007,"['XRP', 'DOGE', 'ADA']",risk_on,1.0,1.0
1733702400000,2024-12-09,"{'BTC': 0.0, 'ETH': 0.0, 'SOL': 0.0, 'XRP': 0.2658505689352466, 'ADA': 0.33414943106475337, 'DOGE': 0.4, 'LINK': 0.0, 'AVAX': 0.0, 'LTC': 0.0, 'BCH': 0.0}",0.0,0.012311985930326619,"['XRP', 'DOGE', 'ADA']",risk_on,1.0,1.0
1734307200000,2024-12-16,"{'BTC': 0.0, 'ETH': 0.0, 'SOL': 0.0, 'XRP': 0.2247162300717753, 'ADA': 0.3752837699282247, 'DOGE': 0.4, 'LINK': 0.0, 'AVAX': 0.0, 'LTC': 0.0, 'BCH': 0.0}",0.0,0.08226867772694266,"['XRP', 'DOGE', 'ADA']",risk_on,1.0,1.0
1734912000000,2024-12-23,"{'BTC': 0.0, 'ETH': 0.0, 'SOL': 0.0, 'XRP': 0.3240042505880384, 'ADA': 0.3189044359573279, 'DOGE': 0.3570913134546338, 'LINK': 0.0, 'AVAX': 0.0, 'LTC': 0.0, 'BCH': 0.0}",0.0,0.1985760410325261,"['XRP', 'ADA', 'DOGE']",risk_on,1.0,1.0
1735516800000,2024-12-30,"{'BTC': 0.0, 'ETH': 0.0, 'SOL': 0.0, 'XRP': 0.3961465722788913, 'ADA': 0.2929755272508787, 'DOGE': 0.31087790047023006, 'LINK': 0.0, 'AVAX': 0.0, 'LTC': 0.0, 'BCH': 0.0}",0.0,0.14428464338170582,"['XRP', 'ADA', 'DOGE']",risk_on,1.0,1.0
1736121600000,2025-01-06,"{'BTC': 0.0, 'ETH': 0.0, 'SOL': 0.0, 'XRP': 0.38782571137353267, 'ADA': 0.29711684721080267, 'DOGE': 0.31505744141566466, 'LINK': 0.0, 'AVAX': 0.0, 'LTC': 0.0, 'BCH': 0.0}",0.0,0.01664172181071716,"['XRP', 'ADA', 'DOGE']",risk_on,1.0,1.0
1736726400000,2025-01-13,"{'BTC': 0.4, 'ETH': 0.0, 'SOL': 0.0, 'XRP': 0.3213715071067827, 'ADA': 0.27862849289321723, 'DOGE': 0.0, 'LINK': 0.0, 'AVAX': 0.0, 'LTC': 0.0, 'BCH': 0.0}",0.0,0.8,"['XRP', 'ADA', 'BTC']",risk_on,1.0,1.0
1737331200000,2025-01-20,"{'BTC': 0.0, 'ETH': 0.0, 'SOL': 0.0, 'XRP': 0.3049692105749462, 'ADA': 0.31514136679624505, 'DOGE': 0.0, 'LINK': 0.37988942262880876, 'AVAX': 0.0, 'LTC': 0.0, 'BCH': 0.0}",0.0,0.8328045930636732,"['XRP', 'LINK', 'ADA']",risk_on,1.0,1.0
1737936000000,2025-01-27,"{'BTC': 0.4, 'ETH': 0.0, 'SOL': 0.0, 'XRP': 0.2606080079085669, 'ADA': 0.0, 'DOGE': 0.0, 'LINK': 0.33939199209143306, 'AVAX': 0.0, 'LTC': 0.0, 'BCH': 0.0}",0.0,0.8,"['XRP', 'BTC', 'LINK']",risk_on,1.0,1.0
1738540800000,2025-02-03,"{'BTC': 0.4, 'ETH': 0.0, 'SOL': 0.0, 'XRP': 0.4, 'ADA': 0.0, 'DOGE': 0.0, 'LINK': 0.0, 'AVAX': 0.0, 'LTC': 0.0, 'BCH': 0.0}",0.19999999999999996,0.47878398418286616,"['XRP', 'BTC']",risk_on,1.0,0.8
1739145600000,2025-02-10,"{'BTC': 0.0, 'ETH': 0.0, 'SOL': 0.0, 'XRP': 0.4, 'ADA': 0.0, 'DOGE': 0.0, 'LINK': 0.0, 'AVAX': 0.0, 'LTC': 0.4, 'BCH': 0.0}",0.19999999999999996,0.8,"['XRP', 'LTC']",risk_on,1.0,0.8
1739750400000,2025-02-17,"{'BTC': 0.0, 'ETH': 0.0, 'SOL': 0.0, 'XRP': 0.4, 'ADA': 0.0, 'DOGE': 0.0, 'LINK': 0.0, 'AVAX': 0.0, 'LTC': 0.4, 'BCH': 0.0}",0.19999999999999996,0.0,"['XRP', 'LTC']",risk_on,1.0,0.8
1740355200000,2025-02-24,"{'BTC': 0.0, 'ETH': 0.0, 'SOL': 0.0, 'XRP': 0.4, 'ADA': 0.0, 'DOGE': 0.0, 'LINK': 0.0, 'AVAX': 0.0, 'LTC': 0.4, 'BCH': 0.0}",0.19999999999999996,0.0,"['XRP', 'LTC']",risk_on,1.0,0.8
1740960000000,2025-03-03,"{'BTC': 0.0, 'ETH': 0.0, 'SOL': 0.0, 'XRP': 0.0, 'ADA': 0.0, 'DOGE': 0.0, 'LINK': 0.0, 'AVAX': 0.0, 'LTC': 0.4, 'BCH': 0.0}",0.6,0.4,['LTC'],risk_on,1.0,0.4
1741564800000,2025-03-10,"{'BTC': 0.0, 'ETH': 0.0, 'SOL': 0.0, 'XRP': 0.0, 'ADA': 0.0, 'DOGE': 0.0, 'LINK': 0.0, 'AVAX': 0.0, 'LTC': 0.0, 'BCH': 0.0}",1.0,0.4,[],risk_off,0.4,0.0
1742169600000,2025-03-17,"{'BTC': 0.0, 'ETH': 0.0, 'SOL': 0.0, 'XRP': 0.0, 'ADA': 0.0, 'DOGE': 0.0, 'LINK': 0.0, 'AVAX': 0.0, 'LTC': 0.0, 'BCH': 0.0}",1.0,0.0,[],risk_off,0.4,0.0
1742774400000,2025-03-24,"{'BTC': 0.0, 'ETH': 0.0, 'SOL': 0.0, 'XRP': 0.0, 'ADA': 0.0, 'DOGE': 0.0, 'LINK': 0.0, 'AVAX': 0.0, 'LTC': 0.0, 'BCH': 0.0}",1.0,0.0,[],risk_on,1.0,0.0
1743379200000,2025-03-31,"{'BTC': 0.0, 'ETH': 0.0, 'SOL': 0.0, 'XRP': 0.0, 'ADA': 0.0, 'DOGE': 0.0, 'LINK': 0.0, 'AVAX': 0.0, 'LTC': 0.0, 'BCH': 0.0}",1.0,0.0,[],risk_off,0.4,0.0
1743984000000,2025-04-07,"{'BTC': 0.0, 'ETH': 0.0, 'SOL': 0.0, 'XRP': 0.0, 'ADA': 0.0, 'DOGE': 0.0, 'LINK': 0.0, 'AVAX': 0.0, 'LTC': 0.0, 'BCH': 0.0}",1.0,0.0,[],risk_off,0.4,0.0
1744588800000,2025-04-14,"{'BTC': 0.0, 'ETH': 0.0, 'SOL': 0.0, 'XRP': 0.0, 'ADA': 0.0, 'DOGE': 0.0, 'LINK': 0.0, 'AVAX': 0.0, 'LTC': 0.0, 'BCH': 0.0}",1.0,0.0,[],risk_off,0.4,0.0
1745193600000,2025-04-21,"{'BTC': 0.0, 'ETH': 0.0, 'SOL': 0.0, 'XRP': 0.0, 'ADA': 0.0, 'DOGE': 0.0, 'LINK': 0.0, 'AVAX': 0.0, 'LTC': 0.0, 'BCH': 0.0}",1.0,0.0,[],risk_off,0.4,0.0
1745798400000,2025-04-28,"{'BTC': 0.4, 'ETH': 0.0, 'SOL': 0.0, 'XRP': 0.4, 'ADA': 0.0, 'DOGE': 0.0, 'LINK': 0.0, 'AVAX': 0.0, 'LTC': 0.0, 'BCH': 0.0}",0.19999999999999996,0.8,"['BTC', 'XRP']",risk_on,1.0,0.8
1746403200000,2025-05-05,"{'BTC': 0.0, 'ETH': 0.0, 'SOL': 0.0, 'XRP': 0.0, 'ADA': 0.0, 'DOGE': 0.0, 'LINK': 0.0, 'AVAX': 0.0, 'LTC': 0.0, 'BCH': 0.0}",1.0,0.8,[],risk_on,1.0,0.0
1747008000000,2025-05-12,"{'BTC': 0.4, 'ETH': 0.0, 'SOL': 0.0, 'XRP': 0.4, 'ADA': 0.0, 'DOGE': 0.0, 'LINK': 0.0, 'AVAX': 0.0, 'LTC': 0.0, 'BCH': 0.0}",0.19999999999999996,0.8,"['BTC', 'XRP']",risk_on,1.0,0.8
1747612800000,2025-05-19,"{'BTC': 0.4, 'ETH': 0.0, 'SOL': 0.0, 'XRP': 0.0, 'ADA': 0.0, 'DOGE': 0.0, 'LINK': 0.0, 'AVAX': 0.0, 'LTC': 0.0, 'BCH': 0.0}",0.6,0.4,['BTC'],risk_on,1.0,0.4
1748217600000,2025-05-26,"{'BTC': 0.4, 'ETH': 0.0, 'SOL': 0.0, 'XRP': 0.0, 'ADA': 0.0, 'DOGE': 0.0, 'LINK': 0.0, 'AVAX': 0.0, 'LTC': 0.0, 'BCH': 0.0}",0.6,0.0,['BTC'],risk_on,1.0,0.4
1748822400000,2025-06-02,"{'BTC': 0.4, 'ETH': 0.0, 'SOL': 0.0, 'XRP': 0.0, 'ADA': 0.0, 'DOGE': 0.0, 'LINK': 0.0, 'AVAX': 0.0, 'LTC': 0.0, 'BCH': 0.0}",0.6,0.0,['BTC'],risk_on,1.0,0.4
1749427200000,2025-06-09,"{'BTC': 0.4, 'ETH': 0.4, 'SOL': 0.0, 'XRP': 0.0, 'ADA': 0.0, 'DOGE': 0.0, 'LINK': 0.0, 'AVAX': 0.0, 'LTC': 0.0, 'BCH': 0.0}",0.19999999999999996,0.4,"['ETH', 'BTC']",risk_on,1.0,0.8
1750032000000,2025-06-16,"{'BTC': 0.4, 'ETH': 0.0, 'SOL': 0.0, 'XRP': 0.0, 'ADA': 0.0, 'DOGE': 0.0, 'LINK': 0.0, 'AVAX': 0.0, 'LTC': 0.0, 'BCH': 0.0}",0.6,0.4,['BTC'],risk_on,1.0,0.4
1750636800000,2025-06-23,"{'BTC': 0.4, 'ETH': 0.0, 'SOL': 0.0, 'XRP': 0.0, 'ADA': 0.0, 'DOGE': 0.0, 'LINK': 0.0, 'AVAX': 0.0, 'LTC': 0.0, 'BCH': 0.0}",0.6,0.0,['BTC'],risk_on,1.0,0.4
1751241600000,2025-06-30,"{'BTC': 0.4, 'ETH': 0.0, 'SOL': 0.0, 'XRP': 0.0, 'ADA': 0.0, 'DOGE': 0.0, 'LINK': 0.0, 'AVAX': 0.0, 'LTC': 0.0, 'BCH': 0.0}",0.6,0.0,['BTC'],risk_on,1.0,0.4
1751846400000,2025-07-07,"{'BTC': 0.4, 'ETH': 0.4, 'SOL': 0.0, 'XRP': 0.0, 'ADA': 0.0, 'DOGE': 0.0, 'LINK': 0.0, 'AVAX': 0.0, 'LTC': 0.0, 'BCH': 0.0}",0.19999999999999996,0.4,"['BTC', 'ETH']",risk_on,1.0,0.8
1752451200000,2025-07-14,"{'BTC': 0.4, 'ETH': 0.2953530920422676, 'SOL': 0.0, 'XRP': 0.3046469079577323, 'ADA': 0.0, 'DOGE': 0.0, 'LINK': 0.0, 'AVAX': 0.0, 'LTC': 0.0, 'BCH': 0.0}",0.0,0.4092938159154647,"['BTC', 'ETH', 'XRP']",risk_on,1.0,1.0
1753056000000,2025-07-21,"{'BTC': 0.4, 'ETH': 0.341086585184561, 'SOL': 0.0, 'XRP': 0.25891341481543895, 'ADA': 0.0, 'DOGE': 0.0, 'LINK': 0.0, 'AVAX': 0.0, 'LTC': 0.0, 'BCH': 0.0}",1.1102230246251565e-16,0.09146698628458672,"['ETH', 'XRP', 'BTC']",risk_on,1.0,0.9999999999999999
1753660800000,2025-07-28,"{'BTC': 0.4, 'ETH': 0.382383535778589, 'SOL': 0.0, 'XRP': 0.21761646422141098, 'ADA': 0.0, 'DOGE': 0.0, 'LINK': 0.0, 'AVAX': 0.0, 'LTC': 0.0, 'BCH': 0.0}",0.0,0.08259390118805601,"['ETH', 'XRP', 'BTC']",risk_on,1.0,1.0
1754265600000,2025-08-04,"{'BTC': 0.0, 'ETH': 0.4, 'SOL': 0.0, 'XRP': 0.2739492824451726, 'ADA': 0.0, 'DOGE': 0.0, 'LINK': 0.0, 'AVAX': 0.0, 'LTC': 0.3260507175548274, 'BCH': 0.0}",0.0,0.8,"['ETH', 'LTC', 'XRP']",risk_on,1.0,1.0
1754870400000,2025-08-11,"{'BTC': 0.0, 'ETH': 0.3849253824047385, 'SOL': 0.0, 'XRP': 0.0, 'ADA': 0.0, 'DOGE': 0.0, 'LINK': 0.24594194444830608, 'AVAX': 0.0, 'LTC': 0.3691326731469555, 'BCH': 0.0}",0.0,0.5780478000808683,"['ETH', 'LINK', 'LTC']",risk_on,1.0,1.0
1755475200000,2025-08-18,"{'BTC': 0.0, 'ETH': 0.3763427259092889, 'SOL': 0.0, 'XRP': 0.0, 'ADA': 0.3773996913077669, 'DOGE': 0.0, 'LINK': 0.24625758278294418, 'AVAX': 0.0, 'LTC': 0.0, 'BCH': 0.0}",0.0,0.7554306592848101,"['ETH', 'LINK', 'ADA']",risk_on,1.0,1.0
1756080000000,2025-08-25,"{'BTC': 0.0, 'ETH': 0.3580068277244513, 'SOL': 0.0, 'XRP': 0.0, 'ADA': 0.3819517683709336, 'DOGE': 0.0, 'LINK': 0.26004140390461505, 'AVAX': 0.0, 'LTC': 0.0, 'BCH': 0.0}",0.0,0.03667179636967516,"['ETH', 'LINK', 'ADA']",risk_on,1.0,1.0
1756684800000,2025-09-01,"{'BTC': 0.0, 'ETH': 0.3639608712722547, 'SOL': 0.3603577238759836, 'XRP': 0.0, 'ADA': 0.0, 'DOGE': 0.0, 'LINK': 0.2756814048517618, 'AVAX': 0.0, 'LTC': 0.0, 'BCH': 0.0}",0.0,0.7639035367418673,"['ETH', 'LINK', 'SOL']",risk_on,1.0,1.0
1757289600000,2025-09-08,"{'BTC': 0.0, 'ETH': 0.3548965863125535, 'SOL': 0.34021016582561825, 'XRP': 0.0, 'ADA': 0.0, 'DOGE': 0.0, 'LINK': 0.30489324786182825, 'AVAX': 0.0, 'LTC': 0.0, 'BCH': 0.0}",0.0,0.05842368602013298,"['ETH', 'LINK', 'SOL']",risk_on,1.0,1.0
1757894400000,2025-09-15,"{'BTC': 0.0, 'ETH': 0.4, 'SOL': 0.3054570136870698, 'XRP': 0.0, 'ADA': 0.0, 'DOGE': 0.0, 'LINK': 0.29454298631293024, 'AVAX': 0.0, 'LTC': 0.0, 'BCH': 0.0}",0.0,0.090206827374893,"['ETH', 'SOL', 'LINK']",risk_on,1.0,1.0
1758499200000,2025-09-22,"{'BTC': 0.0, 'ETH': 0.4, 'SOL': 0.35502001535221445, 'XRP': 0.0, 'ADA': 0.0, 'DOGE': 0.0, 'LINK': 0.0, 'AVAX': 0.24497998464778561, 'LTC': 0.0, 'BCH': 0.0}",0.0,0.5890859726258606,"['AVAX', 'ETH', 'SOL']",risk_on,1.0,1.0
1759104000000,2025-09-29,"{'BTC': 0.0, 'ETH': 0.4, 'SOL': 0.0, 'XRP': 0.0, 'ADA': 0.0, 'DOGE': 0.0, 'LINK': 0.37498357107631064, 'AVAX': 0.22501642892368925, 'LTC': 0.0, 'BCH': 0.0}",1.1102230246251565e-16,0.7499671421526215,"['AVAX', 'LINK', 'ETH']",risk_on,1.0,0.9999999999999999
1759708800000,2025-10-06,"{'BTC': 0.0, 'ETH': 0.38600794729977583, 'SOL': 0.28663070369531374, 'XRP': 0.0, 'ADA': 0.0, 'DOGE': 0.0, 'LINK': 0.3273613490049105, 'AVAX': 0.0, 'LTC': 0.0, 'BCH': 0.0}",0.0,0.5732614073906274,"['ETH', 'SOL', 'LINK']",risk_on,1.0,1.0
1760313600000,2025-10-13,"{'BTC': 0.0, 'ETH': 0.0, 'SOL': 0.4, 'XRP': 0.0, 'ADA': 0.0, 'DOGE': 0.0, 'LINK': 0.0, 'AVAX': 0.4, 'LTC': 0.0, 'BCH': 0.0}",0.19999999999999996,1.2267385926093726,"['SOL', 'AVAX']",risk_on,1.0,0.8
1760918400000,2025-10-20,"{'BTC': 0.0, 'ETH': 0.0, 'SOL': 0.4, 'XRP': 0.0, 'ADA': 0.0, 'DOGE': 0.0, 'LINK': 0.0, 'AVAX': 0.0, 'LTC': 0.0, 'BCH': 0.0}",0.6,0.4,['SOL'],risk_on,1.0,0.4
1761523200000,2025-10-27,"{'BTC': 0.4, 'ETH': 0.0, 'SOL': 0.0, 'XRP': 0.0, 'ADA': 0.0, 'DOGE': 0.0, 'LINK': 0.0, 'AVAX': 0.0, 'LTC': 0.0, 'BCH': 0.0}",0.6,0.8,['BTC'],risk_on,1.0,0.4
1762128000000,2025-11-03,"{'BTC': 0.0, 'ETH': 0.0, 'SOL': 0.0, 'XRP': 0.0, 'ADA': 0.0, 'DOGE': 0.0, 'LINK': 0.0, 'AVAX': 0.0, 'LTC': 0.0, 'BCH': 0.0}",1.0,0.4,[],risk_off,0.4,0.0
1762732800000,2025-11-10,"{'BTC': 0.0, 'ETH': 0.0, 'SOL': 0.0, 'XRP': 0.0, 'ADA': 0.0, 'DOGE': 0.0, 'LINK': 0.0, 'AVAX': 0.0, 'LTC': 0.0, 'BCH': 0.0}",1.0,0.0,[],risk_off,0.4,0.0
1763337600000,2025-11-17,"{'BTC': 0.0, 'ETH': 0.0, 'SOL': 0.0, 'XRP': 0.0, 'ADA': 0.0, 'DOGE': 0.0, 'LINK': 0.0, 'AVAX': 0.0, 'LTC': 0.0, 'BCH': 0.0}",1.0,0.0,[],risk_off,0.4,0.0
1763942400000,2025-11-24,"{'BTC': 0.0, 'ETH': 0.0, 'SOL': 0.0, 'XRP': 0.0, 'ADA': 0.0, 'DOGE': 0.0, 'LINK': 0.0, 'AVAX': 0.0, 'LTC': 0.0, 'BCH': 0.0}",1.0,0.0,[],risk_off,0.4,0.0
1764547200000,2025-12-01,"{'BTC': 0.0, 'ETH': 0.0, 'SOL': 0.0, 'XRP': 0.0, 'ADA': 0.0, 'DOGE': 0.0, 'LINK': 0.0, 'AVAX': 0.0, 'LTC': 0.0, 'BCH': 0.0}",1.0,0.0,[],risk_off,0.4,0.0
1765152000000,2025-12-08,"{'BTC': 0.0, 'ETH': 0.0, 'SOL': 0.0, 'XRP': 0.0, 'ADA': 0.0, 'DOGE': 0.0, 'LINK': 0.0, 'AVAX': 0.0, 'LTC': 0.0, 'BCH': 0.0}",1.0,0.0,[],risk_off,0.4,0.0
1765756800000,2025-12-15,"{'BTC': 0.0, 'ETH': 0.0, 'SOL': 0.0, 'XRP': 0.0, 'ADA': 0.0, 'DOGE': 0.0, 'LINK': 0.0, 'AVAX': 0.0, 'LTC': 0.0, 'BCH': 0.0}",1.0,0.0,[],risk_off,0.4,0.0
1766361600000,2025-12-22,"{'BTC': 0.0, 'ETH': 0.0, 'SOL': 0.0, 'XRP': 0.0, 'ADA': 0.0, 'DOGE': 0.0, 'LINK': 0.0, 'AVAX': 0.0, 'LTC': 0.0, 'BCH': 0.0}",1.0,0.0,[],risk_off,0.4,0.0
1766966400000,2025-12-29,"{'BTC': 0.0, 'ETH': 0.0, 'SOL': 0.0, 'XRP': 0.0, 'ADA': 0.0, 'DOGE': 0.0, 'LINK': 0.0, 'AVAX': 0.0, 'LTC': 0.0, 'BCH': 0.0}",1.0,0.0,[],risk_off,0.4,0.0
1767571200000,2026-01-05,"{'BTC': 0.0, 'ETH': 0.0, 'SOL': 0.0, 'XRP': 0.0, 'ADA': 0.0, 'DOGE': 0.0, 'LINK': 0.0, 'AVAX': 0.0, 'LTC': 0.0, 'BCH': 0.0}",1.0,0.0,[],risk_off,0.4,0.0
1768176000000,2026-01-12,"{'BTC': 0.0, 'ETH': 0.0, 'SOL': 0.0, 'XRP': 0.0, 'ADA': 0.0, 'DOGE': 0.0, 'LINK': 0.0, 'AVAX': 0.0, 'LTC': 0.0, 'BCH': 0.0}",1.0,0.0,[],risk_off,0.4,0.0
1768780800000,2026-01-19,"{'BTC': 0.0, 'ETH': 0.0, 'SOL': 0.0, 'XRP': 0.0, 'ADA': 0.0, 'DOGE': 0.0, 'LINK': 0.0, 'AVAX': 0.0, 'LTC': 0.0, 'BCH': 0.0}",1.0,0.0,[],risk_off,0.4,0.0
1769385600000,2026-01-26,"{'BTC': 0.0, 'ETH': 0.0, 'SOL': 0.0, 'XRP': 0.0, 'ADA': 0.0, 'DOGE': 0.0, 'LINK': 0.0, 'AVAX': 0.0, 'LTC': 0.0, 'BCH': 0.0}",1.0,0.0,[],risk_off,0.4,0.0
1769990400000,2026-02-02,"{'BTC': 0.0, 'ETH': 0.0, 'SOL': 0.0, 'XRP': 0.0, 'ADA': 0.0, 'DOGE': 0.0, 'LINK': 0.0, 'AVAX': 0.0, 'LTC': 0.0, 'BCH': 0.0}",1.0,0.0,[],risk_off,0.4,0.0
1770595200000,2026-02-09,"{'BTC': 0.0, 'ETH': 0.0, 'SOL': 0.0, 'XRP': 0.0, 'ADA': 0.0, 'DOGE': 0.0, 'LINK': 0.0, 'AVAX': 0.0, 'LTC': 0.0, 'BCH': 0.0}",1.0,0.0,[],risk_off,0.4,0.0
1771200000000,2026-02-16,"{'BTC': 0.0, 'ETH': 0.0, 'SOL': 0.0, 'XRP': 0.0, 'ADA': 0.0, 'DOGE': 0.0, 'LINK': 0.0, 'AVAX': 0.0, 'LTC': 0.0, 'BCH': 0.0}",1.0,0.0,[],risk_off,0.4,0.0
1771804800000,2026-02-23,"{'BTC': 0.0, 'ETH': 0.0, 'SOL': 0.0, 'XRP': 0.0, 'ADA': 0.0, 'DOGE': 0.0, 'LINK': 0.0, 'AVAX': 0.0, 'LTC': 0.0, 'BCH': 0.0}",1.0,0.0,[],risk_off,0.4,0.0
1772409600000,2026-03-02,"{'BTC': 0.0, 'ETH': 0.0, 'SOL': 0.0, 'XRP': 0.0, 'ADA': 0.0, 'DOGE': 0.0, 'LINK': 0.0, 'AVAX': 0.0, 'LTC': 0.0, 'BCH': 0.0}",1.0,0.0,[],risk_off,0.4,0.0
1773014400000,2026-03-09,"{'BTC': 0.0, 'ETH': 0.0, 'SOL': 0.0, 'XRP': 0.0, 'ADA': 0.0, 'DOGE': 0.0, 'LINK': 0.0, 'AVAX': 0.0, 'LTC': 0.0, 'BCH': 0.0}",1.0,0.0,[],risk_off,0.4,0.0
1773619200000,2026-03-16,"{'BTC': 0.0, 'ETH': 0.0, 'SOL': 0.0, 'XRP': 0.0, 'ADA': 0.0, 'DOGE': 0.0, 'LINK': 0.0, 'AVAX': 0.0, 'LTC': 0.0, 'BCH': 0.0}",1.0,0.0,[],risk_off,0.4,0.0
1774224000000,2026-03-23,"{'BTC': 0.0, 'ETH': 0.0, 'SOL': 0.0, 'XRP': 0.0, 'ADA': 0.0, 'DOGE': 0.0, 'LINK': 0.0, 'AVAX': 0.0, 'LTC': 0.0, 'BCH': 0.0}",1.0,0.0,[],risk_off,0.4,0.0
1774828800000,2026-03-30,"{'BTC': 0.0, 'ETH': 0.0, 'SOL': 0.0, 'XRP': 0.0, 'ADA': 0.0, 'DOGE': 0.0, 'LINK': 0.0, 'AVAX': 0.0, 'LTC': 0.0, 'BCH': 0.0}",1.0,0.0,[],risk_off,0.4,0.0
1775433600000,2026-04-06,"{'BTC': 0.0, 'ETH': 0.0, 'SOL': 0.0, 'XRP': 0.0, 'ADA': 0.0, 'DOGE': 0.0, 'LINK': 0.0, 'AVAX': 0.0, 'LTC': 0.0, 'BCH': 0.0}",1.0,0.0,[],risk_off,0.4,0.0
1776038400000,2026-04-13,"{'BTC': 0.0, 'ETH': 0.0, 'SOL': 0.0, 'XRP': 0.0, 'ADA': 0.0, 'DOGE': 0.0, 'LINK': 0.0, 'AVAX': 0.0, 'LTC': 0.0, 'BCH': 0.0}",1.0,0.0,[],risk_off,0.4,0.0
1776643200000,2026-04-20,"{'BTC': 0.0, 'ETH': 0.0, 'SOL': 0.0, 'XRP': 0.0, 'ADA': 0.0, 'DOGE': 0.0, 'LINK': 0.0, 'AVAX': 0.0, 'LTC': 0.0, 'BCH': 0.0}",1.0,0.0,[],risk_off,0.4,0.0
1777248000000,2026-04-27,"{'BTC': 0.0, 'ETH': 0.0, 'SOL': 0.0, 'XRP': 0.0, 'ADA': 0.0, 'DOGE': 0.0, 'LINK': 0.0, 'AVAX': 0.0, 'LTC': 0.0, 'BCH': 0.0}",1.0,0.0,[],risk_off,0.4,0.0
1777852800000,2026-05-04,"{'BTC': 0.0, 'ETH': 0.0, 'SOL': 0.0, 'XRP': 0.0, 'ADA': 0.0, 'DOGE': 0.0, 'LINK': 0.0, 'AVAX': 0.0, 'LTC': 0.0, 'BCH': 0.0}",1.0,0.0,[],risk_off,0.4,0.0
1778457600000,2026-05-11,"{'BTC': 0.0, 'ETH': 0.0, 'SOL': 0.0, 'XRP': 0.0, 'ADA': 0.0, 'DOGE': 0.0, 'LINK': 0.0, 'AVAX': 0.0, 'LTC': 0.0, 'BCH': 0.0}",1.0,0.0,[],risk_off,0.4,0.0
1779062400000,2026-05-18,"{'BTC': 0.0, 'ETH': 0.0, 'SOL': 0.0, 'XRP': 0.0, 'ADA': 0.0, 'DOGE': 0.0, 'LINK': 0.0, 'AVAX': 0.0, 'LTC': 0.0, 'BCH': 0.0}",1.0,0.0,[],risk_off,0.4,0.0
1779667200000,2026-05-25,"{'BTC': 0.0, 'ETH': 0.0, 'SOL': 0.0, 'XRP': 0.0, 'ADA': 0.0, 'DOGE': 0.0, 'LINK': 0.0, 'AVAX': 0.0, 'LTC': 0.0, 'BCH': 0.0}",1.0,0.0,[],risk_off,0.4,0.0
1780272000000,2026-06-01,"{'BTC': 0.0, 'ETH': 0.0, 'SOL': 0.0, 'XRP': 0.0, 'ADA': 0.0, 'DOGE': 0.0, 'LINK': 0.0, 'AVAX': 0.0, 'LTC': 0.0, 'BCH': 0.0}",1.0,0.0,[],risk_off,0.4,0.0
1780531200000,2026-06-04,"{'BTC': 0.0, 'ETH': 0.0, 'SOL': 0.0, 'XRP': 0.0, 'ADA': 0.0, 'DOGE': 0.0, 'LINK': 0.0, 'AVAX': 0.0, 'LTC': 0.0, 'BCH': 0.0}",1.0,0.0,[],risk_off,0.4,0.0
