observation_date,USALOLITONOSTSAM
2000-01-01,101.22350
2000-02-01,101.16580
2000-03-01,101.08020
2000-04-01,100.97460
2000-05-01,100.84420
2000-06-01,100.69700
2000-07-01,100.53360
2000-08-01,100.34110
2000-09-01,100.11680
2000-10-01,99.84575
2000-11-01,99.53703
2000-12-01,99.20428
2001-01-01,98.90028
2001-02-01,98.66687
2001-03-01,98.51558
2001-04-01,98.43899
2001-05-01,98.41459
2001-06-01,98.39322
2001-07-01,98.35278
2001-08-01,98.29589
2001-09-01,98.25891
2001-10-01,98.30439
2001-11-01,98.45556
2001-12-01,98.69349
2002-01-01,98.96920
2002-02-01,99.23076
2002-03-01,99.42764
2002-04-01,99.50980
2002-05-01,99.45938
2002-06-01,99.28414
2002-07-01,99.03129
2002-08-01,98.76104
2002-09-01,98.51003
2002-10-01,98.31223
2002-11-01,98.18129
2002-12-01,98.09320
2003-01-01,98.02883
2003-02-01,97.99784
2003-03-01,98.02911
2003-04-01,98.14710
2003-05-01,98.34695
2003-06-01,98.60476
2003-07-01,98.90762
2003-08-01,99.24580
2003-09-01,99.60869
2003-10-01,99.97696
2003-11-01,100.32070
2003-12-01,100.60970
2004-01-01,100.82810
2004-02-01,100.95900
2004-03-01,101.01710
2004-04-01,101.01550
2004-05-01,100.97380
2004-06-01,100.90100
2004-07-01,100.80320
2004-08-01,100.69500
2004-09-01,100.60080
2004-10-01,100.53700
2004-11-01,100.51130
2004-12-01,100.49950
2005-01-01,100.46920
2005-02-01,100.41420
2005-03-01,100.34460
2005-04-01,100.29310
2005-05-01,100.28270
2005-06-01,100.31130
2005-07-01,100.35670
2005-08-01,100.42180
2005-09-01,100.51870
2005-10-01,100.65680
2005-11-01,100.82250
2005-12-01,100.97990
2006-01-01,101.10100
2006-02-01,101.17720
2006-03-01,101.20340
2006-04-01,101.17680
2006-05-01,101.11950
2006-06-01,101.06720
2006-07-01,101.03720
2006-08-01,101.04870
2006-09-01,101.10750
2006-10-01,101.19490
2006-11-01,101.29880
2006-12-01,101.41000
2007-01-01,101.51790
2007-02-01,101.62320
2007-03-01,101.73190
2007-04-01,101.83510
2007-05-01,101.91350
2007-06-01,101.95420
2007-07-01,101.94270
2007-08-01,101.87600
2007-09-01,101.77900
2007-10-01,101.67020
2007-11-01,101.55450
2007-12-01,101.44260
2008-01-01,101.32580
2008-02-01,101.19310
2008-03-01,101.04660
2008-04-01,100.86420
2008-05-01,100.61570
2008-06-01,100.26650
2008-07-01,99.78567
2008-08-01,99.16016
2008-09-01,98.40291
2008-10-01,97.57042
2008-11-01,96.77334
2008-12-01,96.10251
2009-01-01,95.61550
2009-02-01,95.34590
2009-03-01,95.30939
2009-04-01,95.49648
2009-05-01,95.84531
2009-06-01,96.29185
2009-07-01,96.77999
2009-08-01,97.27346
2009-09-01,97.74572
2009-10-01,98.18285
2009-11-01,98.58450
2009-12-01,98.95368
2010-01-01,99.27216
2010-02-01,99.50831
2010-03-01,99.66566
2010-04-01,99.72921
2010-05-01,99.70831
2010-06-01,99.63864
2010-07-01,99.57851
2010-08-01,99.57319
2010-09-01,99.63367
2010-10-01,99.74897
2010-11-01,99.91078
2010-12-01,100.08350
2011-01-01,100.23020
2011-02-01,100.31920
2011-03-01,100.31810
2011-04-01,100.22470
2011-05-01,100.04920
2011-06-01,99.81157
2011-07-01,99.55637
2011-08-01,99.34052
2011-09-01,99.22665
2011-10-01,99.24260
2011-11-01,99.37043
2011-12-01,99.56333
2012-01-01,99.75617
2012-02-01,99.89115
2012-03-01,99.94395
2012-04-01,99.91798
2012-05-01,99.83439
2012-06-01,99.72973
2012-07-01,99.64983
2012-08-01,99.61892
2012-09-01,99.64855
2012-10-01,99.71512
2012-11-01,99.80225
2012-12-01,99.91215
2013-01-01,100.03980
2013-02-01,100.17000
2013-03-01,100.27920
2013-04-01,100.38120
2013-05-01,100.48230
2013-06-01,100.56230
2013-07-01,100.61100
2013-08-01,100.64000
2013-09-01,100.65220
2013-10-01,100.65610
2013-11-01,100.65960
2013-12-01,100.65310
2014-01-01,100.64210
2014-02-01,100.65720
2014-03-01,100.69860
2014-04-01,100.75030
2014-05-01,100.79570
2014-06-01,100.82920
2014-07-01,100.84600
2014-08-01,100.84860
2014-09-01,100.83810
2014-10-01,100.81130
2014-11-01,100.76860
2014-12-01,100.70520
2015-01-01,100.62240
2015-02-01,100.52640
2015-03-01,100.42640
2015-04-01,100.32700
2015-05-01,100.22210
2015-06-01,100.10780
2015-07-01,99.96508
2015-08-01,99.80469
2015-09-01,99.64994
2015-10-01,99.52224
2015-11-01,99.41467
2015-12-01,99.32087
2016-01-01,99.24446
2016-02-01,99.19215
2016-03-01,99.17310
2016-04-01,99.17165
2016-05-01,99.17371
2016-06-01,99.17411
2016-07-01,99.18951
2016-08-01,99.23176
2016-09-01,99.31293
2016-10-01,99.42847
2016-11-01,99.56319
2016-12-01,99.69708
2017-01-01,99.80352
2017-02-01,99.87235
2017-03-01,99.90405
2017-04-01,99.91348
2017-05-01,99.91911
2017-06-01,99.93415
2017-07-01,99.96452
2017-08-01,100.03300
2017-09-01,100.13100
2017-10-01,100.24710
2017-11-01,100.36430
2017-12-01,100.47720
2018-01-01,100.58710
2018-02-01,100.68590
2018-03-01,100.74670
2018-04-01,100.76450
2018-05-01,100.74930
2018-06-01,100.70760
2018-07-01,100.64130
2018-08-01,100.55260
2018-09-01,100.42750
2018-10-01,100.26060
2018-11-01,100.06620
2018-12-01,99.86469
2019-01-01,99.67632
2019-02-01,99.51740
2019-03-01,99.38998
2019-04-01,99.27512
2019-05-01,99.17093
2019-06-01,99.08028
2019-07-01,99.00743
2019-08-01,98.96103
2019-09-01,98.96491
2019-10-01,99.01381
2019-11-01,99.08697
2019-12-01,99.15616
2020-01-01,99.18732
2020-02-01,99.15326
2020-03-01,97.89362
2020-04-01,93.48370
2020-05-01,94.92280
2020-06-01,96.59299
2020-07-01,97.98195
2020-08-01,98.58877
2020-09-01,98.85850
2020-10-01,99.18831
2020-11-01,99.54637
2020-12-01,99.92159
2021-01-01,100.25790
2021-02-01,100.59350
2021-03-01,100.88630
2021-04-01,101.13100
2021-05-01,101.20370
2021-06-01,101.21130
2021-07-01,101.16880
2021-08-01,101.10640
2021-09-01,101.05490
2021-10-01,101.01830
2021-11-01,100.98740
2021-12-01,100.94150
2022-01-01,100.86470
2022-02-01,100.75040
2022-03-01,100.58530
2022-04-01,100.36800
2022-05-01,100.10160
2022-06-01,99.82359
2022-07-01,99.57864
2022-08-01,99.38433
2022-09-01,99.22839
2022-10-01,99.10165
2022-11-01,99.00354
2022-12-01,98.94633
2023-01-01,98.92989
2023-02-01,98.93414
2023-03-01,98.95952
2023-04-01,99.02001
2023-05-01,99.11296
2023-06-01,99.22750
2023-07-01,99.33507
2023-08-01,99.42046
2023-09-01,99.48235
2023-10-01,99.53435
2023-11-01,99.60859
2023-12-01,99.71788
2024-01-01,99.85411
