date,turnover
2010-05-28,1.600565031052271
2010-06-30,0.3369308674063972
2010-07-30,0.8490273103450758
2010-08-31,0.14357547002849508
2010-09-30,0.24461888781365515
2010-10-29,0.06872697406095102
2010-11-30,0.6431520678193742
2010-12-31,0.15715445325321428
2011-01-31,0.10339403729836567
2011-02-28,0.08430256285720927
2011-03-31,0.02502148897903018
2011-04-29,0.018747490880941405
2011-05-31,0.6241268618763262
2011-06-30,0.08443917398720961
2011-07-29,0.5987176305527117
2011-08-31,0.10447129579878509
2011-09-30,0.06733978695128517
2011-10-31,0.15994711391195449
2011-11-30,0.06726567745404284
2011-12-30,0.8823284658820817
2012-01-31,0.2230466206057283
2012-02-29,0.33013157596708786
2012-03-30,0.16903740447920315
2012-04-30,0.12985716546058249
2012-05-31,0.05967833686424289
2012-06-29,0.8727785206741074
2012-07-31,0.12384253997272729
2012-08-31,0.2347675713740317
2012-09-28,0.46347123654284506
2012-10-31,0.07776979582479937
2012-11-30,0.895817907796497
2012-12-31,0.30964514901385776
2013-01-31,0.24063201608078796
2013-02-28,0.14590606960157712
2013-03-28,0.09703840946110757
2013-04-30,0.06566863038987676
2013-05-31,0.09208617496212809
2013-06-28,0.14977568648565764
2013-07-31,0.07739664710510905
2013-08-30,0.09446675171957655
2013-09-30,0.04322945853092993
2013-10-31,0.12636796304340966
2013-11-29,0.13213735261981868
2013-12-31,0.14061830880705967
2014-01-31,0.17631297235715343
2014-02-28,0.6043802647331626
2014-03-31,0.1275943634123566
2014-04-30,0.6138785391858705
2014-05-30,0.14774137285255928
2014-06-30,0.06532685322989144
2014-07-31,0.040322545385839396
2014-08-29,0.08071039642251286
2014-09-30,0.04569367002203438
2014-10-31,0.025188561735551406
2014-11-28,0.6805242532726387
2014-12-31,0.12143556653474857
2015-01-30,0.5339463264385154
2015-02-27,0.1294127023842182
2015-03-31,0.021799625748123785
2015-04-30,0.020514639730759014
2015-05-29,0.055806710571807465
2015-06-30,0.060824044634899155
2015-07-31,0.050426951613895786
2015-08-31,0.021211886324850618
2015-09-30,0.023000355582842386
2015-10-30,0.21951535759112106
2015-11-30,0.20629761891781423
2015-12-31,0.4405217032235361
2016-01-29,0.3608939604383389
2016-02-29,0.07080420513380085
2016-03-31,0.09863455954133758
2016-04-29,0.019945017880384983
2016-05-31,0.011798704551740598
2016-06-30,0.15602795362353422
2016-07-29,0.9335441902938492
2016-08-31,0.31486995361849485
2016-09-30,0.13968442305136236
2016-10-31,0.34168468301071264
2016-11-30,0.17524913825604338
2016-12-30,0.1182396979342838
2017-01-31,0.10588447508469107
2017-02-28,0.13840939699145555
2017-03-31,0.05095048197615332
2017-04-28,0.11633411788315659
2017-05-31,0.06775140688726472
2017-06-30,0.15467538664338068
2017-07-31,0.08555517576036197
2017-08-31,0.036873235723953124
2017-09-29,0.09487868790972487
2017-10-31,0.22270881582609064
2017-11-30,0.07891151623220014
2017-12-29,0.04858922560628827
2018-01-31,0.05206463711142889
2018-02-28,0.05893570909814754
2018-03-29,0.03578664833990222
2018-04-30,0.4402130271333885
2018-05-31,0.5839867562653173
2018-06-29,0.2286237477714359
2018-07-31,0.6497906505372308
2018-08-31,0.1034300849339314
2018-09-28,0.5230591620913875
2018-10-31,0.13150723439006168
2018-11-30,0.11649743907803968
2018-12-31,0.08078747085859904
2019-01-31,0.08215251783283355
2019-02-28,0.0493131463136451
2019-03-29,0.025582879261814052
2019-04-30,0.10430928068219307
2019-05-31,0.03832252844843395
2019-06-28,0.10741074757721235
2019-07-31,0.06781895687225503
2019-08-30,0.07857815064385276
2019-09-30,0.11781184536041109
2019-10-31,0.049934296789478486
2019-11-29,0.8864075562485735
2019-12-31,0.24311213316347915
2020-01-31,0.06909543979691204
2020-02-28,0.3018756426523531
2020-03-31,1.6857137251119192
2020-04-30,0.7525985485677803
2020-05-29,0.15946328283159045
2020-06-30,0.21866415096257755
2020-07-31,0.3467736436588189
2020-08-31,1.1738562056938064
2020-09-30,0.9191661916234501
2020-10-30,0.18128567743716945
2020-11-30,0.7791501778451312
2020-12-31,0.432466737454472
2021-01-29,0.15031695408405116
2021-02-26,0.20262738168613598
2021-03-31,0.32292743500463694
2021-04-30,0.2861378012346478
2021-05-28,0.11502348302959327
2021-06-30,0.037535584537765974
2021-07-30,0.2915011545139242
2021-08-31,0.2580747312371969
2021-09-30,0.7302402504378815
2021-10-29,0.16128108927035728
2021-11-30,0.13449947081892888
2021-12-31,0.06663419768829518
2022-01-31,0.5476487459368707
2022-02-28,0.1449137529049197
2022-03-31,0.21152760672376908
2022-04-29,0.2352002591249639
2022-05-31,0.028345296888897597
2022-06-30,0.14609171907380883
2022-07-29,0.07187530025091672
2022-08-31,0.08718218386249081
2022-09-30,0.4001238123962519
2022-10-31,0.18516892412784525
2022-11-30,0.07600520713328628
2022-12-30,0.1727280621593406
2023-01-31,0.34077974517070125
2023-02-28,0.30218599235100657
2023-03-31,0.2646421074661145
2023-04-28,0.9913753315337841
2023-05-31,0.7811026742118106
2023-06-30,0.7846797178929636
2023-07-31,0.455594169426374
2023-08-31,0.2679407558158415
2023-09-29,0.8986259299618191
2023-10-31,0.09510686754956321
2023-11-30,0.8295539561904219
2023-12-29,0.21325400355300445
2024-01-31,0.13450269220858563
2024-02-29,0.12246269353656794
2024-03-28,0.07854959418877507
2024-04-30,0.043137897838015665
2024-05-31,0.7420986460401009
2024-06-28,0.14724288261633142
2024-07-31,0.14305921839120284
2024-08-30,0.11043388740896623
2024-09-30,0.041340002602086014
2024-10-31,0.13304917290349863
2024-11-29,0.10696327309579189
2024-12-31,0.10842295815040413
2025-01-31,0.026243929104415385
2025-02-28,0.057492678962478505
2025-03-31,0.09856984861296
2025-04-30,0.6003125392246018
2025-05-30,0.5373509937368223
2025-06-30,0.43526937644395475
2025-07-31,0.5232446584936923
2025-08-29,0.23111393864609822
2025-09-30,0.14352664120114178
2025-10-31,0.13337647960125712
2025-11-28,0.20400747072436137
2025-12-31,0.28603231974606186
2026-01-30,0.1068726030434947
2026-02-27,0.12127577717460412
2026-03-31,0.09161140563269002
2026-04-30,0.32128480139852883
2026-05-29,0.186412069854924
2026-06-08,0.07020550581411811
