date,regime,weights,controls,realizedVol60d,turnover
2007-01-31,Expansion,"{'SPY': 0.35, 'QQQ': 0.2, 'IWM': 0.15, 'EFA': 0.0, 'EEM': 0.0, 'TLT': 0.0, 'IEF': 0.0, 'TIP': 0.0, 'LQD': 0.0, 'HYG': 0.1, 'DBC': 0.1, 'GLD': 0.1, 'SHY': 0.0}",[],0.0,2.0
2007-02-28,Expansion,"{'SPY': 0.35, 'QQQ': 0.2, 'IWM': 0.15, 'EFA': 0.0, 'EEM': 0.0, 'TLT': 0.0, 'IEF': 0.0, 'TIP': 0.0, 'LQD': 0.0, 'HYG': 0.1, 'DBC': 0.1, 'GLD': 0.1, 'SHY': 0.0}",[],0.0,0.0
2007-03-30,Expansion,"{'SPY': 0.35, 'QQQ': 0.2, 'IWM': 0.15, 'EFA': 0.0, 'EEM': 0.0, 'TLT': 0.0, 'IEF': 0.0, 'TIP': 0.0, 'LQD': 0.0, 'HYG': 0.1, 'DBC': 0.1, 'GLD': 0.1, 'SHY': 0.0}",[],0.10942189645301979,0.0
2007-04-30,Expansion,"{'SPY': 0.35, 'QQQ': 0.2, 'IWM': 0.15, 'EFA': 0.0, 'EEM': 0.0, 'TLT': 0.0, 'IEF': 0.0, 'TIP': 0.0, 'LQD': 0.0, 'HYG': 0.1, 'DBC': 0.1, 'GLD': 0.1, 'SHY': 0.0}",[],0.1178216223140727,0.0
2007-05-31,Expansion,"{'SPY': 0.35, 'QQQ': 0.2, 'IWM': 0.15, 'EFA': 0.0, 'EEM': 0.0, 'TLT': 0.0, 'IEF': 0.0, 'TIP': 0.0, 'LQD': 0.0, 'HYG': 0.1, 'DBC': 0.1, 'GLD': 0.1, 'SHY': 0.0}",[],0.0829699393235339,0.0
2007-06-29,Expansion,"{'SPY': 0.35, 'QQQ': 0.2, 'IWM': 0.15, 'EFA': 0.0, 'EEM': 0.0, 'TLT': 0.0, 'IEF': 0.0, 'TIP': 0.0, 'LQD': 0.0, 'HYG': 0.1, 'DBC': 0.1, 'GLD': 0.1, 'SHY': 0.0}",[],0.09130056909535547,0.0
2007-07-31,Expansion,"{'SPY': 0.35, 'QQQ': 0.2, 'IWM': 0.15, 'EFA': 0.0, 'EEM': 0.0, 'TLT': 0.0, 'IEF': 0.0, 'TIP': 0.0, 'LQD': 0.0, 'HYG': 0.1, 'DBC': 0.1, 'GLD': 0.1, 'SHY': 0.0}",[],0.11073449425344734,0.0
2007-08-31,Contraction,"{'SPY': 0.0, 'QQQ': 0.0, 'IWM': 0.0, 'EFA': 0.0, 'EEM': 0.0, 'TLT': 0.45, 'IEF': 0.25, 'TIP': 0.0, 'LQD': 0.0, 'HYG': 0.0, 'DBC': 0.0, 'GLD': 0.10531784707389287, 'SHY': 0.19468215292610713}",['Vol target'],0.14242600296866814,1.8
2007-09-28,Slowdown,"{'SPY': 0.14677166992095125, 'QQQ': 0.07338583496047563, 'IWM': 0.0, 'EFA': 0.0, 'EEM': 0.0, 'TLT': 0.25, 'IEF': 0.2, 'TIP': 0.0, 'LQD': 0.0, 'HYG': 0.0, 'DBC': 0.0, 'GLD': 0.11007875244071344, 'SHY': 0.2197637426778597}",['Vol target'],0.13626607921523046,0.5
2007-10-31,Slowdown,"{'SPY': 0.2, 'QQQ': 0.1, 'IWM': 0.0, 'EFA': 0.0, 'EEM': 0.0, 'TLT': 0.25, 'IEF': 0.2, 'TIP': 0.0, 'LQD': 0.0, 'HYG': 0.0, 'DBC': 0.0, 'GLD': 0.15, 'SHY': 0.1}",[],0.10636643852759037,0.23952748535571938
2007-11-30,Contraction,"{'SPY': 0.0, 'QQQ': 0.0, 'IWM': 0.0, 'EFA': 0.0, 'EEM': 0.0, 'TLT': 0.45, 'IEF': 0.25, 'TIP': 0.0, 'LQD': 0.0, 'HYG': 0.0, 'DBC': 0.0, 'GLD': 0.15, 'SHY': 0.15}",[],0.06507944155100709,0.6000000000000001
2007-12-31,Contraction,"{'SPY': 0.0, 'QQQ': 0.0, 'IWM': 0.0, 'EFA': 0.0, 'EEM': 0.0, 'TLT': 0.45, 'IEF': 0.25, 'TIP': 0.0, 'LQD': 0.0, 'HYG': 0.0, 'DBC': 0.0, 'GLD': 0.15, 'SHY': 0.15}",[],0.0773459425262323,0.0
2008-01-31,Contraction,"{'SPY': 0.0, 'QQQ': 0.0, 'IWM': 0.0, 'EFA': 0.0, 'EEM': 0.0, 'TLT': 0.45, 'IEF': 0.25, 'TIP': 0.0, 'LQD': 0.0, 'HYG': 0.0, 'DBC': 0.0, 'GLD': 0.15, 'SHY': 0.15}",[],0.09048934615529997,0.0
2008-02-29,Contraction,"{'SPY': 0.0, 'QQQ': 0.0, 'IWM': 0.0, 'EFA': 0.0, 'EEM': 0.0, 'TLT': 0.45, 'IEF': 0.25, 'TIP': 0.0, 'LQD': 0.0, 'HYG': 0.0, 'DBC': 0.0, 'GLD': 0.15, 'SHY': 0.15}",[],0.09910259915983728,0.0
2008-03-31,Contraction,"{'SPY': 0.0, 'QQQ': 0.0, 'IWM': 0.0, 'EFA': 0.0, 'EEM': 0.0, 'TLT': 0.45, 'IEF': 0.25, 'TIP': 0.0, 'LQD': 0.0, 'HYG': 0.0, 'DBC': 0.0, 'GLD': 0.15, 'SHY': 0.15}",[],0.09766659272288289,0.0
2008-04-30,Contraction,"{'SPY': 0.0, 'QQQ': 0.0, 'IWM': 0.0, 'EFA': 0.0, 'EEM': 0.0, 'TLT': 0.45, 'IEF': 0.25, 'TIP': 0.0, 'LQD': 0.0, 'HYG': 0.0, 'DBC': 0.0, 'GLD': 0.15, 'SHY': 0.15}",[],0.10151718703823068,0.0
2008-05-30,Contraction,"{'SPY': 0.0, 'QQQ': 0.0, 'IWM': 0.0, 'EFA': 0.0, 'EEM': 0.0, 'TLT': 0.45, 'IEF': 0.25, 'TIP': 0.0, 'LQD': 0.0, 'HYG': 0.0, 'DBC': 0.0, 'GLD': 0.15, 'SHY': 0.15}",[],0.0966999055205708,0.0
2008-06-30,Contraction,"{'SPY': 0.0, 'QQQ': 0.0, 'IWM': 0.0, 'EFA': 0.0, 'EEM': 0.0, 'TLT': 0.45, 'IEF': 0.25, 'TIP': 0.0, 'LQD': 0.0, 'HYG': 0.0, 'DBC': 0.0, 'GLD': 0.15, 'SHY': 0.15}",[],0.08815529529728797,0.0
2008-07-31,Contraction,"{'SPY': 0.0, 'QQQ': 0.0, 'IWM': 0.0, 'EFA': 0.0, 'EEM': 0.0, 'TLT': 0.45, 'IEF': 0.25, 'TIP': 0.0, 'LQD': 0.0, 'HYG': 0.0, 'DBC': 0.0, 'GLD': 0.15, 'SHY': 0.15}",[],0.09253885676735452,0.0
2008-08-29,Contraction,"{'SPY': 0.0, 'QQQ': 0.0, 'IWM': 0.0, 'EFA': 0.0, 'EEM': 0.0, 'TLT': 0.45, 'IEF': 0.25, 'TIP': 0.0, 'LQD': 0.0, 'HYG': 0.0, 'DBC': 0.0, 'GLD': 0.15, 'SHY': 0.15}",[],0.08633469821405115,0.0
2008-09-30,Contraction,"{'SPY': 0.0, 'QQQ': 0.0, 'IWM': 0.0, 'EFA': 0.0, 'EEM': 0.0, 'TLT': 0.45, 'IEF': 0.25, 'TIP': 0.0, 'LQD': 0.0, 'HYG': 0.0, 'DBC': 0.0, 'GLD': 0.11897693118803175, 'SHY': 0.18102306881196822}",['Vol target'],0.12607486048109548,0.06204613762393647
2008-10-31,Contraction,"{'SPY': 0.0, 'QQQ': 0.0, 'IWM': 0.0, 'EFA': 0.0, 'EEM': 0.0, 'TLT': 0.45, 'IEF': 0.25, 'TIP': 0.0, 'LQD': 0.0, 'HYG': 0.0, 'DBC': 0.0, 'GLD': 0.11423602337492429, 'SHY': 0.1857639766250757}",['Vol target'],0.13130709172858532,0.009481815626214946
2008-11-28,Contraction,"{'SPY': 0.0, 'QQQ': 0.0, 'IWM': 0.0, 'EFA': 0.0, 'EEM': 0.0, 'TLT': 0.45, 'IEF': 0.25, 'TIP': 0.0, 'LQD': 0.0, 'HYG': 0.0, 'DBC': 0.0, 'GLD': 0.0943418401565373, 'SHY': 0.2056581598434628}",['Vol target'],0.15899626268802003,0.039788366436774095
2008-12-31,Contraction,"{'SPY': 0.0, 'QQQ': 0.0, 'IWM': 0.0, 'EFA': 0.0, 'EEM': 0.0, 'TLT': 0.45, 'IEF': 0.25, 'TIP': 0.0, 'LQD': 0.0, 'HYG': 0.0, 'DBC': 0.0, 'GLD': 0.10986112164988811, 'SHY': 0.1901388783501119}",['Vol target'],0.13653601724368775,0.031038562986701726
2009-01-30,Contraction,"{'SPY': 0.0, 'QQQ': 0.0, 'IWM': 0.0, 'EFA': 0.0, 'EEM': 0.0, 'TLT': 0.45, 'IEF': 0.25, 'TIP': 0.0, 'LQD': 0.0, 'HYG': 0.0, 'DBC': 0.0, 'GLD': 0.10216183583015905, 'SHY': 0.19783816416984096}",['Vol target'],0.14682586582466123,0.015398571639458125
2009-02-27,Contraction,"{'SPY': 0.0, 'QQQ': 0.0, 'IWM': 0.0, 'EFA': 0.0, 'EEM': 0.0, 'TLT': 0.45, 'IEF': 0.25, 'TIP': 0.0, 'LQD': 0.0, 'HYG': 0.0, 'DBC': 0.0, 'GLD': 0.10914108773365723, 'SHY': 0.19085891226634277}",['Vol target'],0.13743678308031246,0.01395850380699637
2009-03-31,Contraction,"{'SPY': 0.0, 'QQQ': 0.0, 'IWM': 0.0, 'EFA': 0.0, 'EEM': 0.0, 'TLT': 0.45, 'IEF': 0.25, 'TIP': 0.0, 'LQD': 0.0, 'HYG': 0.0, 'DBC': 0.0, 'GLD': 0.10430484049391345, 'SHY': 0.19569515950608665}",['Vol target'],0.14380924153635327,0.009672494479487662
2009-04-30,Contraction,"{'SPY': 0.0, 'QQQ': 0.0, 'IWM': 0.0, 'EFA': 0.0, 'EEM': 0.0, 'TLT': 0.45, 'IEF': 0.25, 'TIP': 0.0, 'LQD': 0.0, 'HYG': 0.0, 'DBC': 0.0, 'GLD': 0.10990144661626035, 'SHY': 0.19009855338373965}",['Vol target'],0.1364859195382119,0.011193212244693898
2009-05-29,Contraction,"{'SPY': 0.0, 'QQQ': 0.0, 'IWM': 0.0, 'EFA': 0.0, 'EEM': 0.0, 'TLT': 0.45, 'IEF': 0.25, 'TIP': 0.0, 'LQD': 0.0, 'HYG': 0.0, 'DBC': 0.0, 'GLD': 0.056844579403326344, 'SHY': 0.24315542059667375}","['Vol target', 'Drawdown recovery']",0.13193870160927124,0.1061137344258681
2009-06-30,Recovery,"{'SPY': 0.125, 'QQQ': 0.075, 'IWM': 0.0, 'EFA': 0.0, 'EEM': 0.0, 'TLT': 0.15, 'IEF': 0.0, 'TIP': 0.0, 'LQD': 0.075, 'HYG': 0.1, 'DBC': 0.0, 'GLD': 0.05, 'SHY': 0.425}",['Drawdown recovery'],0.11609851982975021,1.1136891588066526
2009-07-31,Recovery,"{'SPY': 0.24999999999999994, 'QQQ': 0.14999999999999997, 'IWM': 0.0, 'EFA': 0.0, 'EEM': 0.0, 'TLT': 0.14999999999999997, 'IEF': 0.0, 'TIP': 0.0, 'LQD': 0.14999999999999997, 'HYG': 0.19999999999999996, 'DBC': 0.0, 'GLD': 0.09999999999999998, 'SHY': 0.0}",[],0.10938990058604849,0.8499999999999999
2009-08-31,Expansion,"{'SPY': 0.35, 'QQQ': 0.2, 'IWM': 0.15, 'EFA': 0.0, 'EEM': 0.0, 'TLT': 0.0, 'IEF': 0.0, 'TIP': 0.0, 'LQD': 0.0, 'HYG': 0.1, 'DBC': 0.1, 'GLD': 0.1, 'SHY': 0.0}",[],0.07884981334858678,0.7999999999999999
2009-09-30,Expansion,"{'SPY': 0.35, 'QQQ': 0.2, 'IWM': 0.15, 'EFA': 0.0, 'EEM': 0.0, 'TLT': 0.0, 'IEF': 0.0, 'TIP': 0.0, 'LQD': 0.0, 'HYG': 0.1, 'DBC': 0.1, 'GLD': 0.1, 'SHY': 0.0}",[],0.09464367007685373,0.0
2009-10-30,Expansion,"{'SPY': 0.2391188347686022, 'QQQ': 0.136639334153487, 'IWM': 0.10247950061511524, 'EFA': 0.0, 'EEM': 0.0, 'TLT': 0.0, 'IEF': 0.0, 'TIP': 0.0, 'LQD': 0.0, 'HYG': 0.0683196670767435, 'DBC': 0.0683196670767435, 'GLD': 0.0683196670767435, 'SHY': 0.31680332923256505}",['Vol target'],0.1463707366835819,0.6336066584651301
2009-11-30,Expansion,"{'SPY': 0.24063398979807707, 'QQQ': 0.13750513702747263, 'IWM': 0.10312885277060446, 'EFA': 0.0, 'EEM': 0.0, 'TLT': 0.0, 'IEF': 0.0, 'TIP': 0.0, 'LQD': 0.0, 'HYG': 0.06875256851373632, 'DBC': 0.06875256851373632, 'GLD': 0.06875256851373632, 'SHY': 0.3124743148626369}",['Vol target'],0.14544911144668096,0.008658028739856327
2009-12-31,Expansion,"{'SPY': 0.35, 'QQQ': 0.2, 'IWM': 0.15, 'EFA': 0.0, 'EEM': 0.0, 'TLT': 0.0, 'IEF': 0.0, 'TIP': 0.0, 'LQD': 0.0, 'HYG': 0.1, 'DBC': 0.1, 'GLD': 0.1, 'SHY': 0.0}",[],0.11850935070071132,0.6249486297252738
2010-01-29,Expansion,"{'SPY': 0.35, 'QQQ': 0.2, 'IWM': 0.15, 'EFA': 0.0, 'EEM': 0.0, 'TLT': 0.0, 'IEF': 0.0, 'TIP': 0.0, 'LQD': 0.0, 'HYG': 0.1, 'DBC': 0.1, 'GLD': 0.1, 'SHY': 0.0}",[],0.11451776324014168,0.0
2010-02-26,Expansion,"{'SPY': 0.2541261906849583, 'QQQ': 0.14521496610569049, 'IWM': 0.10891122457926784, 'EFA': 0.0, 'EEM': 0.0, 'TLT': 0.0, 'IEF': 0.0, 'TIP': 0.0, 'LQD': 0.0, 'HYG': 0.07260748305284524, 'DBC': 0.07260748305284524, 'GLD': 0.07260748305284524, 'SHY': 0.27392516947154766}",['Vol target'],0.13772685100131887,0.5478503389430953
2010-03-31,Expansion,"{'SPY': 0.2647894063792312, 'QQQ': 0.15130823221670356, 'IWM': 0.11348117416252766, 'EFA': 0.0, 'EEM': 0.0, 'TLT': 0.0, 'IEF': 0.0, 'TIP': 0.0, 'LQD': 0.0, 'HYG': 0.07565411610835178, 'DBC': 0.07565411610835178, 'GLD': 0.07565411610835178, 'SHY': 0.24345883891648223}",['Vol target'],0.13218051461572833,0.06093266111013085
2010-04-30,Expansion,"{'SPY': 0.35, 'QQQ': 0.2, 'IWM': 0.15, 'EFA': 0.0, 'EEM': 0.0, 'TLT': 0.0, 'IEF': 0.0, 'TIP': 0.0, 'LQD': 0.0, 'HYG': 0.1, 'DBC': 0.1, 'GLD': 0.1, 'SHY': 0.0}",[],0.10951429203074053,0.4869176778329644
2010-05-28,Expansion,"{'SPY': 0.19957282053527461, 'QQQ': 0.11404161173444266, 'IWM': 0.08553120880083198, 'EFA': 0.0, 'EEM': 0.0, 'TLT': 0.0, 'IEF': 0.0, 'TIP': 0.0, 'LQD': 0.0, 'HYG': 0.05702080586722133, 'DBC': 0.05702080586722133, 'GLD': 0.05702080586722133, 'SHY': 0.42979194132778675}",['Vol target'],0.17537458210054072,0.8595838826555735
2010-06-30,Expansion,"{'SPY': 0.19022176345759442, 'QQQ': 0.10869815054719684, 'IWM': 0.08152361291039761, 'EFA': 0.0, 'EEM': 0.0, 'TLT': 0.0, 'IEF': 0.0, 'TIP': 0.0, 'LQD': 0.0, 'HYG': 0.05434907527359842, 'DBC': 0.05434907527359842, 'GLD': 0.05434907527359842, 'SHY': 0.45650924726401587}",['Vol target'],0.18399577085091234,0.05343461187245824
2010-07-30,Slowdown,"{'SPY': 0.11268226619912172, 'QQQ': 0.05634113309956086, 'IWM': 0.0, 'EFA': 0.0, 'EEM': 0.0, 'TLT': 0.25, 'IEF': 0.2, 'TIP': 0.0, 'LQD': 0.0, 'HYG': 0.0, 'DBC': 0.0, 'GLD': 0.08451169964934128, 'SHY': 0.2964649010519762}",['Vol target'],0.17749021806730303,0.9603252487514858
2010-08-31,Slowdown,"{'SPY': 0.2, 'QQQ': 0.1, 'IWM': 0.0, 'EFA': 0.0, 'EEM': 0.0, 'TLT': 0.25, 'IEF': 0.2, 'TIP': 0.0, 'LQD': 0.0, 'HYG': 0.0, 'DBC': 0.0, 'GLD': 0.15, 'SHY': 0.1}",[],0.0841001591765425,0.39292980210395234
2010-09-30,Slowdown,"{'SPY': 0.2, 'QQQ': 0.1, 'IWM': 0.0, 'EFA': 0.0, 'EEM': 0.0, 'TLT': 0.25, 'IEF': 0.2, 'TIP': 0.0, 'LQD': 0.0, 'HYG': 0.0, 'DBC': 0.0, 'GLD': 0.15, 'SHY': 0.1}",[],0.06442995359305093,0.0
2010-10-29,Slowdown,"{'SPY': 0.2, 'QQQ': 0.1, 'IWM': 0.0, 'EFA': 0.0, 'EEM': 0.0, 'TLT': 0.25, 'IEF': 0.2, 'TIP': 0.0, 'LQD': 0.0, 'HYG': 0.0, 'DBC': 0.0, 'GLD': 0.15, 'SHY': 0.1}",[],0.06026815789451657,0.0
2010-11-30,Expansion,"{'SPY': 0.35, 'QQQ': 0.2, 'IWM': 0.15, 'EFA': 0.0, 'EEM': 0.0, 'TLT': 0.0, 'IEF': 0.0, 'TIP': 0.0, 'LQD': 0.0, 'HYG': 0.1, 'DBC': 0.1, 'GLD': 0.1, 'SHY': 0.0}",[],0.07847698780290147,1.2000000000000002
2010-12-31,Expansion,"{'SPY': 0.35, 'QQQ': 0.2, 'IWM': 0.15, 'EFA': 0.0, 'EEM': 0.0, 'TLT': 0.0, 'IEF': 0.0, 'TIP': 0.0, 'LQD': 0.0, 'HYG': 0.1, 'DBC': 0.1, 'GLD': 0.1, 'SHY': 0.0}",[],0.08375150335822906,0.0
2011-01-31,Expansion,"{'SPY': 0.35, 'QQQ': 0.2, 'IWM': 0.15, 'EFA': 0.0, 'EEM': 0.0, 'TLT': 0.0, 'IEF': 0.0, 'TIP': 0.0, 'LQD': 0.0, 'HYG': 0.1, 'DBC': 0.1, 'GLD': 0.1, 'SHY': 0.0}",[],0.09116848828982398,0.0
2011-02-28,Expansion,"{'SPY': 0.35, 'QQQ': 0.2, 'IWM': 0.15, 'EFA': 0.0, 'EEM': 0.0, 'TLT': 0.0, 'IEF': 0.0, 'TIP': 0.0, 'LQD': 0.0, 'HYG': 0.1, 'DBC': 0.1, 'GLD': 0.1, 'SHY': 0.0}",[],0.08456794708519699,0.0
2011-03-31,Expansion,"{'SPY': 0.35, 'QQQ': 0.2, 'IWM': 0.15, 'EFA': 0.0, 'EEM': 0.0, 'TLT': 0.0, 'IEF': 0.0, 'TIP': 0.0, 'LQD': 0.0, 'HYG': 0.1, 'DBC': 0.1, 'GLD': 0.1, 'SHY': 0.0}",[],0.11193366652717425,0.0
2011-04-29,Expansion,"{'SPY': 0.35, 'QQQ': 0.2, 'IWM': 0.15, 'EFA': 0.0, 'EEM': 0.0, 'TLT': 0.0, 'IEF': 0.0, 'TIP': 0.0, 'LQD': 0.0, 'HYG': 0.1, 'DBC': 0.1, 'GLD': 0.1, 'SHY': 0.0}",[],0.10775136499749458,0.0
2011-05-31,Slowdown,"{'SPY': 0.2, 'QQQ': 0.1, 'IWM': 0.0, 'EFA': 0.0, 'EEM': 0.0, 'TLT': 0.25, 'IEF': 0.2, 'TIP': 0.0, 'LQD': 0.0, 'HYG': 0.0, 'DBC': 0.0, 'GLD': 0.15, 'SHY': 0.1}",[],0.1159042845899235,1.2000000000000002
2011-06-30,Slowdown,"{'SPY': 0.2, 'QQQ': 0.1, 'IWM': 0.0, 'EFA': 0.0, 'EEM': 0.0, 'TLT': 0.25, 'IEF': 0.2, 'TIP': 0.0, 'LQD': 0.0, 'HYG': 0.0, 'DBC': 0.0, 'GLD': 0.15, 'SHY': 0.1}",[],0.0922211086934553,0.0
2011-07-29,Contraction,"{'SPY': 0.0, 'QQQ': 0.0, 'IWM': 0.0, 'EFA': 0.0, 'EEM': 0.0, 'TLT': 0.45, 'IEF': 0.25, 'TIP': 0.0, 'LQD': 0.0, 'HYG': 0.0, 'DBC': 0.0, 'GLD': 0.15, 'SHY': 0.15}",[],0.08549499859350698,0.6000000000000001
2011-08-31,Contraction,"{'SPY': 0.0, 'QQQ': 0.0, 'IWM': 0.0, 'EFA': 0.0, 'EEM': 0.0, 'TLT': 0.45, 'IEF': 0.25, 'TIP': 0.0, 'LQD': 0.0, 'HYG': 0.0, 'DBC': 0.0, 'GLD': 0.1034668677248147, 'SHY': 0.1965331322751853}",['Vol target'],0.1449739450883417,0.09306626455037059
2011-09-30,Contraction,"{'SPY': 0.0, 'QQQ': 0.0, 'IWM': 0.0, 'EFA': 0.0, 'EEM': 0.0, 'TLT': 0.45, 'IEF': 0.25, 'TIP': 0.0, 'LQD': 0.0, 'HYG': 0.0, 'DBC': 0.0, 'GLD': 0.08798364050652006, 'SHY': 0.21201635949347994}",['Vol target'],0.17048623941502425,0.030966454436589283
2011-10-31,Contraction,"{'SPY': 0.0, 'QQQ': 0.0, 'IWM': 0.0, 'EFA': 0.0, 'EEM': 0.0, 'TLT': 0.45, 'IEF': 0.25, 'TIP': 0.0, 'LQD': 0.0, 'HYG': 0.0, 'DBC': 0.0, 'GLD': 0.08356714294874841, 'SHY': 0.2164328570512516}",['Vol target'],0.17949638423320846,0.008832995115543307
2011-11-30,Contraction,"{'SPY': 0.0, 'QQQ': 0.0, 'IWM': 0.0, 'EFA': 0.0, 'EEM': 0.0, 'TLT': 0.45, 'IEF': 0.25, 'TIP': 0.0, 'LQD': 0.0, 'HYG': 0.0, 'DBC': 0.0, 'GLD': 0.10831970390819028, 'SHY': 0.19168029609180984}",['Vol target'],0.1384789605103954,0.04950512191888362
2011-12-30,Recovery,"{'SPY': 0.24999999999999994, 'QQQ': 0.14999999999999997, 'IWM': 0.0, 'EFA': 0.0, 'EEM': 0.0, 'TLT': 0.14999999999999997, 'IEF': 0.0, 'TIP': 0.0, 'LQD': 0.14999999999999997, 'HYG': 0.19999999999999996, 'DBC': 0.0, 'GLD': 0.09999999999999998, 'SHY': 0.0}",[],0.11704042757128734,1.5
2012-01-31,Recovery,"{'SPY': 0.24999999999999994, 'QQQ': 0.14999999999999997, 'IWM': 0.0, 'EFA': 0.0, 'EEM': 0.0, 'TLT': 0.14999999999999997, 'IEF': 0.0, 'TIP': 0.0, 'LQD': 0.14999999999999997, 'HYG': 0.19999999999999996, 'DBC': 0.0, 'GLD': 0.09999999999999998, 'SHY': 0.0}",[],0.08075567312874815,0.0
2012-02-29,Expansion,"{'SPY': 0.35, 'QQQ': 0.2, 'IWM': 0.15, 'EFA': 0.0, 'EEM': 0.0, 'TLT': 0.0, 'IEF': 0.0, 'TIP': 0.0, 'LQD': 0.0, 'HYG': 0.1, 'DBC': 0.1, 'GLD': 0.1, 'SHY': 0.0}",[],0.06612336603945905,0.7999999999999999
2012-03-30,Expansion,"{'SPY': 0.35, 'QQQ': 0.2, 'IWM': 0.15, 'EFA': 0.0, 'EEM': 0.0, 'TLT': 0.0, 'IEF': 0.0, 'TIP': 0.0, 'LQD': 0.0, 'HYG': 0.1, 'DBC': 0.1, 'GLD': 0.1, 'SHY': 0.0}",[],0.07447372324020407,0.0
2012-04-30,Expansion,"{'SPY': 0.35, 'QQQ': 0.2, 'IWM': 0.15, 'EFA': 0.0, 'EEM': 0.0, 'TLT': 0.0, 'IEF': 0.0, 'TIP': 0.0, 'LQD': 0.0, 'HYG': 0.1, 'DBC': 0.1, 'GLD': 0.1, 'SHY': 0.0}",[],0.10413734487246314,0.0
2012-05-31,Expansion,"{'SPY': 0.35, 'QQQ': 0.2, 'IWM': 0.15, 'EFA': 0.0, 'EEM': 0.0, 'TLT': 0.0, 'IEF': 0.0, 'TIP': 0.0, 'LQD': 0.0, 'HYG': 0.1, 'DBC': 0.1, 'GLD': 0.1, 'SHY': 0.0}",[],0.11910940566247555,0.0
2012-06-29,Slowdown,"{'SPY': 0.13385110432972647, 'QQQ': 0.06692555216486323, 'IWM': 0.0, 'EFA': 0.0, 'EEM': 0.0, 'TLT': 0.25, 'IEF': 0.2, 'TIP': 0.0, 'LQD': 0.0, 'HYG': 0.0, 'DBC': 0.0, 'GLD': 0.10038832824729485, 'SHY': 0.24883501525811552}",['Vol target'],0.14941976086153427,1.3984466870108208
2012-07-31,Slowdown,"{'SPY': 0.15529925609657594, 'QQQ': 0.07764962804828797, 'IWM': 0.0, 'EFA': 0.0, 'EEM': 0.0, 'TLT': 0.25, 'IEF': 0.2, 'TIP': 0.0, 'LQD': 0.0, 'HYG': 0.0, 'DBC': 0.0, 'GLD': 0.11647444207243195, 'SHY': 0.20057667378270416}",['Vol target'],0.12878361753106277,0.09651668295082266
2012-08-31,Slowdown,"{'SPY': 0.2, 'QQQ': 0.1, 'IWM': 0.0, 'EFA': 0.0, 'EEM': 0.0, 'TLT': 0.25, 'IEF': 0.2, 'TIP': 0.0, 'LQD': 0.0, 'HYG': 0.0, 'DBC': 0.0, 'GLD': 0.15, 'SHY': 0.1}",[],0.10054354061257363,0.2011533475654083
2012-09-28,Contraction,"{'SPY': 0.0, 'QQQ': 0.0, 'IWM': 0.0, 'EFA': 0.0, 'EEM': 0.0, 'TLT': 0.45, 'IEF': 0.25, 'TIP': 0.0, 'LQD': 0.0, 'HYG': 0.0, 'DBC': 0.0, 'GLD': 0.15, 'SHY': 0.15}",[],0.04244649627084916,0.6000000000000001
2012-10-31,Contraction,"{'SPY': 0.0, 'QQQ': 0.0, 'IWM': 0.0, 'EFA': 0.0, 'EEM': 0.0, 'TLT': 0.45, 'IEF': 0.25, 'TIP': 0.0, 'LQD': 0.0, 'HYG': 0.0, 'DBC': 0.0, 'GLD': 0.15, 'SHY': 0.15}",[],0.05877985337955327,0.0
2012-11-30,Recovery,"{'SPY': 0.24999999999999994, 'QQQ': 0.14999999999999997, 'IWM': 0.0, 'EFA': 0.0, 'EEM': 0.0, 'TLT': 0.14999999999999997, 'IEF': 0.0, 'TIP': 0.0, 'LQD': 0.14999999999999997, 'HYG': 0.19999999999999996, 'DBC': 0.0, 'GLD': 0.09999999999999998, 'SHY': 0.0}",[],0.06249425789352184,1.4999999999999998
2012-12-31,Expansion,"{'SPY': 0.35, 'QQQ': 0.2, 'IWM': 0.15, 'EFA': 0.0, 'EEM': 0.0, 'TLT': 0.0, 'IEF': 0.0, 'TIP': 0.0, 'LQD': 0.0, 'HYG': 0.1, 'DBC': 0.1, 'GLD': 0.1, 'SHY': 0.0}",[],0.06107660739444747,0.7999999999999999
2013-01-31,Expansion,"{'SPY': 0.35, 'QQQ': 0.2, 'IWM': 0.15, 'EFA': 0.0, 'EEM': 0.0, 'TLT': 0.0, 'IEF': 0.0, 'TIP': 0.0, 'LQD': 0.0, 'HYG': 0.1, 'DBC': 0.1, 'GLD': 0.1, 'SHY': 0.0}",[],0.06503573717022494,0.0
2013-02-28,Expansion,"{'SPY': 0.35, 'QQQ': 0.2, 'IWM': 0.15, 'EFA': 0.0, 'EEM': 0.0, 'TLT': 0.0, 'IEF': 0.0, 'TIP': 0.0, 'LQD': 0.0, 'HYG': 0.1, 'DBC': 0.1, 'GLD': 0.1, 'SHY': 0.0}",[],0.08133759667443319,0.0
2013-03-28,Expansion,"{'SPY': 0.35, 'QQQ': 0.2, 'IWM': 0.15, 'EFA': 0.0, 'EEM': 0.0, 'TLT': 0.0, 'IEF': 0.0, 'TIP': 0.0, 'LQD': 0.0, 'HYG': 0.1, 'DBC': 0.1, 'GLD': 0.1, 'SHY': 0.0}",[],0.08448216782636454,0.0
2013-04-30,Expansion,"{'SPY': 0.35, 'QQQ': 0.2, 'IWM': 0.15, 'EFA': 0.0, 'EEM': 0.0, 'TLT': 0.0, 'IEF': 0.0, 'TIP': 0.0, 'LQD': 0.0, 'HYG': 0.1, 'DBC': 0.1, 'GLD': 0.1, 'SHY': 0.0}",[],0.11180456841365606,0.0
2013-05-31,Expansion,"{'SPY': 0.35, 'QQQ': 0.2, 'IWM': 0.15, 'EFA': 0.0, 'EEM': 0.0, 'TLT': 0.0, 'IEF': 0.0, 'TIP': 0.0, 'LQD': 0.0, 'HYG': 0.1, 'DBC': 0.1, 'GLD': 0.1, 'SHY': 0.0}",[],0.11052317922460662,0.0
2013-06-28,Expansion,"{'SPY': 0.2612631659311696, 'QQQ': 0.1492932376749541, 'IWM': 0.11196992825621556, 'EFA': 0.0, 'EEM': 0.0, 'TLT': 0.0, 'IEF': 0.0, 'TIP': 0.0, 'LQD': 0.0, 'HYG': 0.07464661883747704, 'DBC': 0.07464661883747704, 'GLD': 0.07464661883747704, 'SHY': 0.2535338116252297}",['Vol target'],0.13396454060126037,0.5070676232504593
2013-07-31,Expansion,"{'SPY': 0.35, 'QQQ': 0.2, 'IWM': 0.15, 'EFA': 0.0, 'EEM': 0.0, 'TLT': 0.0, 'IEF': 0.0, 'TIP': 0.0, 'LQD': 0.0, 'HYG': 0.1, 'DBC': 0.1, 'GLD': 0.1, 'SHY': 0.0}",[],0.10149922414000559,0.5070676232504593
2013-08-30,Expansion,"{'SPY': 0.35, 'QQQ': 0.2, 'IWM': 0.15, 'EFA': 0.0, 'EEM': 0.0, 'TLT': 0.0, 'IEF': 0.0, 'TIP': 0.0, 'LQD': 0.0, 'HYG': 0.1, 'DBC': 0.1, 'GLD': 0.1, 'SHY': 0.0}",[],0.09988210386682017,0.0
2013-09-30,Expansion,"{'SPY': 0.35, 'QQQ': 0.2, 'IWM': 0.15, 'EFA': 0.0, 'EEM': 0.0, 'TLT': 0.0, 'IEF': 0.0, 'TIP': 0.0, 'LQD': 0.0, 'HYG': 0.1, 'DBC': 0.1, 'GLD': 0.1, 'SHY': 0.0}",[],0.07525279934572672,0.0
2013-10-31,Expansion,"{'SPY': 0.35, 'QQQ': 0.2, 'IWM': 0.15, 'EFA': 0.0, 'EEM': 0.0, 'TLT': 0.0, 'IEF': 0.0, 'TIP': 0.0, 'LQD': 0.0, 'HYG': 0.1, 'DBC': 0.1, 'GLD': 0.1, 'SHY': 0.0}",[],0.08879522492694117,0.0
2013-11-29,Expansion,"{'SPY': 0.35, 'QQQ': 0.2, 'IWM': 0.15, 'EFA': 0.0, 'EEM': 0.0, 'TLT': 0.0, 'IEF': 0.0, 'TIP': 0.0, 'LQD': 0.0, 'HYG': 0.1, 'DBC': 0.1, 'GLD': 0.1, 'SHY': 0.0}",[],0.08712973571439993,0.0
2013-12-31,Expansion,"{'SPY': 0.35, 'QQQ': 0.2, 'IWM': 0.15, 'EFA': 0.0, 'EEM': 0.0, 'TLT': 0.0, 'IEF': 0.0, 'TIP': 0.0, 'LQD': 0.0, 'HYG': 0.1, 'DBC': 0.1, 'GLD': 0.1, 'SHY': 0.0}",[],0.08679889491142906,0.0
2014-01-31,Expansion,"{'SPY': 0.35, 'QQQ': 0.2, 'IWM': 0.15, 'EFA': 0.0, 'EEM': 0.0, 'TLT': 0.0, 'IEF': 0.0, 'TIP': 0.0, 'LQD': 0.0, 'HYG': 0.1, 'DBC': 0.1, 'GLD': 0.1, 'SHY': 0.0}",[],0.08645802513923623,0.0
2014-02-28,Slowdown,"{'SPY': 0.2, 'QQQ': 0.1, 'IWM': 0.0, 'EFA': 0.0, 'EEM': 0.0, 'TLT': 0.25, 'IEF': 0.2, 'TIP': 0.0, 'LQD': 0.0, 'HYG': 0.0, 'DBC': 0.0, 'GLD': 0.15, 'SHY': 0.1}",[],0.09285781695558011,1.2000000000000002
2014-03-31,Slowdown,"{'SPY': 0.2, 'QQQ': 0.1, 'IWM': 0.0, 'EFA': 0.0, 'EEM': 0.0, 'TLT': 0.25, 'IEF': 0.2, 'TIP': 0.0, 'LQD': 0.0, 'HYG': 0.0, 'DBC': 0.0, 'GLD': 0.15, 'SHY': 0.1}",[],0.08477691404079185,0.0
2014-04-30,Expansion,"{'SPY': 0.35, 'QQQ': 0.2, 'IWM': 0.15, 'EFA': 0.0, 'EEM': 0.0, 'TLT': 0.0, 'IEF': 0.0, 'TIP': 0.0, 'LQD': 0.0, 'HYG': 0.1, 'DBC': 0.1, 'GLD': 0.1, 'SHY': 0.0}",[],0.05717561607759687,1.2000000000000002
2014-05-30,Expansion,"{'SPY': 0.35, 'QQQ': 0.2, 'IWM': 0.15, 'EFA': 0.0, 'EEM': 0.0, 'TLT': 0.0, 'IEF': 0.0, 'TIP': 0.0, 'LQD': 0.0, 'HYG': 0.1, 'DBC': 0.1, 'GLD': 0.1, 'SHY': 0.0}",[],0.053514637290199736,0.0
2014-06-30,Expansion,"{'SPY': 0.35, 'QQQ': 0.2, 'IWM': 0.15, 'EFA': 0.0, 'EEM': 0.0, 'TLT': 0.0, 'IEF': 0.0, 'TIP': 0.0, 'LQD': 0.0, 'HYG': 0.1, 'DBC': 0.1, 'GLD': 0.1, 'SHY': 0.0}",[],0.054949525573143865,0.0
2014-07-31,Expansion,"{'SPY': 0.35, 'QQQ': 0.2, 'IWM': 0.15, 'EFA': 0.0, 'EEM': 0.0, 'TLT': 0.0, 'IEF': 0.0, 'TIP': 0.0, 'LQD': 0.0, 'HYG': 0.1, 'DBC': 0.1, 'GLD': 0.1, 'SHY': 0.0}",[],0.0709442100775145,0.0
2014-08-29,Expansion,"{'SPY': 0.35, 'QQQ': 0.2, 'IWM': 0.15, 'EFA': 0.0, 'EEM': 0.0, 'TLT': 0.0, 'IEF': 0.0, 'TIP': 0.0, 'LQD': 0.0, 'HYG': 0.1, 'DBC': 0.1, 'GLD': 0.1, 'SHY': 0.0}",[],0.0659626140281229,0.0
2014-09-30,Expansion,"{'SPY': 0.35, 'QQQ': 0.2, 'IWM': 0.15, 'EFA': 0.0, 'EEM': 0.0, 'TLT': 0.0, 'IEF': 0.0, 'TIP': 0.0, 'LQD': 0.0, 'HYG': 0.1, 'DBC': 0.1, 'GLD': 0.1, 'SHY': 0.0}",[],0.07551597641377751,0.0
2014-10-31,Expansion,"{'SPY': 0.35, 'QQQ': 0.2, 'IWM': 0.15, 'EFA': 0.0, 'EEM': 0.0, 'TLT': 0.0, 'IEF': 0.0, 'TIP': 0.0, 'LQD': 0.0, 'HYG': 0.1, 'DBC': 0.1, 'GLD': 0.1, 'SHY': 0.0}",[],0.10215929893873492,0.0
2014-11-28,Slowdown,"{'SPY': 0.2, 'QQQ': 0.1, 'IWM': 0.0, 'EFA': 0.0, 'EEM': 0.0, 'TLT': 0.25, 'IEF': 0.2, 'TIP': 0.0, 'LQD': 0.0, 'HYG': 0.0, 'DBC': 0.0, 'GLD': 0.15, 'SHY': 0.1}",[],0.10430983782362689,1.2000000000000002
2014-12-31,Slowdown,"{'SPY': 0.2, 'QQQ': 0.1, 'IWM': 0.0, 'EFA': 0.0, 'EEM': 0.0, 'TLT': 0.25, 'IEF': 0.2, 'TIP': 0.0, 'LQD': 0.0, 'HYG': 0.0, 'DBC': 0.0, 'GLD': 0.15, 'SHY': 0.1}",[],0.09639428633665734,0.0
2015-01-30,Contraction,"{'SPY': 0.0, 'QQQ': 0.0, 'IWM': 0.0, 'EFA': 0.0, 'EEM': 0.0, 'TLT': 0.45, 'IEF': 0.25, 'TIP': 0.0, 'LQD': 0.0, 'HYG': 0.0, 'DBC': 0.0, 'GLD': 0.15, 'SHY': 0.15}",[],0.05763833862491278,0.6000000000000001
2015-02-27,Contraction,"{'SPY': 0.0, 'QQQ': 0.0, 'IWM': 0.0, 'EFA': 0.0, 'EEM': 0.0, 'TLT': 0.45, 'IEF': 0.25, 'TIP': 0.0, 'LQD': 0.0, 'HYG': 0.0, 'DBC': 0.0, 'GLD': 0.15, 'SHY': 0.15}",[],0.07693165951789513,0.0
2015-03-31,Contraction,"{'SPY': 0.0, 'QQQ': 0.0, 'IWM': 0.0, 'EFA': 0.0, 'EEM': 0.0, 'TLT': 0.45, 'IEF': 0.25, 'TIP': 0.0, 'LQD': 0.0, 'HYG': 0.0, 'DBC': 0.0, 'GLD': 0.15, 'SHY': 0.15}",[],0.09319463359690272,0.0
2015-04-30,Contraction,"{'SPY': 0.0, 'QQQ': 0.0, 'IWM': 0.0, 'EFA': 0.0, 'EEM': 0.0, 'TLT': 0.45, 'IEF': 0.25, 'TIP': 0.0, 'LQD': 0.0, 'HYG': 0.0, 'DBC': 0.0, 'GLD': 0.15, 'SHY': 0.15}",[],0.09501120354213433,0.0
2015-05-29,Contraction,"{'SPY': 0.0, 'QQQ': 0.0, 'IWM': 0.0, 'EFA': 0.0, 'EEM': 0.0, 'TLT': 0.45, 'IEF': 0.25, 'TIP': 0.0, 'LQD': 0.0, 'HYG': 0.0, 'DBC': 0.0, 'GLD': 0.15, 'SHY': 0.15}",[],0.09585955300032467,0.0
2015-06-30,Contraction,"{'SPY': 0.0, 'QQQ': 0.0, 'IWM': 0.0, 'EFA': 0.0, 'EEM': 0.0, 'TLT': 0.45, 'IEF': 0.25, 'TIP': 0.0, 'LQD': 0.0, 'HYG': 0.0, 'DBC': 0.0, 'GLD': 0.15, 'SHY': 0.15}",[],0.09705311357162758,0.0
2015-07-31,Contraction,"{'SPY': 0.0, 'QQQ': 0.0, 'IWM': 0.0, 'EFA': 0.0, 'EEM': 0.0, 'TLT': 0.45, 'IEF': 0.25, 'TIP': 0.0, 'LQD': 0.0, 'HYG': 0.0, 'DBC': 0.0, 'GLD': 0.15, 'SHY': 0.15}",[],0.09933424167222887,0.0
2015-08-31,Contraction,"{'SPY': 0.0, 'QQQ': 0.0, 'IWM': 0.0, 'EFA': 0.0, 'EEM': 0.0, 'TLT': 0.45, 'IEF': 0.25, 'TIP': 0.0, 'LQD': 0.0, 'HYG': 0.0, 'DBC': 0.0, 'GLD': 0.15, 'SHY': 0.15}",[],0.09448034197694875,0.0
2015-09-30,Contraction,"{'SPY': 0.0, 'QQQ': 0.0, 'IWM': 0.0, 'EFA': 0.0, 'EEM': 0.0, 'TLT': 0.45, 'IEF': 0.25, 'TIP': 0.0, 'LQD': 0.0, 'HYG': 0.0, 'DBC': 0.0, 'GLD': 0.15, 'SHY': 0.15}",[],0.08973256362366314,0.0
2015-10-30,Contraction,"{'SPY': 0.0, 'QQQ': 0.0, 'IWM': 0.0, 'EFA': 0.0, 'EEM': 0.0, 'TLT': 0.45, 'IEF': 0.25, 'TIP': 0.0, 'LQD': 0.0, 'HYG': 0.0, 'DBC': 0.0, 'GLD': 0.15, 'SHY': 0.15}",[],0.08944816644656398,0.0
2015-11-30,Contraction,"{'SPY': 0.0, 'QQQ': 0.0, 'IWM': 0.0, 'EFA': 0.0, 'EEM': 0.0, 'TLT': 0.45, 'IEF': 0.25, 'TIP': 0.0, 'LQD': 0.0, 'HYG': 0.0, 'DBC': 0.0, 'GLD': 0.15, 'SHY': 0.15}",[],0.07839076165494543,0.0
2015-12-31,Contraction,"{'SPY': 0.0, 'QQQ': 0.0, 'IWM': 0.0, 'EFA': 0.0, 'EEM': 0.0, 'TLT': 0.45, 'IEF': 0.25, 'TIP': 0.0, 'LQD': 0.0, 'HYG': 0.0, 'DBC': 0.0, 'GLD': 0.15, 'SHY': 0.15}",[],0.0757642389479145,0.0
2016-01-29,Contraction,"{'SPY': 0.0, 'QQQ': 0.0, 'IWM': 0.0, 'EFA': 0.0, 'EEM': 0.0, 'TLT': 0.45, 'IEF': 0.25, 'TIP': 0.0, 'LQD': 0.0, 'HYG': 0.0, 'DBC': 0.0, 'GLD': 0.15, 'SHY': 0.15}",[],0.08144960491270604,0.0
2016-02-29,Contraction,"{'SPY': 0.0, 'QQQ': 0.0, 'IWM': 0.0, 'EFA': 0.0, 'EEM': 0.0, 'TLT': 0.45, 'IEF': 0.25, 'TIP': 0.0, 'LQD': 0.0, 'HYG': 0.0, 'DBC': 0.0, 'GLD': 0.15, 'SHY': 0.15}",[],0.09477234329727433,0.0
2016-03-31,Contraction,"{'SPY': 0.0, 'QQQ': 0.0, 'IWM': 0.0, 'EFA': 0.0, 'EEM': 0.0, 'TLT': 0.45, 'IEF': 0.25, 'TIP': 0.0, 'LQD': 0.0, 'HYG': 0.0, 'DBC': 0.0, 'GLD': 0.15, 'SHY': 0.15}",[],0.09063784664797533,0.0
2016-04-29,Contraction,"{'SPY': 0.0, 'QQQ': 0.0, 'IWM': 0.0, 'EFA': 0.0, 'EEM': 0.0, 'TLT': 0.45, 'IEF': 0.25, 'TIP': 0.0, 'LQD': 0.0, 'HYG': 0.0, 'DBC': 0.0, 'GLD': 0.15, 'SHY': 0.15}",[],0.08635471586556291,0.0
2016-05-31,Contraction,"{'SPY': 0.0, 'QQQ': 0.0, 'IWM': 0.0, 'EFA': 0.0, 'EEM': 0.0, 'TLT': 0.45, 'IEF': 0.25, 'TIP': 0.0, 'LQD': 0.0, 'HYG': 0.0, 'DBC': 0.0, 'GLD': 0.15, 'SHY': 0.15}",[],0.0706883277206816,0.0
2016-06-30,Contraction,"{'SPY': 0.0, 'QQQ': 0.0, 'IWM': 0.0, 'EFA': 0.0, 'EEM': 0.0, 'TLT': 0.45, 'IEF': 0.25, 'TIP': 0.0, 'LQD': 0.0, 'HYG': 0.0, 'DBC': 0.0, 'GLD': 0.15, 'SHY': 0.15}",[],0.08951768730256388,0.0
2016-07-29,Recovery,"{'SPY': 0.24999999999999994, 'QQQ': 0.14999999999999997, 'IWM': 0.0, 'EFA': 0.0, 'EEM': 0.0, 'TLT': 0.14999999999999997, 'IEF': 0.0, 'TIP': 0.0, 'LQD': 0.14999999999999997, 'HYG': 0.19999999999999996, 'DBC': 0.0, 'GLD': 0.09999999999999998, 'SHY': 0.0}",[],0.09561963580075919,1.4999999999999998
2016-08-31,Recovery,"{'SPY': 0.24999999999999994, 'QQQ': 0.14999999999999997, 'IWM': 0.0, 'EFA': 0.0, 'EEM': 0.0, 'TLT': 0.14999999999999997, 'IEF': 0.0, 'TIP': 0.0, 'LQD': 0.14999999999999997, 'HYG': 0.19999999999999996, 'DBC': 0.0, 'GLD': 0.09999999999999998, 'SHY': 0.0}",[],0.08813502581666775,0.0
2016-09-30,Recovery,"{'SPY': 0.24999999999999994, 'QQQ': 0.14999999999999997, 'IWM': 0.0, 'EFA': 0.0, 'EEM': 0.0, 'TLT': 0.14999999999999997, 'IEF': 0.0, 'TIP': 0.0, 'LQD': 0.14999999999999997, 'HYG': 0.19999999999999996, 'DBC': 0.0, 'GLD': 0.09999999999999998, 'SHY': 0.0}",[],0.07644601479855927,0.0
2016-10-31,Expansion,"{'SPY': 0.35, 'QQQ': 0.2, 'IWM': 0.15, 'EFA': 0.0, 'EEM': 0.0, 'TLT': 0.0, 'IEF': 0.0, 'TIP': 0.0, 'LQD': 0.0, 'HYG': 0.1, 'DBC': 0.1, 'GLD': 0.1, 'SHY': 0.0}",[],0.06511136412574556,0.7999999999999999
2016-11-30,Expansion,"{'SPY': 0.35, 'QQQ': 0.2, 'IWM': 0.15, 'EFA': 0.0, 'EEM': 0.0, 'TLT': 0.0, 'IEF': 0.0, 'TIP': 0.0, 'LQD': 0.0, 'HYG': 0.1, 'DBC': 0.1, 'GLD': 0.1, 'SHY': 0.0}",[],0.08101681574492374,0.0
2016-12-30,Expansion,"{'SPY': 0.35, 'QQQ': 0.2, 'IWM': 0.15, 'EFA': 0.0, 'EEM': 0.0, 'TLT': 0.0, 'IEF': 0.0, 'TIP': 0.0, 'LQD': 0.0, 'HYG': 0.1, 'DBC': 0.1, 'GLD': 0.1, 'SHY': 0.0}",[],0.07222060748573535,0.0
2017-01-31,Expansion,"{'SPY': 0.35, 'QQQ': 0.2, 'IWM': 0.15, 'EFA': 0.0, 'EEM': 0.0, 'TLT': 0.0, 'IEF': 0.0, 'TIP': 0.0, 'LQD': 0.0, 'HYG': 0.1, 'DBC': 0.1, 'GLD': 0.1, 'SHY': 0.0}",[],0.0706956815130944,0.0
2017-02-28,Expansion,"{'SPY': 0.35, 'QQQ': 0.2, 'IWM': 0.15, 'EFA': 0.0, 'EEM': 0.0, 'TLT': 0.0, 'IEF': 0.0, 'TIP': 0.0, 'LQD': 0.0, 'HYG': 0.1, 'DBC': 0.1, 'GLD': 0.1, 'SHY': 0.0}",[],0.05539610501370204,0.0
2017-03-31,Expansion,"{'SPY': 0.35, 'QQQ': 0.2, 'IWM': 0.15, 'EFA': 0.0, 'EEM': 0.0, 'TLT': 0.0, 'IEF': 0.0, 'TIP': 0.0, 'LQD': 0.0, 'HYG': 0.1, 'DBC': 0.1, 'GLD': 0.1, 'SHY': 0.0}",[],0.06125500102041943,0.0
2017-04-28,Expansion,"{'SPY': 0.35, 'QQQ': 0.2, 'IWM': 0.15, 'EFA': 0.0, 'EEM': 0.0, 'TLT': 0.0, 'IEF': 0.0, 'TIP': 0.0, 'LQD': 0.0, 'HYG': 0.05, 'DBC': 0.1, 'GLD': 0.1, 'SHY': 0.05}",['HYG cap'],0.06319693883251014,0.1
2017-05-31,Expansion,"{'SPY': 0.35, 'QQQ': 0.2, 'IWM': 0.15, 'EFA': 0.0, 'EEM': 0.0, 'TLT': 0.0, 'IEF': 0.0, 'TIP': 0.0, 'LQD': 0.0, 'HYG': 0.05, 'DBC': 0.1, 'GLD': 0.1, 'SHY': 0.05}",['HYG cap'],0.06452398907021306,0.0
2017-06-30,Expansion,"{'SPY': 0.35, 'QQQ': 0.2, 'IWM': 0.15, 'EFA': 0.0, 'EEM': 0.0, 'TLT': 0.0, 'IEF': 0.0, 'TIP': 0.0, 'LQD': 0.0, 'HYG': 0.1, 'DBC': 0.1, 'GLD': 0.1, 'SHY': 0.0}",[],0.06544579403606675,0.1
2017-07-31,Expansion,"{'SPY': 0.35, 'QQQ': 0.2, 'IWM': 0.15, 'EFA': 0.0, 'EEM': 0.0, 'TLT': 0.0, 'IEF': 0.0, 'TIP': 0.0, 'LQD': 0.0, 'HYG': 0.1, 'DBC': 0.1, 'GLD': 0.1, 'SHY': 0.0}",[],0.06351641326246833,0.0
2017-08-31,Expansion,"{'SPY': 0.35, 'QQQ': 0.2, 'IWM': 0.15, 'EFA': 0.0, 'EEM': 0.0, 'TLT': 0.0, 'IEF': 0.0, 'TIP': 0.0, 'LQD': 0.0, 'HYG': 0.1, 'DBC': 0.1, 'GLD': 0.1, 'SHY': 0.0}",[],0.07137339471582713,0.0
2017-09-29,Expansion,"{'SPY': 0.35, 'QQQ': 0.2, 'IWM': 0.15, 'EFA': 0.0, 'EEM': 0.0, 'TLT': 0.0, 'IEF': 0.0, 'TIP': 0.0, 'LQD': 0.0, 'HYG': 0.1, 'DBC': 0.1, 'GLD': 0.1, 'SHY': 0.0}",[],0.06120834970625676,0.0
2017-10-31,Expansion,"{'SPY': 0.35, 'QQQ': 0.2, 'IWM': 0.15, 'EFA': 0.0, 'EEM': 0.0, 'TLT': 0.0, 'IEF': 0.0, 'TIP': 0.0, 'LQD': 0.0, 'HYG': 0.1, 'DBC': 0.1, 'GLD': 0.1, 'SHY': 0.0}",[],0.06359990023820686,0.0
2017-11-30,Expansion,"{'SPY': 0.35, 'QQQ': 0.2, 'IWM': 0.15, 'EFA': 0.0, 'EEM': 0.0, 'TLT': 0.0, 'IEF': 0.0, 'TIP': 0.0, 'LQD': 0.0, 'HYG': 0.1, 'DBC': 0.1, 'GLD': 0.1, 'SHY': 0.0}",[],0.04925968600331561,0.0
2017-12-29,Expansion,"{'SPY': 0.35, 'QQQ': 0.2, 'IWM': 0.15, 'EFA': 0.0, 'EEM': 0.0, 'TLT': 0.0, 'IEF': 0.0, 'TIP': 0.0, 'LQD': 0.0, 'HYG': 0.1, 'DBC': 0.1, 'GLD': 0.1, 'SHY': 0.0}",[],0.053397857382395594,0.0
2018-01-31,Expansion,"{'SPY': 0.35, 'QQQ': 0.2, 'IWM': 0.15, 'EFA': 0.0, 'EEM': 0.0, 'TLT': 0.0, 'IEF': 0.0, 'TIP': 0.0, 'LQD': 0.0, 'HYG': 0.1, 'DBC': 0.1, 'GLD': 0.1, 'SHY': 0.0}",[],0.06293787459082198,0.0
2018-02-28,Expansion,"{'SPY': 0.2703488009791681, 'QQQ': 0.15448502913095322, 'IWM': 0.1158637718482149, 'EFA': 0.0, 'EEM': 0.0, 'TLT': 0.0, 'IEF': 0.0, 'TIP': 0.0, 'LQD': 0.0, 'HYG': 0.07724251456547661, 'DBC': 0.07724251456547661, 'GLD': 0.07724251456547661, 'SHY': 0.22757485434523395}",['Vol target'],0.12946238294098056,0.4551497086904679
2018-03-29,Expansion,"{'SPY': 0.24332500413832875, 'QQQ': 0.13904285950761644, 'IWM': 0.10428214463071232, 'EFA': 0.0, 'EEM': 0.0, 'TLT': 0.0, 'IEF': 0.0, 'TIP': 0.0, 'LQD': 0.0, 'HYG': 0.06952142975380822, 'DBC': 0.06952142975380822, 'GLD': 0.06952142975380822, 'SHY': 0.30478570246191783}",['Vol target'],0.1438405400379762,0.15442169623336774
2018-04-30,Expansion,"{'SPY': 0.23740517020496354, 'QQQ': 0.13566009725997918, 'IWM': 0.10174507294498439, 'EFA': 0.0, 'EEM': 0.0, 'TLT': 0.0, 'IEF': 0.0, 'TIP': 0.0, 'LQD': 0.0, 'HYG': 0.06783004862998959, 'DBC': 0.06783004862998959, 'GLD': 0.06783004862998959, 'SHY': 0.3216995137001041}",['Vol target'],0.1474272863130267,0.033827622476372526
2018-05-31,Expansion,"{'SPY': 0.35, 'QQQ': 0.2, 'IWM': 0.15, 'EFA': 0.0, 'EEM': 0.0, 'TLT': 0.0, 'IEF': 0.0, 'TIP': 0.0, 'LQD': 0.0, 'HYG': 0.1, 'DBC': 0.1, 'GLD': 0.1, 'SHY': 0.0}",[],0.09288291170741682,0.6433990274002083
2018-06-29,Expansion,"{'SPY': 0.35, 'QQQ': 0.2, 'IWM': 0.15, 'EFA': 0.0, 'EEM': 0.0, 'TLT': 0.0, 'IEF': 0.0, 'TIP': 0.0, 'LQD': 0.0, 'HYG': 0.1, 'DBC': 0.1, 'GLD': 0.1, 'SHY': 0.0}",[],0.07154827093456985,0.0
2018-07-31,Slowdown,"{'SPY': 0.2, 'QQQ': 0.1, 'IWM': 0.0, 'EFA': 0.0, 'EEM': 0.0, 'TLT': 0.25, 'IEF': 0.2, 'TIP': 0.0, 'LQD': 0.0, 'HYG': 0.0, 'DBC': 0.0, 'GLD': 0.15, 'SHY': 0.1}",[],0.07247858698027258,1.2000000000000002
2018-08-31,Slowdown,"{'SPY': 0.2, 'QQQ': 0.1, 'IWM': 0.0, 'EFA': 0.0, 'EEM': 0.0, 'TLT': 0.25, 'IEF': 0.2, 'TIP': 0.0, 'LQD': 0.0, 'HYG': 0.0, 'DBC': 0.0, 'GLD': 0.15, 'SHY': 0.1}",[],0.06859783920664443,0.0
2018-09-28,Contraction,"{'SPY': 0.0, 'QQQ': 0.0, 'IWM': 0.0, 'EFA': 0.0, 'EEM': 0.0, 'TLT': 0.45, 'IEF': 0.25, 'TIP': 0.0, 'LQD': 0.0, 'HYG': 0.0, 'DBC': 0.0, 'GLD': 0.15, 'SHY': 0.15}",[],0.05581822649385471,0.6000000000000001
2018-10-31,Contraction,"{'SPY': 0.0, 'QQQ': 0.0, 'IWM': 0.0, 'EFA': 0.0, 'EEM': 0.0, 'TLT': 0.45, 'IEF': 0.25, 'TIP': 0.0, 'LQD': 0.0, 'HYG': 0.0, 'DBC': 0.0, 'GLD': 0.15, 'SHY': 0.15}",[],0.052284177945290757,0.0
2018-11-30,Contraction,"{'SPY': 0.0, 'QQQ': 0.0, 'IWM': 0.0, 'EFA': 0.0, 'EEM': 0.0, 'TLT': 0.45, 'IEF': 0.25, 'TIP': 0.0, 'LQD': 0.0, 'HYG': 0.0, 'DBC': 0.0, 'GLD': 0.15, 'SHY': 0.15}",[],0.05227991603132701,0.0
2018-12-31,Contraction,"{'SPY': 0.0, 'QQQ': 0.0, 'IWM': 0.0, 'EFA': 0.0, 'EEM': 0.0, 'TLT': 0.45, 'IEF': 0.25, 'TIP': 0.0, 'LQD': 0.0, 'HYG': 0.0, 'DBC': 0.0, 'GLD': 0.15, 'SHY': 0.15}",[],0.05454558946550725,0.0
2019-01-31,Contraction,"{'SPY': 0.0, 'QQQ': 0.0, 'IWM': 0.0, 'EFA': 0.0, 'EEM': 0.0, 'TLT': 0.45, 'IEF': 0.25, 'TIP': 0.0, 'LQD': 0.0, 'HYG': 0.0, 'DBC': 0.0, 'GLD': 0.15, 'SHY': 0.15}",[],0.054140930544028944,0.0
2019-02-28,Contraction,"{'SPY': 0.0, 'QQQ': 0.0, 'IWM': 0.0, 'EFA': 0.0, 'EEM': 0.0, 'TLT': 0.45, 'IEF': 0.25, 'TIP': 0.0, 'LQD': 0.0, 'HYG': 0.0, 'DBC': 0.0, 'GLD': 0.15, 'SHY': 0.15}",[],0.060673712656552053,0.0
2019-03-29,Contraction,"{'SPY': 0.0, 'QQQ': 0.0, 'IWM': 0.0, 'EFA': 0.0, 'EEM': 0.0, 'TLT': 0.45, 'IEF': 0.25, 'TIP': 0.0, 'LQD': 0.0, 'HYG': 0.0, 'DBC': 0.0, 'GLD': 0.15, 'SHY': 0.15}",[],0.06216923815707968,0.0
2019-04-30,Contraction,"{'SPY': 0.0, 'QQQ': 0.0, 'IWM': 0.0, 'EFA': 0.0, 'EEM': 0.0, 'TLT': 0.45, 'IEF': 0.25, 'TIP': 0.0, 'LQD': 0.0, 'HYG': 0.0, 'DBC': 0.0, 'GLD': 0.15, 'SHY': 0.15}",[],0.06143115419134846,0.0
2019-05-31,Contraction,"{'SPY': 0.0, 'QQQ': 0.0, 'IWM': 0.0, 'EFA': 0.0, 'EEM': 0.0, 'TLT': 0.45, 'IEF': 0.25, 'TIP': 0.0, 'LQD': 0.0, 'HYG': 0.0, 'DBC': 0.0, 'GLD': 0.15, 'SHY': 0.15}",[],0.060689821104741186,0.0
2019-06-28,Contraction,"{'SPY': 0.0, 'QQQ': 0.0, 'IWM': 0.0, 'EFA': 0.0, 'EEM': 0.0, 'TLT': 0.45, 'IEF': 0.25, 'TIP': 0.0, 'LQD': 0.0, 'HYG': 0.0, 'DBC': 0.0, 'GLD': 0.15, 'SHY': 0.15}",[],0.05939478779483697,0.0
2019-07-31,Contraction,"{'SPY': 0.0, 'QQQ': 0.0, 'IWM': 0.0, 'EFA': 0.0, 'EEM': 0.0, 'TLT': 0.45, 'IEF': 0.25, 'TIP': 0.0, 'LQD': 0.0, 'HYG': 0.0, 'DBC': 0.0, 'GLD': 0.15, 'SHY': 0.15}",[],0.0672206694409249,0.0
2019-08-30,Contraction,"{'SPY': 0.0, 'QQQ': 0.0, 'IWM': 0.0, 'EFA': 0.0, 'EEM': 0.0, 'TLT': 0.45, 'IEF': 0.25, 'TIP': 0.0, 'LQD': 0.0, 'HYG': 0.0, 'DBC': 0.0, 'GLD': 0.15, 'SHY': 0.15}",[],0.08958418828940844,0.0
2019-09-30,Contraction,"{'SPY': 0.0, 'QQQ': 0.0, 'IWM': 0.0, 'EFA': 0.0, 'EEM': 0.0, 'TLT': 0.45, 'IEF': 0.25, 'TIP': 0.0, 'LQD': 0.0, 'HYG': 0.0, 'DBC': 0.0, 'GLD': 0.15, 'SHY': 0.15}",[],0.10389848349650797,0.0
2019-10-31,Contraction,"{'SPY': 0.0, 'QQQ': 0.0, 'IWM': 0.0, 'EFA': 0.0, 'EEM': 0.0, 'TLT': 0.45, 'IEF': 0.25, 'TIP': 0.0, 'LQD': 0.0, 'HYG': 0.0, 'DBC': 0.0, 'GLD': 0.15, 'SHY': 0.15}",[],0.10356705036696794,0.0
2019-11-29,Recovery,"{'SPY': 0.24999999999999994, 'QQQ': 0.14999999999999997, 'IWM': 0.0, 'EFA': 0.0, 'EEM': 0.0, 'TLT': 0.14999999999999997, 'IEF': 0.0, 'TIP': 0.0, 'LQD': 0.14999999999999997, 'HYG': 0.19999999999999996, 'DBC': 0.0, 'GLD': 0.09999999999999998, 'SHY': 0.0}",[],0.0906394918324778,1.4999999999999998
2019-12-31,Recovery,"{'SPY': 0.24999999999999994, 'QQQ': 0.14999999999999997, 'IWM': 0.0, 'EFA': 0.0, 'EEM': 0.0, 'TLT': 0.14999999999999997, 'IEF': 0.0, 'TIP': 0.0, 'LQD': 0.14999999999999997, 'HYG': 0.19999999999999996, 'DBC': 0.0, 'GLD': 0.09999999999999998, 'SHY': 0.0}",[],0.07121419778627917,0.0
2020-01-31,Recovery,"{'SPY': 0.24999999999999994, 'QQQ': 0.14999999999999997, 'IWM': 0.0, 'EFA': 0.0, 'EEM': 0.0, 'TLT': 0.14999999999999997, 'IEF': 0.0, 'TIP': 0.0, 'LQD': 0.14999999999999997, 'HYG': 0.19999999999999996, 'DBC': 0.0, 'GLD': 0.09999999999999998, 'SHY': 0.0}",[],0.056748464788309645,0.0
2020-02-28,Expansion,"{'SPY': 0.35, 'QQQ': 0.2, 'IWM': 0.15, 'EFA': 0.0, 'EEM': 0.0, 'TLT': 0.0, 'IEF': 0.0, 'TIP': 0.0, 'LQD': 0.0, 'HYG': 0.1, 'DBC': 0.1, 'GLD': 0.1, 'SHY': 0.0}",[],0.07132051390351858,0.7999999999999999
2020-03-31,Expansion,"{'SPY': 0.040614392278834094, 'QQQ': 0.023208224159333768, 'IWM': 0.017406168119500326, 'EFA': 0.0, 'EEM': 0.0, 'TLT': 0.0, 'IEF': 0.0, 'TIP': 0.0, 'LQD': 0.0, 'HYG': 0.011604112079666884, 'DBC': 0.011604112079666884, 'GLD': 0.011604112079666884, 'SHY': 0.8839588792033312}","['Vol target', 'Drawdown recovery']",0.430881739651685,1.7679177584066623
2020-04-30,Contraction,"{'SPY': 0.0, 'QQQ': 0.0, 'IWM': 0.0, 'EFA': 0.0, 'EEM': 0.0, 'TLT': 0.45, 'IEF': 0.25, 'TIP': 0.0, 'LQD': 0.0, 'HYG': 0.0, 'DBC': 0.0, 'GLD': 0.017422796966059896, 'SHY': 0.2825772030339401}","['Vol target', 'Drawdown recovery']",0.4304704930333639,1.411637369772786
2020-05-29,Contraction,"{'SPY': 0.0, 'QQQ': 0.0, 'IWM': 0.0, 'EFA': 0.0, 'EEM': 0.0, 'TLT': 0.45, 'IEF': 0.25, 'TIP': 0.0, 'LQD': 0.0, 'HYG': 0.0, 'DBC': 0.0, 'GLD': 0.01798594920378837, 'SHY': 0.2820140507962116}","['Vol target', 'Drawdown recovery']",0.4169921706673274,0.0011263044754569879
2020-06-30,Contraction,"{'SPY': 0.0, 'QQQ': 0.0, 'IWM': 0.0, 'EFA': 0.0, 'EEM': 0.0, 'TLT': 0.45, 'IEF': 0.25, 'TIP': 0.0, 'LQD': 0.0, 'HYG': 0.0, 'DBC': 0.0, 'GLD': 0.075, 'SHY': 0.2250000000000001}",['Drawdown recovery'],0.07154479807808578,0.11402810159242316
2020-07-31,Contraction,"{'SPY': 0.0, 'QQQ': 0.0, 'IWM': 0.0, 'EFA': 0.0, 'EEM': 0.0, 'TLT': 0.45, 'IEF': 0.25, 'TIP': 0.0, 'LQD': 0.0, 'HYG': 0.0, 'DBC': 0.0, 'GLD': 0.15, 'SHY': 0.15}",[],0.0720793228455248,0.15000000000000008
2020-08-31,Expansion,"{'SPY': 0.175, 'QQQ': 0.1, 'IWM': 0.075, 'EFA': 0.0, 'EEM': 0.0, 'TLT': 0.0, 'IEF': 0.0, 'TIP': 0.0, 'LQD': 0.0, 'HYG': 0.05, 'DBC': 0.05, 'GLD': 0.05, 'SHY': 0.5}",['Drawdown recovery'],0.07443111511490469,1.6
2020-09-30,Expansion,"{'SPY': 0.175, 'QQQ': 0.1, 'IWM': 0.075, 'EFA': 0.0, 'EEM': 0.0, 'TLT': 0.0, 'IEF': 0.0, 'TIP': 0.0, 'LQD': 0.0, 'HYG': 0.05, 'DBC': 0.05, 'GLD': 0.05, 'SHY': 0.5}",['Drawdown recovery'],0.08702077743164326,0.0
2020-10-30,Expansion,"{'SPY': 0.175, 'QQQ': 0.1, 'IWM': 0.075, 'EFA': 0.0, 'EEM': 0.0, 'TLT': 0.0, 'IEF': 0.0, 'TIP': 0.0, 'LQD': 0.0, 'HYG': 0.05, 'DBC': 0.05, 'GLD': 0.05, 'SHY': 0.5}",['Drawdown recovery'],0.09422287279218389,0.0
2020-11-30,Expansion,"{'SPY': 0.35, 'QQQ': 0.2, 'IWM': 0.15, 'EFA': 0.0, 'EEM': 0.0, 'TLT': 0.0, 'IEF': 0.0, 'TIP': 0.0, 'LQD': 0.0, 'HYG': 0.05, 'DBC': 0.1, 'GLD': 0.1, 'SHY': 0.05}",['HYG cap'],0.08598208880241708,0.9
2020-12-31,Expansion,"{'SPY': 0.35, 'QQQ': 0.2, 'IWM': 0.15, 'EFA': 0.0, 'EEM': 0.0, 'TLT': 0.0, 'IEF': 0.0, 'TIP': 0.0, 'LQD': 0.0, 'HYG': 0.1, 'DBC': 0.1, 'GLD': 0.1, 'SHY': 0.0}",[],0.07737953162675025,0.1
2021-01-29,Expansion,"{'SPY': 0.35, 'QQQ': 0.2, 'IWM': 0.15, 'EFA': 0.0, 'EEM': 0.0, 'TLT': 0.0, 'IEF': 0.0, 'TIP': 0.0, 'LQD': 0.0, 'HYG': 0.1, 'DBC': 0.1, 'GLD': 0.1, 'SHY': 0.0}",[],0.09586574099622211,0.0
2021-02-26,Expansion,"{'SPY': 0.35, 'QQQ': 0.2, 'IWM': 0.15, 'EFA': 0.0, 'EEM': 0.0, 'TLT': 0.0, 'IEF': 0.0, 'TIP': 0.0, 'LQD': 0.0, 'HYG': 0.1, 'DBC': 0.1, 'GLD': 0.1, 'SHY': 0.0}",[],0.11827533512938133,0.0
2021-03-31,Expansion,"{'SPY': 0.23126742436103231, 'QQQ': 0.13215281392058992, 'IWM': 0.09911461044044242, 'EFA': 0.0, 'EEM': 0.0, 'TLT': 0.0, 'IEF': 0.0, 'TIP': 0.0, 'LQD': 0.0, 'HYG': 0.06607640696029496, 'DBC': 0.06607640696029496, 'GLD': 0.06607640696029496, 'SHY': 0.3392359303970506}",['Vol target'],0.15133994809991652,0.678471860794101
2021-04-30,Expansion,"{'SPY': 0.2647691618444349, 'QQQ': 0.15129666391110566, 'IWM': 0.11347249793332924, 'EFA': 0.0, 'EEM': 0.0, 'TLT': 0.0, 'IEF': 0.0, 'TIP': 0.0, 'LQD': 0.0, 'HYG': 0.07564833195555283, 'DBC': 0.07564833195555283, 'GLD': 0.07564833195555283, 'SHY': 0.24351668044447172}",['Vol target'],0.13219062127999728,0.1914384999051576
2021-05-28,Expansion,"{'SPY': 0.35, 'QQQ': 0.2, 'IWM': 0.15, 'EFA': 0.0, 'EEM': 0.0, 'TLT': 0.0, 'IEF': 0.0, 'TIP': 0.0, 'LQD': 0.0, 'HYG': 0.1, 'DBC': 0.1, 'GLD': 0.1, 'SHY': 0.0}",[],0.11173610953070082,0.4870333608889434
2021-06-30,Expansion,"{'SPY': 0.35, 'QQQ': 0.2, 'IWM': 0.15, 'EFA': 0.0, 'EEM': 0.0, 'TLT': 0.0, 'IEF': 0.0, 'TIP': 0.0, 'LQD': 0.0, 'HYG': 0.1, 'DBC': 0.1, 'GLD': 0.1, 'SHY': 0.0}",[],0.0795272248368426,0.0
2021-07-30,Expansion,"{'SPY': 0.35, 'QQQ': 0.2, 'IWM': 0.15, 'EFA': 0.0, 'EEM': 0.0, 'TLT': 0.0, 'IEF': 0.0, 'TIP': 0.0, 'LQD': 0.0, 'HYG': 0.1, 'DBC': 0.1, 'GLD': 0.1, 'SHY': 0.0}",[],0.09454534554446617,0.0
2021-08-31,Expansion,"{'SPY': 0.35, 'QQQ': 0.2, 'IWM': 0.15, 'EFA': 0.0, 'EEM': 0.0, 'TLT': 0.0, 'IEF': 0.0, 'TIP': 0.0, 'LQD': 0.0, 'HYG': 0.1, 'DBC': 0.1, 'GLD': 0.1, 'SHY': 0.0}",[],0.09180241266993214,0.0
2021-09-30,Slowdown,"{'SPY': 0.2, 'QQQ': 0.1, 'IWM': 0.0, 'EFA': 0.0, 'EEM': 0.0, 'TLT': 0.25, 'IEF': 0.2, 'TIP': 0.0, 'LQD': 0.0, 'HYG': 0.0, 'DBC': 0.0, 'GLD': 0.15, 'SHY': 0.1}",[],0.1030004702244967,1.2000000000000002
2021-10-29,Slowdown,"{'SPY': 0.2, 'QQQ': 0.1, 'IWM': 0.0, 'EFA': 0.0, 'EEM': 0.0, 'TLT': 0.25, 'IEF': 0.2, 'TIP': 0.0, 'LQD': 0.0, 'HYG': 0.0, 'DBC': 0.0, 'GLD': 0.15, 'SHY': 0.1}",[],0.08841626169700872,0.0
2021-11-30,Slowdown,"{'SPY': 0.2, 'QQQ': 0.1, 'IWM': 0.0, 'EFA': 0.0, 'EEM': 0.0, 'TLT': 0.25, 'IEF': 0.2, 'TIP': 0.0, 'LQD': 0.0, 'HYG': 0.0, 'DBC': 0.0, 'GLD': 0.15, 'SHY': 0.1}",[],0.08325453323578066,0.0
2021-12-31,Slowdown,"{'SPY': 0.2, 'QQQ': 0.1, 'IWM': 0.0, 'EFA': 0.0, 'EEM': 0.0, 'TLT': 0.25, 'IEF': 0.2, 'TIP': 0.0, 'LQD': 0.0, 'HYG': 0.0, 'DBC': 0.0, 'GLD': 0.15, 'SHY': 0.1}",[],0.06044898739409455,0.0
2022-01-31,Contraction,"{'SPY': 0.0, 'QQQ': 0.0, 'IWM': 0.0, 'EFA': 0.0, 'EEM': 0.0, 'TLT': 0.45, 'IEF': 0.25, 'TIP': 0.0, 'LQD': 0.0, 'HYG': 0.0, 'DBC': 0.0, 'GLD': 0.15, 'SHY': 0.15}",[],0.07369683417108414,0.6000000000000001
2022-02-28,Contraction,"{'SPY': 0.0, 'QQQ': 0.0, 'IWM': 0.0, 'EFA': 0.0, 'EEM': 0.0, 'TLT': 0.45, 'IEF': 0.25, 'TIP': 0.0, 'LQD': 0.0, 'HYG': 0.0, 'DBC': 0.0, 'GLD': 0.15, 'SHY': 0.15}",[],0.08563744712156587,0.0
2022-03-31,Contraction,"{'SPY': 0.0, 'QQQ': 0.0, 'IWM': 0.0, 'EFA': 0.0, 'EEM': 0.0, 'TLT': 0.45, 'IEF': 0.25, 'TIP': 0.0, 'LQD': 0.0, 'HYG': 0.0, 'DBC': 0.0, 'GLD': 0.15, 'SHY': 0.15}",[],0.11734683290974954,0.0
2022-04-29,Contraction,"{'SPY': 0.0, 'QQQ': 0.0, 'IWM': 0.0, 'EFA': 0.0, 'EEM': 0.0, 'TLT': 0.45, 'IEF': 0.25, 'TIP': 0.0, 'LQD': 0.0, 'HYG': 0.0, 'DBC': 0.0, 'GLD': 0.061264392596752, 'SHY': 0.2387356074032481}","['Vol target', 'Drawdown recovery']",0.12242021314674098,0.17747121480649608
2022-05-31,Contraction,"{'SPY': 0.0, 'QQQ': 0.0, 'IWM': 0.0, 'EFA': 0.0, 'EEM': 0.0, 'TLT': 0.45, 'IEF': 0.25, 'TIP': 0.0, 'LQD': 0.0, 'HYG': 0.0, 'DBC': 0.0, 'GLD': 0.075, 'SHY': 0.2250000000000001}",['Drawdown recovery'],0.11667369308073382,0.027471214806495996
2022-06-30,Contraction,"{'SPY': 0.0, 'QQQ': 0.0, 'IWM': 0.0, 'EFA': 0.0, 'EEM': 0.0, 'TLT': 0.45, 'IEF': 0.25, 'TIP': 0.0, 'LQD': 0.0, 'HYG': 0.0, 'DBC': 0.0, 'GLD': 0.05910158567058882, 'SHY': 0.24089841432941128}","['Vol target', 'Drawdown recovery']",0.12690014853074041,0.03179682865882237
2022-07-29,Contraction,"{'SPY': 0.0, 'QQQ': 0.0, 'IWM': 0.0, 'EFA': 0.0, 'EEM': 0.0, 'TLT': 0.45, 'IEF': 0.25, 'TIP': 0.0, 'LQD': 0.0, 'HYG': 0.0, 'DBC': 0.0, 'GLD': 0.059772274007448986, 'SHY': 0.240227725992551}","['Vol target', 'Drawdown recovery']",0.12547623667564212,0.0013413766737204597
2022-08-31,Contraction,"{'SPY': 0.0, 'QQQ': 0.0, 'IWM': 0.0, 'EFA': 0.0, 'EEM': 0.0, 'TLT': 0.45, 'IEF': 0.25, 'TIP': 0.0, 'LQD': 0.0, 'HYG': 0.0, 'DBC': 0.0, 'GLD': 0.060171596062136484, 'SHY': 0.2398284039378635}","['Vol target', 'Drawdown recovery']",0.12464352769128959,0.0007986441093749824
2022-09-30,Contraction,"{'SPY': 0.0, 'QQQ': 0.0, 'IWM': 0.0, 'EFA': 0.0, 'EEM': 0.0, 'TLT': 0.45, 'IEF': 0.25, 'TIP': 0.0, 'LQD': 0.0, 'HYG': 0.0, 'DBC': 0.0, 'GLD': 0.05932761655143075, 'SHY': 0.24067238344856934}","['Vol target', 'Drawdown recovery']",0.126416674661088,0.0016879590214115697
2022-10-31,Contraction,"{'SPY': 0.0, 'QQQ': 0.0, 'IWM': 0.0, 'EFA': 0.0, 'EEM': 0.0, 'TLT': 0.45, 'IEF': 0.25, 'TIP': 0.0, 'LQD': 0.0, 'HYG': 0.0, 'DBC': 0.0, 'GLD': 0.061643682520463004, 'SHY': 0.238356317479537}","['Vol target', 'Drawdown recovery']",0.12166696883351069,0.004632131938064589
2022-11-30,Contraction,"{'SPY': 0.0, 'QQQ': 0.0, 'IWM': 0.0, 'EFA': 0.0, 'EEM': 0.0, 'TLT': 0.45, 'IEF': 0.25, 'TIP': 0.0, 'LQD': 0.0, 'HYG': 0.0, 'DBC': 0.0, 'GLD': 0.05653446213994495, 'SHY': 0.24346553786005504}","['Vol target', 'Drawdown recovery']",0.13266244545556233,0.010218440761036084
2022-12-30,Contraction,"{'SPY': 0.0, 'QQQ': 0.0, 'IWM': 0.0, 'EFA': 0.0, 'EEM': 0.0, 'TLT': 0.45, 'IEF': 0.25, 'TIP': 0.0, 'LQD': 0.0, 'HYG': 0.0, 'DBC': 0.0, 'GLD': 0.05797603768444094, 'SHY': 0.24202396231555906}","['Vol target', 'Drawdown recovery']",0.12936379062021996,0.002883151088991967
2023-01-31,Contraction,"{'SPY': 0.0, 'QQQ': 0.0, 'IWM': 0.0, 'EFA': 0.0, 'EEM': 0.0, 'TLT': 0.45, 'IEF': 0.25, 'TIP': 0.0, 'LQD': 0.0, 'HYG': 0.0, 'DBC': 0.0, 'GLD': 0.11503835401453183, 'SHY': 0.18496164598546816}",['Vol target'],0.13039129539444885,0.11412463266018179
2023-02-28,Contraction,"{'SPY': 0.0, 'QQQ': 0.0, 'IWM': 0.0, 'EFA': 0.0, 'EEM': 0.0, 'TLT': 0.45, 'IEF': 0.25, 'TIP': 0.0, 'LQD': 0.0, 'HYG': 0.0, 'DBC': 0.0, 'GLD': 0.061337453406477456, 'SHY': 0.23866254659352254}","['Vol target', 'Drawdown recovery']",0.12227439490026126,0.10740180121610876
2023-03-31,Contraction,"{'SPY': 0.0, 'QQQ': 0.0, 'IWM': 0.0, 'EFA': 0.0, 'EEM': 0.0, 'TLT': 0.45, 'IEF': 0.25, 'TIP': 0.0, 'LQD': 0.0, 'HYG': 0.0, 'DBC': 0.0, 'GLD': 0.1187187855714899, 'SHY': 0.18128121442851008}",['Vol target'],0.1263490013631189,0.11476266433002491
2023-04-28,Recovery,"{'SPY': 0.20692141838600966, 'QQQ': 0.1241528510316058, 'IWM': 0.0, 'EFA': 0.0, 'EEM': 0.0, 'TLT': 0.15, 'IEF': 0.0, 'TIP': 0.0, 'LQD': 0.1241528510316058, 'HYG': 0.16553713470880774, 'DBC': 0.0, 'GLD': 0.08276856735440387, 'SHY': 0.14646717748756724}",['Vol target'],0.12081881225733129,1.241528510316058
2023-05-31,Recovery,"{'SPY': 0.24999999999999994, 'QQQ': 0.14999999999999997, 'IWM': 0.0, 'EFA': 0.0, 'EEM': 0.0, 'TLT': 0.14999999999999997, 'IEF': 0.0, 'TIP': 0.0, 'LQD': 0.14999999999999997, 'HYG': 0.19999999999999996, 'DBC': 0.0, 'GLD': 0.09999999999999998, 'SHY': 0.0}",[],0.10819210337805553,0.2929343549751342
2023-06-30,Recovery,"{'SPY': 0.24999999999999994, 'QQQ': 0.14999999999999997, 'IWM': 0.0, 'EFA': 0.0, 'EEM': 0.0, 'TLT': 0.14999999999999997, 'IEF': 0.0, 'TIP': 0.0, 'LQD': 0.14999999999999997, 'HYG': 0.19999999999999996, 'DBC': 0.0, 'GLD': 0.09999999999999998, 'SHY': 0.0}",[],0.081894983605869,0.0
2023-07-31,Expansion,"{'SPY': 0.35, 'QQQ': 0.2, 'IWM': 0.15, 'EFA': 0.0, 'EEM': 0.0, 'TLT': 0.0, 'IEF': 0.0, 'TIP': 0.0, 'LQD': 0.0, 'HYG': 0.1, 'DBC': 0.1, 'GLD': 0.1, 'SHY': 0.0}",[],0.07779189502128658,0.7999999999999999
2023-08-31,Expansion,"{'SPY': 0.35, 'QQQ': 0.2, 'IWM': 0.15, 'EFA': 0.0, 'EEM': 0.0, 'TLT': 0.0, 'IEF': 0.0, 'TIP': 0.0, 'LQD': 0.0, 'HYG': 0.1, 'DBC': 0.1, 'GLD': 0.1, 'SHY': 0.0}",[],0.09582427063746056,0.0
2023-09-29,Expansion,"{'SPY': 0.175, 'QQQ': 0.1, 'IWM': 0.075, 'EFA': 0.0, 'EEM': 0.0, 'TLT': 0.0, 'IEF': 0.0, 'TIP': 0.0, 'LQD': 0.0, 'HYG': 0.05, 'DBC': 0.05, 'GLD': 0.05, 'SHY': 0.5}",['Drawdown recovery'],0.09910480867591301,1.0
2023-10-31,Expansion,"{'SPY': 0.175, 'QQQ': 0.1, 'IWM': 0.075, 'EFA': 0.0, 'EEM': 0.0, 'TLT': 0.0, 'IEF': 0.0, 'TIP': 0.0, 'LQD': 0.0, 'HYG': 0.05, 'DBC': 0.05, 'GLD': 0.05, 'SHY': 0.5}",['Drawdown recovery'],0.08624816756170424,0.0
2023-11-30,Expansion,"{'SPY': 0.35, 'QQQ': 0.2, 'IWM': 0.15, 'EFA': 0.0, 'EEM': 0.0, 'TLT': 0.0, 'IEF': 0.0, 'TIP': 0.0, 'LQD': 0.0, 'HYG': 0.1, 'DBC': 0.1, 'GLD': 0.1, 'SHY': 0.0}",[],0.07416071398222361,1.0
2023-12-29,Expansion,"{'SPY': 0.35, 'QQQ': 0.2, 'IWM': 0.15, 'EFA': 0.0, 'EEM': 0.0, 'TLT': 0.0, 'IEF': 0.0, 'TIP': 0.0, 'LQD': 0.0, 'HYG': 0.1, 'DBC': 0.1, 'GLD': 0.1, 'SHY': 0.0}",[],0.07869826877799038,0.0
2024-01-31,Expansion,"{'SPY': 0.35, 'QQQ': 0.2, 'IWM': 0.15, 'EFA': 0.0, 'EEM': 0.0, 'TLT': 0.0, 'IEF': 0.0, 'TIP': 0.0, 'LQD': 0.0, 'HYG': 0.1, 'DBC': 0.1, 'GLD': 0.1, 'SHY': 0.0}",[],0.09262890595336598,0.0
2024-02-29,Expansion,"{'SPY': 0.35, 'QQQ': 0.2, 'IWM': 0.15, 'EFA': 0.0, 'EEM': 0.0, 'TLT': 0.0, 'IEF': 0.0, 'TIP': 0.0, 'LQD': 0.0, 'HYG': 0.1, 'DBC': 0.1, 'GLD': 0.1, 'SHY': 0.0}",[],0.10527572002925747,0.0
2024-03-28,Expansion,"{'SPY': 0.35, 'QQQ': 0.2, 'IWM': 0.15, 'EFA': 0.0, 'EEM': 0.0, 'TLT': 0.0, 'IEF': 0.0, 'TIP': 0.0, 'LQD': 0.0, 'HYG': 0.1, 'DBC': 0.1, 'GLD': 0.1, 'SHY': 0.0}",[],0.09797168165394024,0.0
2024-04-30,Expansion,"{'SPY': 0.35, 'QQQ': 0.2, 'IWM': 0.15, 'EFA': 0.0, 'EEM': 0.0, 'TLT': 0.0, 'IEF': 0.0, 'TIP': 0.0, 'LQD': 0.0, 'HYG': 0.1, 'DBC': 0.1, 'GLD': 0.1, 'SHY': 0.0}",[],0.10675680367824907,0.0
2024-05-31,Slowdown,"{'SPY': 0.2, 'QQQ': 0.1, 'IWM': 0.0, 'EFA': 0.0, 'EEM': 0.0, 'TLT': 0.25, 'IEF': 0.2, 'TIP': 0.0, 'LQD': 0.0, 'HYG': 0.0, 'DBC': 0.0, 'GLD': 0.15, 'SHY': 0.1}",[],0.10048724488598582,1.2000000000000002
2024-06-28,Slowdown,"{'SPY': 0.2, 'QQQ': 0.1, 'IWM': 0.0, 'EFA': 0.0, 'EEM': 0.0, 'TLT': 0.25, 'IEF': 0.2, 'TIP': 0.0, 'LQD': 0.0, 'HYG': 0.0, 'DBC': 0.0, 'GLD': 0.15, 'SHY': 0.1}",[],0.1031722957076817,0.0
2024-07-31,Slowdown,"{'SPY': 0.2, 'QQQ': 0.1, 'IWM': 0.0, 'EFA': 0.0, 'EEM': 0.0, 'TLT': 0.25, 'IEF': 0.2, 'TIP': 0.0, 'LQD': 0.0, 'HYG': 0.0, 'DBC': 0.0, 'GLD': 0.15, 'SHY': 0.1}",[],0.08940303943458983,0.0
2024-08-30,Slowdown,"{'SPY': 0.2, 'QQQ': 0.1, 'IWM': 0.0, 'EFA': 0.0, 'EEM': 0.0, 'TLT': 0.25, 'IEF': 0.2, 'TIP': 0.0, 'LQD': 0.0, 'HYG': 0.0, 'DBC': 0.0, 'GLD': 0.15, 'SHY': 0.1}",[],0.08652589865973004,0.0
2024-09-30,Slowdown,"{'SPY': 0.2, 'QQQ': 0.1, 'IWM': 0.0, 'EFA': 0.0, 'EEM': 0.0, 'TLT': 0.25, 'IEF': 0.2, 'TIP': 0.0, 'LQD': 0.0, 'HYG': 0.0, 'DBC': 0.0, 'GLD': 0.15, 'SHY': 0.1}",[],0.07942569652449072,0.0
2024-10-31,Slowdown,"{'SPY': 0.2, 'QQQ': 0.1, 'IWM': 0.0, 'EFA': 0.0, 'EEM': 0.0, 'TLT': 0.25, 'IEF': 0.2, 'TIP': 0.0, 'LQD': 0.0, 'HYG': 0.0, 'DBC': 0.0, 'GLD': 0.15, 'SHY': 0.1}",[],0.06533176822629444,0.0
2024-11-29,Slowdown,"{'SPY': 0.2, 'QQQ': 0.1, 'IWM': 0.0, 'EFA': 0.0, 'EEM': 0.0, 'TLT': 0.25, 'IEF': 0.2, 'TIP': 0.0, 'LQD': 0.0, 'HYG': 0.0, 'DBC': 0.0, 'GLD': 0.15, 'SHY': 0.1}",[],0.06806399246056426,0.0
2024-12-31,Slowdown,"{'SPY': 0.2, 'QQQ': 0.1, 'IWM': 0.0, 'EFA': 0.0, 'EEM': 0.0, 'TLT': 0.25, 'IEF': 0.2, 'TIP': 0.0, 'LQD': 0.0, 'HYG': 0.0, 'DBC': 0.0, 'GLD': 0.15, 'SHY': 0.1}",[],0.07705338205254886,0.0
2025-01-31,Slowdown,"{'SPY': 0.2, 'QQQ': 0.1, 'IWM': 0.0, 'EFA': 0.0, 'EEM': 0.0, 'TLT': 0.25, 'IEF': 0.2, 'TIP': 0.0, 'LQD': 0.0, 'HYG': 0.0, 'DBC': 0.0, 'GLD': 0.15, 'SHY': 0.1}",[],0.08089840883967328,0.0
2025-02-28,Slowdown,"{'SPY': 0.2, 'QQQ': 0.1, 'IWM': 0.0, 'EFA': 0.0, 'EEM': 0.0, 'TLT': 0.25, 'IEF': 0.2, 'TIP': 0.0, 'LQD': 0.0, 'HYG': 0.0, 'DBC': 0.0, 'GLD': 0.15, 'SHY': 0.1}",[],0.08085328107551958,0.0
2025-03-31,Slowdown,"{'SPY': 0.2, 'QQQ': 0.1, 'IWM': 0.0, 'EFA': 0.0, 'EEM': 0.0, 'TLT': 0.25, 'IEF': 0.2, 'TIP': 0.0, 'LQD': 0.0, 'HYG': 0.0, 'DBC': 0.0, 'GLD': 0.15, 'SHY': 0.1}",[],0.07206027751449647,0.0
2025-04-30,Slowdown,"{'SPY': 0.15517049866188581, 'QQQ': 0.07758524933094291, 'IWM': 0.0, 'EFA': 0.0, 'EEM': 0.0, 'TLT': 0.25, 'IEF': 0.2, 'TIP': 0.0, 'LQD': 0.0, 'HYG': 0.0, 'DBC': 0.0, 'GLD': 0.11637787399641433, 'SHY': 0.200866378010757}",['Vol target'],0.12889047964961242,0.20173275602151394
2025-05-30,Contraction,"{'SPY': 0.0, 'QQQ': 0.0, 'IWM': 0.0, 'EFA': 0.0, 'EEM': 0.0, 'TLT': 0.45, 'IEF': 0.25, 'TIP': 0.0, 'LQD': 0.0, 'HYG': 0.0, 'DBC': 0.0, 'GLD': 0.1197078570483312, 'SHY': 0.1802921429516688}",['Vol target'],0.1253050582464596,0.5066599661038338
2025-06-30,Slowdown,"{'SPY': 0.15557835856090832, 'QQQ': 0.07778917928045416, 'IWM': 0.0, 'EFA': 0.0, 'EEM': 0.0, 'TLT': 0.25, 'IEF': 0.2, 'TIP': 0.0, 'LQD': 0.0, 'HYG': 0.0, 'DBC': 0.0, 'GLD': 0.11668376892068123, 'SHY': 0.19994869323795633}",['Vol target'],0.12855258395190022,0.5060481762553
2025-07-31,Slowdown,"{'SPY': 0.2, 'QQQ': 0.1, 'IWM': 0.0, 'EFA': 0.0, 'EEM': 0.0, 'TLT': 0.25, 'IEF': 0.2, 'TIP': 0.0, 'LQD': 0.0, 'HYG': 0.0, 'DBC': 0.0, 'GLD': 0.15, 'SHY': 0.1}",[],0.0647245239924475,0.19989738647591263
2025-08-29,Slowdown,"{'SPY': 0.2, 'QQQ': 0.1, 'IWM': 0.0, 'EFA': 0.0, 'EEM': 0.0, 'TLT': 0.25, 'IEF': 0.2, 'TIP': 0.0, 'LQD': 0.0, 'HYG': 0.0, 'DBC': 0.0, 'GLD': 0.15, 'SHY': 0.1}",[],0.0605657684069993,0.0
2025-09-30,Slowdown,"{'SPY': 0.2, 'QQQ': 0.1, 'IWM': 0.0, 'EFA': 0.0, 'EEM': 0.0, 'TLT': 0.25, 'IEF': 0.2, 'TIP': 0.0, 'LQD': 0.0, 'HYG': 0.0, 'DBC': 0.0, 'GLD': 0.15, 'SHY': 0.1}",[],0.053745886629494095,0.0
2025-10-31,Slowdown,"{'SPY': 0.2, 'QQQ': 0.1, 'IWM': 0.0, 'EFA': 0.0, 'EEM': 0.0, 'TLT': 0.25, 'IEF': 0.2, 'TIP': 0.0, 'LQD': 0.0, 'HYG': 0.0, 'DBC': 0.0, 'GLD': 0.15, 'SHY': 0.1}",[],0.05847745556128776,0.0
2025-11-28,Slowdown,"{'SPY': 0.2, 'QQQ': 0.1, 'IWM': 0.0, 'EFA': 0.0, 'EEM': 0.0, 'TLT': 0.25, 'IEF': 0.2, 'TIP': 0.0, 'LQD': 0.0, 'HYG': 0.0, 'DBC': 0.0, 'GLD': 0.15, 'SHY': 0.1}",[],0.0642392192081902,0.0
2025-12-31,Slowdown,"{'SPY': 0.2, 'QQQ': 0.1, 'IWM': 0.0, 'EFA': 0.0, 'EEM': 0.0, 'TLT': 0.25, 'IEF': 0.2, 'TIP': 0.0, 'LQD': 0.0, 'HYG': 0.0, 'DBC': 0.0, 'GLD': 0.15, 'SHY': 0.1}",[],0.06636606306935461,0.0
2026-01-30,Slowdown,"{'SPY': 0.2, 'QQQ': 0.1, 'IWM': 0.0, 'EFA': 0.0, 'EEM': 0.0, 'TLT': 0.25, 'IEF': 0.2, 'TIP': 0.0, 'LQD': 0.0, 'HYG': 0.0, 'DBC': 0.0, 'GLD': 0.15, 'SHY': 0.1}",[],0.07540168144245325,0.0
2026-02-27,Slowdown,"{'SPY': 0.2, 'QQQ': 0.1, 'IWM': 0.0, 'EFA': 0.0, 'EEM': 0.0, 'TLT': 0.25, 'IEF': 0.2, 'TIP': 0.0, 'LQD': 0.0, 'HYG': 0.0, 'DBC': 0.0, 'GLD': 0.15, 'SHY': 0.1}",[],0.07342841195090374,0.0
2026-03-31,Slowdown,"{'SPY': 0.2, 'QQQ': 0.1, 'IWM': 0.0, 'EFA': 0.0, 'EEM': 0.0, 'TLT': 0.25, 'IEF': 0.2, 'TIP': 0.0, 'LQD': 0.0, 'HYG': 0.0, 'DBC': 0.0, 'GLD': 0.15, 'SHY': 0.1}",[],0.10214688938474752,0.0
2026-04-30,Slowdown,"{'SPY': 0.2, 'QQQ': 0.1, 'IWM': 0.0, 'EFA': 0.0, 'EEM': 0.0, 'TLT': 0.25, 'IEF': 0.2, 'TIP': 0.0, 'LQD': 0.0, 'HYG': 0.0, 'DBC': 0.0, 'GLD': 0.15, 'SHY': 0.1}",[],0.09824624207381785,0.0
2026-05-29,Slowdown,"{'SPY': 0.2, 'QQQ': 0.1, 'IWM': 0.0, 'EFA': 0.0, 'EEM': 0.0, 'TLT': 0.25, 'IEF': 0.2, 'TIP': 0.0, 'LQD': 0.0, 'HYG': 0.0, 'DBC': 0.0, 'GLD': 0.15, 'SHY': 0.1}",[],0.10358512396002188,0.0
2026-06-08,Slowdown,"{'SPY': 0.2, 'QQQ': 0.1, 'IWM': 0.0, 'EFA': 0.0, 'EEM': 0.0, 'TLT': 0.25, 'IEF': 0.2, 'TIP': 0.0, 'LQD': 0.0, 'HYG': 0.0, 'DBC': 0.0, 'GLD': 0.15, 'SHY': 0.1}",[],0.10730821428770007,0.0
